RestaurantID,City,Area,RestaurantName,CuisineTypes,AverageMealPrice,AverageRating,TotalRatings,EstimatedOrders,EstimatedRevenue,DeliveryTimeMinutes,DiscountPercentage,DeliveryPartner,Address,LastUpdatedDate
1,Bangalore,BTM Layout,Cafe Biryani Zone,"Desserts, Biryani, Chinese",298,4,570,1871,557558,21,10,Swiggy Genie,"82, Cherian Nagar, Nellore 644458",22-06-2025
2,Delhi,Rohini,Cafe Andhra Junction,Fast Food,1039,4,13311,1387,1441093,75,0,Regular Delivery,"56, Keer Circle, Danapur 990322",03-08-2025
3,Mumbai,Powai,Biryani Biryani Point,"Pizza, Biryani, Mughlai",898,3,13935,435,390630,42,25,Regular Delivery,"H.No. 70, Kota Road, Machilipatnam-412843",16-02-2026
4,Mumbai,Lower Parel,Royal Arabian Grill,Mughlai,860,4,11593,1946,1673560,24,0,Swiggy One,"44/56, Balasubramanian Nagar, Bhagalpur 777343",07-11-2025
5,Bangalore,Indiranagar,Street Italian Factory,Mughlai,453,3.6,3482,664,300792,62,25,Regular Delivery,"06, Soman Circle, Sultan Pur Majra-200495",21-12-2025
6,Hyderabad,Hitech City,Food Ice Cream Zone,"Burgers, Desserts",569,4.2,13859,1956,1112964,69,0,Swiggy Genie,"H.No. 449, Mander Chowk, Proddatur-677593",18-02-2026
7,Chennai,Adyar,Cafe Seafood Junction,"Chinese, Biryani, Arabian",1142,3.6,10582,2249,2568358,49,15,Swiggy Genie,"70, Lalla Marg, Dibrugarh 762339",18-09-2025
8,Hyderabad,Hitech City,Food Bakery Junction,"Andhra, Italian, Arabian",403,3.9,1539,978,394134,68,0,Swiggy Genie,"32/54, Agarwal Chowk, Machilipatnam 518218",01-09-2025
9,Hyderabad,Banjara Hills,Food Italian Zone,Mughlai,634,4.8,14153,4478,2839052,20,10,Swiggy One,"68/42, Dugal Nagar, Ajmer-554349",02-01-2026
10,Chennai,Anna Nagar,Spice Ice Cream Zone,"Andhra, Chinese, Desserts",485,3.9,1793,4238,2055430,75,25,Regular Delivery,"05/989, Bhardwaj Chowk, Satna-860128",10-10-2025
11,Hyderabad,Gachibowli,Express North Indian Grill,"Burgers, Ice Cream, Mughlai",783,3.8,1882,2041,1598103,43,25,Swiggy Genie,"55, Babu Circle, Thrissur-405925",23-08-2025
12,Hyderabad,Hitech City,Cafe Healthy Food Point,Chinese,377,3.1,7837,2251,848627,55,15,Regular Delivery,"57/29, Sehgal Chowk, Bhusawal-594282",22-10-2025
13,Delhi,Dwarka,Street Mughlai Factory,"Fast Food, Bakery",1017,4.7,7447,1920,1952640,27,20,Swiggy Genie,"19, Dhingra Chowk, Pallavaram-643082",26-02-2026
14,Chennai,Anna Nagar,Royal South Indian Junction,"Desserts, North Indian",258,4.7,14134,4291,1107078,41,10,Swiggy Genie,"H.No. 319, Gera Marg, Bhilai-919510",19-06-2025
15,Chennai,Adyar,Delight Healthy Food Junction,"Pizza, Bakery",1088,4.5,3169,3611,3928768,26,10,Swiggy One,"73, Dayal Circle, Sikar 875114",04-01-2026
16,Mumbai,Dadar,Royal South Indian Treats,"South Indian, Seafood, Italian, Andhra",814,4.5,1840,1638,1333332,35,20,Regular Delivery,"43/688, Upadhyay Zila, Sri Ganganagar-263812",17-01-2026
17,Mumbai,Bandra,Royal Italian Zone,"Burgers, Pizza, Desserts, Biryani",320,2.9,8906,844,270080,73,0,Swiggy Genie,"724, Mahal, Buxar 190489",03-04-2026
18,Hyderabad,Banjara Hills,Spice Burgers Treats,"Healthy Food, Biryani, Andhra, Fast Food",124,4.9,4395,2416,299584,70,50,Swiggy One,"86, Chadha Path, Katni 207768",19-01-2026
19,Delhi,Dwarka,Tandoori South Indian Grill,"Fast Food, Pizza",244,4.4,986,4199,1024556,23,50,Regular Delivery,"H.No. 56, Karpe Marg, Siwan 834693",02-02-2026
20,Hyderabad,Madhapur,Royal Chinese Junction,Burgers,946,3.1,14636,4822,4561612,56,20,Regular Delivery,"688, Magar Road, Raiganj 172643",17-10-2025
21,Bangalore,Jayanagar,House Seafood Palace,Andhra,538,4.2,5197,3322,1787236,35,25,Swiggy Genie,"00, Rajan Zila, Chandigarh-117693",16-12-2025
22,Chennai,Adyar,Delight Biryani Point,"Chinese, North Indian, Desserts",556,3.9,2220,2081,1157036,42,10,Swiggy One,"91, Banerjee Nagar, Hospet-623586",30-11-2025
23,Chennai,Velachery,Express North Indian Zone,"Arabian, Healthy Food, Mughlai, Seafood",733,4.8,1747,1025,751325,28,25,Swiggy Genie,"H.No. 63, Kala Road, Gandhidham-134062",20-02-2026
24,Delhi,Saket,Cafe Seafood Junction,"Arabian, Healthy Food, Biryani",660,3.9,4164,836,551760,74,0,Regular Delivery,"H.No. 49, Mane Marg, Dibrugarh-879922",14-03-2026
25,Mumbai,Powai,Biryani Pizza Palace,North Indian,450,4.4,9088,4674,2103300,65,40,Swiggy Genie,"01/38, Dube, Serampore 487455",02-02-2026
26,Bangalore,BTM Layout,Biryani Pizza Treats,"South Indian, Andhra",381,2.9,6024,3011,1147191,70,0,Swiggy Genie,"18/92, Atwal Nagar, Durg-764031",15-09-2025
27,Hyderabad,Madhapur,Urban Desserts Corner,"Andhra, Arabian, Bakery",482,4.7,456,3452,1663864,31,30,Regular Delivery,"49/784, Choudhry Nagar, Kurnool 781418",28-02-2026
28,Hyderabad,Kukatpally,Spice Healthy Food Junction,"Biryani, Fast Food",528,4.5,7591,1944,1026432,42,25,Swiggy Genie,"H.No. 077, Batra Zila, Bhubaneswar-155345",22-02-2026
29,Bangalore,Indiranagar,Street Bakery Zone,"Seafood, Pizza, Andhra, South Indian",938,4.2,13872,306,287028,54,30,Swiggy Genie,"H.No. 765, Kibe, Amritsar 321730",11-09-2025
30,Chennai,Velachery,Food Bakery Factory,"South Indian, Healthy Food, Arabian",1013,4.1,8429,4803,4865439,27,40,Swiggy Genie,"H.No. 725, Dave Chowk, Loni-503262",17-06-2025
31,Chennai,Anna Nagar,House Fast Food Factory,"North Indian, Ice Cream, Mughlai, Italian",1003,2.9,10932,1100,1103300,41,30,Regular Delivery,"84/892, Buch Road, Bhusawal 175416",18-01-2026
32,Chennai,OMR,Cafe Arabian Zone,"Andhra, Burgers, Fast Food",380,3.2,10944,4742,1801960,44,15,Swiggy One,"81/15, Suri Chowk, Amravati-454036",05-10-2025
33,Mumbai,Lower Parel,Street Fast Food Treats,Arabian,779,3.8,7294,4267,3323993,63,20,Swiggy One,"66, Lalla Ganj, Ajmer 707245",12-01-2026
34,Hyderabad,Madhapur,Tandoori Arabian Junction,"Seafood, South Indian, Andhra",527,3.1,807,676,356252,35,50,Swiggy One,"H.No. 818, Bava Marg, Solapur 587480",02-10-2025
35,Mumbai,Lower Parel,Food Desserts Corner,"Mughlai, Desserts",131,4.7,14147,3562,466622,69,10,Swiggy Genie,"82/64, Agrawal Chowk, Hindupur 487264",14-09-2025
36,Hyderabad,Hitech City,Kitchen Pizza World,"South Indian, Ice Cream, Biryani, Healthy Food",769,4.8,14655,4568,3512792,48,40,Swiggy One,"965, Kapur Chowk, Ranchi-540181",09-12-2025
37,Hyderabad,Banjara Hills,Street Healthy Food Junction,"Ice Cream, Mughlai, Biryani, Seafood",682,3.7,11740,2305,1572010,38,20,Swiggy One,"37, Dhar Ganj, Hospet-071123",11-01-2026
38,Chennai,OMR,Urban Desserts Treats,Pizza,432,4.3,1102,2790,1205280,46,40,Regular Delivery,"H.No. 233, Kota Road, Dindigul 183816",05-01-2026
39,Mumbai,Dadar,Food Mughlai Grill,Fast Food,160,4.6,12593,3987,637920,56,40,Swiggy Genie,"27/15, Dutt Path, Farrukhabad-395729",30-08-2025
40,Chennai,T Nagar,Express Desserts World,"Andhra, Ice Cream, Bakery, Healthy Food",569,3.4,8006,2833,1611977,21,40,Regular Delivery,"279, Bora, South Dumdum-056331",21-10-2025
41,Mumbai,Bandra,Food North Indian Point,"Pizza, Arabian, Ice Cream, North Indian",997,3.1,7614,2211,2204367,31,0,Swiggy One,"04/65, Arora Street, Kavali 329996",25-12-2025
42,Chennai,Velachery,Street Andhra Palace,"Seafood, Burgers, Mughlai, Fast Food",287,3.8,12322,2946,845502,54,0,Swiggy Genie,"H.No. 68, Kulkarni Ganj, Amritsar-045989",18-03-2026
43,Bangalore,BTM Layout,Tandoori North Indian Grill,Desserts,432,3.3,7808,4700,2030400,62,10,Swiggy Genie,"62, Jhaveri, Muzaffarnagar 236255",18-05-2026
44,Mumbai,Powai,Cafe Biryani Corner,"Burgers, Arabian, Italian",757,3,470,3329,2520053,39,40,Regular Delivery,"H.No. 76, Soni Path, Nanded 744682",06-02-2026
45,Hyderabad,Madhapur,Street Biryani Grill,"Biryani, Bakery",204,3.5,7068,644,131376,62,30,Regular Delivery,"H.No. 261, Hans Path, Udupi-079402",18-09-2025
46,Chennai,Anna Nagar,House Italian Corner,"Healthy Food, South Indian, Fast Food, Burgers",1011,3.2,8598,4488,4537368,61,25,Swiggy One,"148, Buch Path, Tiruvottiyur-635212",06-07-2025
47,Mumbai,Dadar,Royal Ice Cream World,"Seafood, Andhra, Biryani",619,4.4,9386,2835,1754865,59,40,Swiggy Genie,"55/20, Bassi Marg, Dehradun-829595",24-02-2026
48,Mumbai,Powai,Biryani Ice Cream Factory,"Healthy Food, Biryani",692,4.6,11538,4312,2983904,37,0,Swiggy Genie,"H.No. 484, Din Nagar, Hapur-967807",19-06-2025
49,Bangalore,Indiranagar,Cafe Healthy Food World,"Healthy Food, Ice Cream, Mughlai, Biryani",1037,4.5,1574,3392,3517504,38,20,Regular Delivery,"H.No. 65, Zacharia Chowk, Surendranagar Dudhrej 659567",20-10-2025
50,Hyderabad,Kukatpally,Biryani Andhra Zone,"Healthy Food, Ice Cream, Italian",797,3.5,7484,2139,1704783,37,25,Swiggy Genie,"H.No. 109, Kara Nagar, Malegaon 177505",02-06-2025
51,Bangalore,Indiranagar,Cafe Burgers Junction,"Biryani, Bakery, Ice Cream",563,4.4,4580,903,508389,66,25,Swiggy Genie,"H.No. 900, Agate Circle, Bhagalpur 147595",23-04-2026
52,Chennai,Velachery,Cafe Pizza Palace,"Burgers, Pizza, North Indian",213,4.8,9116,4101,873513,38,15,Swiggy Genie,"69/21, Bora Marg, Tiruchirappalli 578251",12-03-2026
53,Bangalore,Jayanagar,Biryani Burgers Hub,"Healthy Food, Desserts, Italian",637,4.8,7877,3362,2141594,27,10,Swiggy One,"H.No. 24, Kade, Dhule-238121",15-06-2025
54,Bangalore,Jayanagar,Urban Arabian Point,Pizza,628,3,12574,4360,2738080,46,20,Swiggy One,"456, Lad Path, Tadepalligudem 280485",25-01-2026
55,Mumbai,Dadar,Delight South Indian Grill,"Andhra, Pizza, Arabian",323,4.8,3454,2247,725781,60,20,Regular Delivery,"H.No. 93, Deshpande Street, Mumbai 345404",15-10-2025
56,Bangalore,Indiranagar,Royal Burgers Hub,"Burgers, Ice Cream",956,3.7,9779,347,331732,50,25,Swiggy Genie,"97, Handa Ganj, Faridabad-133342",04-06-2025
57,Chennai,T Nagar,House Fast Food Treats,"Chinese, Seafood, Biryani, Pizza",355,3.9,10660,1245,441975,29,25,Swiggy Genie,"H.No. 76, Dugal Path, Chennai 485092",02-04-2026
58,Bangalore,Indiranagar,Kitchen Arabian Treats,"Arabian, Desserts, South Indian",677,3.9,8140,4979,3370783,48,10,Swiggy Genie,"H.No. 45, Doshi Path, Pondicherry 984281",06-08-2025
59,Mumbai,Powai,House North Indian Palace,"North Indian, South Indian, Biryani",202,4.4,2920,2358,476316,50,50,Swiggy Genie,"27/964, Dada Path, Bareilly-553646",03-04-2026
60,Delhi,Dwarka,Biryani Seafood Point,"Chinese, Desserts, Burgers, Fast Food",449,3.5,11415,3360,1508640,51,25,Regular Delivery,"276, Jha Zila, Bijapur-270684",20-06-2025
61,Bangalore,Whitefield,Street Seafood Point,Seafood,947,4.6,13565,3465,3281355,20,50,Swiggy Genie,"877, Mammen Road, Imphal 296796",09-09-2025
62,Hyderabad,Hitech City,Spice Fast Food Palace,"Healthy Food, Seafood, Desserts",388,4.7,7228,1074,416712,64,50,Swiggy Genie,"913, Babu Road, Baranagar-051587",01-06-2025
63,Delhi,Saket,Spice Andhra Point,"Arabian, Ice Cream",580,4.9,1908,1341,777780,49,10,Swiggy One,"22, Bumb Chowk, Bhatpara 905685",26-06-2025
64,Chennai,OMR,Kitchen Desserts World,"Andhra, Healthy Food, Desserts",416,3.6,9870,651,270816,52,15,Swiggy One,"H.No. 46, Gupta Path, Muzaffarpur-584959",02-12-2025
65,Mumbai,Powai,Street Healthy Food Corner,"North Indian, Pizza, Bakery",1034,3.9,5704,3810,3939540,41,40,Swiggy One,"H.No. 627, Sundaram Chowk, Kavali-914218",26-11-2025
66,Hyderabad,Gachibowli,Spice Seafood World,"Desserts, Andhra, Mughlai, Fast Food",900,3.6,10923,4137,3723300,70,15,Swiggy Genie,"H.No. 902, Dayal, Haldia-979632",21-09-2025
67,Hyderabad,Hitech City,Kitchen Biryani Zone,"Biryani, Andhra, Italian",1055,2.8,2411,692,730060,46,15,Swiggy One,"H.No. 84, Bains, Bhiwani 236806",25-07-2025
68,Chennai,T Nagar,Express Mughlai Factory,"Chinese, Andhra, Burgers, Seafood",1119,4.6,638,2003,2241357,59,10,Regular Delivery,"602, Sastry, Vijayanagaram-991094",20-02-2026
69,Chennai,Velachery,Royal Biryani World,Andhra,460,4.3,14851,2737,1259020,21,0,Swiggy Genie,"25/781, D’Alia Chowk, Miryalaguda 630145",01-05-2026
70,Chennai,T Nagar,Express Andhra Grill,"Andhra, Chinese, Biryani",488,3.2,1343,2052,1001376,59,40,Swiggy One,"54/076, Sani Nagar, Kishanganj-770851",31-12-2025
71,Delhi,Saket,Street Italian Palace,"Italian, Seafood",139,4.7,7672,685,95215,38,15,Swiggy One,"40/757, Bedi Street, Kurnool 078190",01-05-2026
72,Chennai,OMR,Kitchen Arabian Junction,"Andhra, Bakery, Pizza",907,4.6,1797,4765,4321855,35,40,Swiggy One,"H.No. 80, Saini Ganj, North Dumdum 700490",24-05-2026
73,Delhi,Karol Bagh,Food Ice Cream Hub,"North Indian, Andhra, Seafood",220,4.7,12258,1965,432300,51,25,Regular Delivery,"H.No. 278, Korpal Street, Hospet 863328",08-01-2026
74,Chennai,Velachery,Cafe Pizza Point,"Ice Cream, Seafood",200,3.4,7272,1156,231200,22,30,Swiggy Genie,"96, Walla Path, Bilaspur-751756",18-07-2025
75,Chennai,T Nagar,Express Bakery Zone,"Burgers, Biryani, Chinese, Mughlai",1147,4.7,13656,4027,4618969,30,25,Swiggy One,"55/95, Goswami Zila, Malda 465291",08-11-2025
76,Chennai,Anna Nagar,House Mughlai Zone,"Chinese, Healthy Food, Mughlai, Biryani",869,3,6514,4475,3888775,20,25,Swiggy Genie,"00/76, D’Alia Zila, Thoothukudi 667315",29-08-2025
77,Mumbai,Powai,Biryani Biryani Junction,"Mughlai, Andhra, Seafood",1085,2.9,14537,1893,2053905,55,30,Regular Delivery,"50/138, Cherian Circle, Gorakhpur-145394",22-03-2026
78,Bangalore,Whitefield,Spice South Indian Palace,"Andhra, South Indian, Chinese",1128,3,3896,3263,3680664,54,15,Swiggy One,"H.No. 584, Singhal Marg, Jabalpur-928073",13-09-2025
79,Chennai,OMR,Royal Healthy Food Grill,"Pizza, Italian, Fast Food, Seafood",955,4.8,4633,1859,1775345,22,30,Swiggy One,"39/256, Deep Ganj, Jammu-137569",17-12-2025
80,Mumbai,Bandra,Express Bakery Hub,"Biryani, Seafood, Burgers",935,3.4,2051,830,776050,74,50,Regular Delivery,"H.No. 58, Amble, Vijayawada-094090",29-01-2026
81,Hyderabad,Hitech City,Biryani Desserts Corner,South Indian,540,2.9,12586,4883,2636820,55,20,Swiggy Genie,"H.No. 31, Hegde Ganj, Gulbarga-918306",29-08-2025
82,Hyderabad,Kukatpally,Urban Pizza Zone,"North Indian, Pizza",633,4.5,1851,1159,733647,62,0,Swiggy Genie,"825, Hans, Ambarnath-873221",24-09-2025
83,Chennai,Velachery,Spice Pizza Treats,"North Indian, Chinese, Pizza",1197,3,1091,3045,3644865,50,50,Regular Delivery,"56/10, Sahota Marg, Bikaner 273339",12-08-2025
84,Delhi,Connaught Place,House Arabian World,"Desserts, Arabian, North Indian, Bakery",183,2.9,7897,3572,653676,74,40,Regular Delivery,"01/827, Dada Marg, Thane 029815",23-05-2026
85,Bangalore,Whitefield,Delight Pizza Point,"Chinese, Italian, South Indian, Burgers",378,3.4,10422,3200,1209600,57,30,Regular Delivery,"H.No. 680, Dutt, Bihar Sharif 708317",22-12-2025
86,Delhi,Karol Bagh,Royal Fast Food Treats,"Andhra, South Indian, Mughlai, Bakery",1044,4.7,6829,3346,3493224,41,50,Swiggy One,"H.No. 376, Mangat Marg, North Dumdum 280303",06-09-2025
87,Bangalore,Koramangala,Urban Healthy Food Point,"Seafood, Healthy Food, Pizza, Burgers",306,4.5,1577,3132,958392,47,10,Swiggy Genie,"H.No. 79, Mani Street, Nangloi Jat 200096",07-07-2025
88,Delhi,Connaught Place,House Andhra Hub,"Biryani, Fast Food, Burgers",709,4.1,5811,1347,955023,26,20,Regular Delivery,"H.No. 367, Datta Ganj, Muzaffarnagar-609115",27-06-2025
89,Mumbai,Bandra,Express Bakery Point,Bakery,690,4,13275,2270,1566300,47,0,Swiggy Genie,"70/767, Kalla Chowk, Sambalpur 746356",24-12-2025
90,Hyderabad,Kukatpally,Urban Pizza Grill,"Seafood, Burgers, North Indian",940,2.9,12190,831,781140,60,0,Regular Delivery,"49/373, Rege Ganj, Rohtak-323556",03-08-2025
91,Delhi,Saket,Biryani Arabian Factory,"Andhra, Desserts, Burgers, Chinese",293,4.7,2599,748,219164,30,0,Swiggy One,"871, Soman Street, Rourkela 555288",07-01-2026
92,Mumbai,Dadar,Express Biryani Factory,"Italian, Fast Food, Pizza, Biryani",1000,3,11161,4396,4396000,63,50,Regular Delivery,"98/82, Uppal Zila, Bokaro 689311",18-02-2026
93,Chennai,Anna Nagar,Spice North Indian Junction,"Mughlai, Arabian",737,4.8,12622,2451,1806387,28,25,Swiggy One,"H.No. 62, Saini Circle, Karaikudi 254541",13-12-2025
94,Bangalore,BTM Layout,Express Desserts Zone,"Andhra, Chinese, Italian, Fast Food",845,3,14169,3653,3086785,67,0,Swiggy Genie,"H.No. 25, Taneja Zila, Meerut 117594",18-12-2025
95,Mumbai,Andheri,Cafe Andhra Palace,"Andhra, Arabian, Fast Food",355,3.7,5371,3044,1080620,30,50,Swiggy Genie,"552, Batra Street, Bongaigaon 294735",04-02-2026
96,Mumbai,Andheri,Food Chinese Treats,"Andhra, Arabian",755,4.4,3680,705,532275,41,15,Regular Delivery,"H.No. 956, Yohannan Path, Jehanabad 577386",21-02-2026
97,Bangalore,Jayanagar,Cafe Pizza Junction,"Bakery, Burgers",330,3.1,3282,697,230010,31,15,Swiggy Genie,"32/516, Acharya Nagar, Khandwa 767249",20-04-2026
98,Mumbai,Dadar,Urban Italian Point,"Seafood, Andhra, Healthy Food, Burgers",1080,3.7,5011,4924,5317920,70,25,Swiggy Genie,"H.No. 608, Sinha Road, Motihari 828178",10-05-2026
99,Chennai,OMR,Kitchen Italian Hub,Arabian,236,3.6,4753,4946,1167256,24,10,Regular Delivery,"54/061, Dugal, Latur-624069",14-05-2026
100,Mumbai,Dadar,Delight Fast Food Factory,Italian,1094,3.9,1063,2893,3164942,48,10,Regular Delivery,"H.No. 808, Goel Road, Gurgaon 344147",09-10-2025
101,Bangalore,Jayanagar,Cafe Italian World,"South Indian, Biryani",1193,3.9,2650,2397,2859621,43,30,Swiggy One,"514, Sarraf Zila, Mahbubnagar-724207",17-08-2025
102,Mumbai,Powai,Royal Seafood Point,Seafood,911,3.4,11907,2810,2559910,74,15,Swiggy Genie,"H.No. 32, Biswas Street, Guntakal 230637",10-12-2025
103,Delhi,Saket,House Mughlai Corner,"Arabian, Seafood, Bakery",293,3.5,6221,1126,329918,61,30,Regular Delivery,"46, Khare Path, Avadi 773879",02-10-2025
104,Delhi,Connaught Place,Urban Fast Food Factory,"Bakery, North Indian, Burgers, Pizza",1115,3.2,2303,2503,2790845,29,10,Swiggy Genie,"73/269, Ganguly Path, Sambalpur 736253",03-12-2025
105,Delhi,Rohini,Delight Pizza Grill,Seafood,891,3.1,3012,3665,3265515,73,15,Swiggy Genie,"H.No. 55, Amble Marg, Jorhat 216210",29-06-2025
106,Mumbai,Powai,Street Italian Junction,"Italian, Arabian",609,3.4,13298,1669,1016421,70,50,Swiggy One,"H.No. 42, Kar Circle, Proddatur-426658",31-03-2026
107,Delhi,Dwarka,Express Andhra Corner,"Arabian, Mughlai, Fast Food, Ice Cream",528,4.5,2317,507,267696,75,25,Regular Delivery,"76/88, Sura Zila, Jodhpur 362817",25-07-2025
108,Mumbai,Powai,Street Chinese Corner,Biryani,678,3.7,8460,831,563418,29,40,Swiggy Genie,"882, Hayre Nagar, Surendranagar Dudhrej-684592",28-05-2025
109,Mumbai,Powai,Spice Mughlai Zone,Andhra,885,3.3,1387,310,274350,43,20,Swiggy One,"H.No. 972, Venkataraman Street, Satara-115041",03-02-2026
110,Bangalore,Koramangala,Street Healthy Food Corner,"Pizza, North Indian",1080,3.7,136,2176,2350080,25,0,Swiggy Genie,"70/73, Ganesh Marg, Malda 048071",25-01-2026
111,Hyderabad,Hitech City,Street Biryani Hub,"Biryani, Mughlai, Pizza, Healthy Food",608,3.7,13057,594,361152,59,50,Swiggy Genie,"H.No. 288, Kanda Path, Hazaribagh-756836",13-10-2025
112,Mumbai,Lower Parel,Cafe Pizza Palace,Desserts,999,2.8,5830,1614,1612386,35,40,Regular Delivery,"23/05, Varkey Street, Hindupur 523963",21-07-2025
113,Bangalore,Jayanagar,Express North Indian Treats,"Chinese, Ice Cream, Italian",1082,2.9,6388,213,230466,43,25,Swiggy One,"18, Chandran Ganj, Karimnagar 525181",06-11-2025
114,Bangalore,Koramangala,Delight Seafood Corner,"Biryani, Mughlai",210,3.5,5596,3886,816060,72,15,Regular Delivery,"H.No. 18, Grover, Kavali 264560",27-01-2026
115,Mumbai,Bandra,Kitchen South Indian Palace,"Chinese, Bakery",532,2.9,3318,2620,1393840,22,30,Regular Delivery,"79, Chacko, Srinagar-823120",25-09-2025
116,Mumbai,Lower Parel,Tandoori Arabian Factory,"Ice Cream, North Indian, Mughlai, Seafood",217,4.6,5488,3094,671398,37,10,Swiggy One,"800, Rout Ganj, Danapur-956956",01-11-2025
117,Mumbai,Dadar,Kitchen Bakery Zone,"Seafood, Chinese, Desserts, Bakery",666,4.5,11962,3607,2402262,47,10,Regular Delivery,"H.No. 36, Sanghvi Zila, Ludhiana 284853",27-01-2026
118,Hyderabad,Hitech City,Biryani Arabian Palace,"Seafood, South Indian, Italian",1033,4.1,7031,2959,3056647,30,50,Swiggy One,"90/72, Zachariah Road, Raurkela Industrial Township-368695",12-10-2025
119,Bangalore,Koramangala,Royal Mughlai Factory,"Ice Cream, Seafood, Mughlai, North Indian",1170,4.5,11181,1249,1461330,30,0,Regular Delivery,"56/062, Aurora Nagar, Panchkula-887366",16-04-2026
120,Mumbai,Andheri,House Bakery Factory,"Chinese, Biryani",904,4.8,580,3765,3403560,58,15,Swiggy One,"H.No. 852, Kuruvilla Ganj, Adoni 399187",16-12-2025
121,Chennai,Adyar,Express Bakery Treats,Pizza,763,4.2,4139,1604,1223852,27,0,Swiggy One,"H.No. 23, Singhal Ganj, Rajkot 715088",11-10-2025
122,Delhi,Dwarka,Street Italian Junction,Ice Cream,704,4.3,8097,1191,838464,32,10,Swiggy Genie,"15/17, Gaba Zila, Vijayawada 492800",25-05-2025
123,Mumbai,Bandra,House Bakery Point,"Chinese, Mughlai, Seafood, Burgers",714,4.7,13998,3041,2171274,30,15,Regular Delivery,"H.No. 821, Bora Ganj, Saharanpur 374395",05-04-2026
124,Hyderabad,Madhapur,Kitchen North Indian Factory,"Pizza, Biryani",875,3.8,9088,618,540750,28,10,Swiggy One,"893, Gaba, Kanpur-984112",31-01-2026
125,Mumbai,Dadar,Urban Seafood Point,"Andhra, Healthy Food, Arabian, South Indian",1041,3.8,8526,4596,4784436,42,15,Regular Delivery,"610, Amble Street, Malegaon 418334",20-01-2026
126,Delhi,Saket,Spice Biryani Zone,"Andhra, Ice Cream",433,3.4,2703,2914,1261762,40,20,Regular Delivery,"69/982, Batta Chowk, Nellore 103691",17-10-2025
127,Chennai,Anna Nagar,Street Pizza Palace,"Fast Food, Seafood, Ice Cream",311,3.9,2812,1482,460902,57,15,Regular Delivery,"86/437, Shetty Circle, Kirari Suleman Nagar 548984",18-10-2025
128,Delhi,Rohini,Spice Chinese Hub,"South Indian, Andhra, Italian",662,4.2,12615,328,217136,56,40,Swiggy One,"H.No. 81, Tara Marg, Madanapalle 797033",10-06-2025
129,Delhi,Karol Bagh,House Mughlai Palace,"Healthy Food, Biryani, Mughlai",1048,3,1031,3484,3651232,30,50,Swiggy One,"43, Mahajan Path, Darbhanga-940436",11-12-2025
130,Mumbai,Bandra,Cafe Seafood Factory,"Pizza, Burgers, Andhra",936,3.1,6120,2694,2521584,52,10,Swiggy Genie,"H.No. 95, Deep Path, Raurkela Industrial Township-971271",17-03-2026
131,Mumbai,Andheri,Royal South Indian Palace,"Italian, Biryani, Chinese",906,4.6,6900,2762,2502372,35,15,Regular Delivery,"H.No. 35, Kanda Circle, Kakinada 148591",06-04-2026
132,Chennai,Velachery,Kitchen Healthy Food Palace,"Healthy Food, Ice Cream",1138,2.8,6492,2052,2335176,52,50,Swiggy Genie,"05/46, Choudhury Ganj, Malegaon-859419",31-12-2025
133,Delhi,Karol Bagh,Street Healthy Food Grill,South Indian,1083,3.4,183,3610,3909630,74,10,Swiggy Genie,"26, Doctor Ganj, Darbhanga-646463",18-09-2025
134,Chennai,T Nagar,Delight Fast Food Factory,"Bakery, North Indian, Fast Food, Italian",711,3,8311,1053,748683,48,25,Swiggy Genie,"00/068, Loyal Zila, Dhule-256156",04-04-2026
135,Bangalore,Whitefield,Urban Fast Food Grill,"Seafood, Ice Cream, Burgers",1162,3.6,709,1202,1396724,22,0,Regular Delivery,"92/59, Dass Chowk, Panchkula 998934",30-05-2025
136,Chennai,Adyar,Biryani Seafood Corner,"Pizza, Arabian, Ice Cream, Chinese",924,4.9,12163,4943,4567332,73,25,Swiggy One,"49/715, Hans Street, Jaunpur-694456",23-03-2026
137,Delhi,Rohini,Biryani Seafood Point,"Arabian, Desserts, Andhra, North Indian",973,4,13104,4969,4834837,66,0,Swiggy One,"99/863, Dey Path, Danapur-024961",03-06-2025
138,Chennai,OMR,Kitchen Burgers Zone,"South Indian, Arabian",898,3.1,11203,4770,4283460,35,0,Regular Delivery,"782, Sunder Path, Silchar 034862",04-10-2025
139,Bangalore,Indiranagar,Biryani Andhra Corner,Italian,965,4.3,6773,590,569350,52,50,Regular Delivery,"429, Bakshi Chowk, Durg-916010",07-09-2025
140,Hyderabad,Hitech City,Kitchen Mughlai Factory,"Seafood, Healthy Food",474,3.8,8784,2245,1064130,41,30,Regular Delivery,"H.No. 263, Goyal Nagar, Ballia-145884",27-09-2025
141,Mumbai,Bandra,Street Desserts Palace,"Ice Cream, Healthy Food",711,4.3,11358,2677,1903347,65,50,Swiggy One,"55/05, Anand Marg, Chandigarh 552878",05-10-2025
142,Chennai,OMR,House Mughlai Treats,"Arabian, South Indian, Healthy Food",826,4.8,13232,424,350224,29,25,Swiggy One,"15/78, Handa Street, Jammu-229874",25-10-2025
143,Bangalore,Koramangala,Tandoori Ice Cream Zone,"Ice Cream, Bakery, Desserts, Biryani",676,3.1,10137,2066,1396616,67,20,Swiggy Genie,"H.No. 70, Sood Road, Ghaziabad-362538",06-04-2026
144,Delhi,Saket,Food Seafood World,"South Indian, Healthy Food",325,4.2,2302,3413,1109225,20,15,Regular Delivery,"15/93, Sabharwal Path, Bharatpur 152030",13-03-2026
145,Mumbai,Dadar,Street South Indian Point,"Arabian, Burgers",595,3.9,11897,1514,900830,74,0,Swiggy One,"H.No. 19, Chakraborty Street, Bareilly 507266",11-06-2025
146,Hyderabad,Madhapur,Spice North Indian Palace,"Healthy Food, Chinese, Bakery, Pizza",339,4.7,5539,4530,1535670,38,50,Regular Delivery,"04/76, Chandra Road, Bhiwani 514284",29-10-2025
147,Mumbai,Bandra,Biryani Burgers World,"Ice Cream, Biryani, Mughlai, South Indian",646,4.3,280,2496,1612416,67,30,Regular Delivery,"62/05, Dhaliwal Nagar, Mira-Bhayandar-626069",25-08-2025
148,Hyderabad,Gachibowli,Food Biryani Corner,"Andhra, Ice Cream, Burgers, South Indian",407,3.8,4114,3222,1311354,20,25,Swiggy Genie,"191, Brar Ganj, Giridih-414431",25-08-2025
149,Mumbai,Powai,Delight North Indian Palace,"Arabian, Healthy Food, Bakery",856,4.3,1067,3892,3331552,62,10,Swiggy One,"72/22, Mangal Circle, Allahabad-308846",07-04-2026
150,Hyderabad,Banjara Hills,Biryani Desserts Junction,"Biryani, Seafood, Pizza",393,3.8,7504,3486,1369998,67,30,Regular Delivery,"21/812, Deol, Jaipur-938480",05-09-2025
151,Delhi,Dwarka,Delight Chinese Zone,"Desserts, Seafood",1034,3.9,5977,585,604890,24,10,Regular Delivery,"055, Kala Zila, Tiruchirappalli-763386",26-01-2026
152,Delhi,Saket,Express Italian Point,"Burgers, Healthy Food",540,4.3,8058,535,288900,25,50,Swiggy One,"99/63, Ray Marg, Hazaribagh 750849",23-12-2025
153,Hyderabad,Hitech City,Kitchen Arabian Hub,"Italian, Arabian, North Indian, Ice Cream",930,3.3,99,4817,4479810,67,20,Swiggy Genie,"720, Behl Street, Dibrugarh 517668",22-02-2026
154,Bangalore,Whitefield,Royal Healthy Food Hub,"Chinese, Ice Cream, North Indian",707,3.7,12648,3147,2224929,28,40,Swiggy One,"98, Dar Street, Nizamabad 008348",09-01-2026
155,Mumbai,Dadar,Urban Bakery Point,"Chinese, Seafood, Italian, Ice Cream",485,4.9,6489,1904,923440,53,15,Swiggy Genie,"H.No. 60, Rau Path, Mehsana-076546",28-10-2025
156,Bangalore,Koramangala,Tandoori Italian Factory,"Andhra, Ice Cream, Fast Food, Biryani",437,3.4,14389,343,149891,66,10,Regular Delivery,"H.No. 316, Contractor Zila, Shahjahanpur 127701",12-01-2026
157,Mumbai,Lower Parel,Tandoori Chinese Point,Desserts,188,3.7,11060,2084,391792,65,0,Regular Delivery,"74/814, Borde Zila, Ahmednagar 773623",14-07-2025
158,Bangalore,Whitefield,Spice Pizza Zone,"Desserts, Ice Cream, Biryani, Mughlai",712,3.3,12035,4810,3424720,56,30,Regular Delivery,"H.No. 54, Ganesh Circle, Kanpur 428605",17-11-2025
159,Chennai,Velachery,Tandoori Andhra Palace,"Pizza, Seafood, Ice Cream",683,2.9,9743,3579,2444457,67,15,Regular Delivery,"72/855, Chowdhury, Ahmednagar 923234",04-09-2025
160,Mumbai,Andheri,Biryani Andhra Treats,"Mughlai, Healthy Food, Ice Cream",425,3.4,3062,2054,872950,68,50,Swiggy Genie,"698, Vyas Marg, Jabalpur 403256",04-12-2025
161,Chennai,Velachery,Express Pizza Treats,"South Indian, Ice Cream, Fast Food, Andhra",617,3.3,5461,3764,2322388,61,10,Swiggy One,"31/243, Dalal Chowk, Ujjain-766173",05-02-2026
162,Bangalore,Jayanagar,Food South Indian Point,"South Indian, Pizza",505,4.5,9676,4007,2023535,66,20,Swiggy Genie,"H.No. 39, Rau Circle, Gopalpur-319039",08-11-2025
163,Chennai,T Nagar,Tandoori Biryani World,Fast Food,616,4.3,11580,2040,1256640,33,40,Regular Delivery,"62, Ahluwalia Nagar, Nagpur 678402",22-05-2026
164,Chennai,T Nagar,Street Ice Cream Factory,"Italian, Ice Cream, Seafood, Burgers",1170,4.7,7685,2703,3162510,26,50,Swiggy Genie,"H.No. 873, Gara Circle, Srinagar 006427",26-02-2026
165,Chennai,T Nagar,Cafe Pizza Hub,"South Indian, Arabian, Andhra, Biryani",654,4,9618,2498,1633692,57,40,Swiggy Genie,"H.No. 596, Chandra Circle, Tadepalligudem 336086",09-09-2025
166,Hyderabad,Kukatpally,Tandoori Healthy Food Zone,"Mughlai, Arabian",811,3.3,13510,3855,3126405,51,50,Swiggy Genie,"26, Sen Chowk, Sri Ganganagar-279124",12-12-2025
167,Chennai,Velachery,Express South Indian Zone,"Healthy Food, Chinese",189,4.6,1267,132,24948,72,0,Swiggy One,"H.No. 72, Zacharia, Malda 040953",19-11-2025
168,Hyderabad,Gachibowli,Spice Fast Food Zone,Pizza,1053,3.6,10172,4076,4292028,60,50,Swiggy Genie,"363, Raval Path, Vasai-Virar-859968",25-09-2025
169,Bangalore,Jayanagar,Street Arabian Hub,"North Indian, Healthy Food, Ice Cream, Bakery",1148,4.5,11093,956,1097488,47,15,Swiggy Genie,"H.No. 490, Dhar Circle, Tezpur-666477",09-01-2026
170,Delhi,Saket,Express Ice Cream Factory,"Fast Food, Arabian",667,4.5,1344,3840,2561280,43,40,Regular Delivery,"303, Kala Path, Jhansi 396876",18-04-2026
171,Hyderabad,Gachibowli,House South Indian Point,"Chinese, Seafood, Andhra",950,3.6,9105,157,149150,50,0,Regular Delivery,"H.No. 71, Bakshi Road, Panchkula 381042",03-02-2026
172,Hyderabad,Madhapur,Delight Biryani Zone,"Andhra, Seafood, Mughlai, Burgers",207,3.3,14816,2300,476100,75,50,Swiggy Genie,"89/587, Bali Path, Ambarnath-510245",17-04-2026
173,Bangalore,Koramangala,Biryani North Indian Junction,Burgers,415,4.4,11727,710,294650,72,40,Swiggy One,"77/980, Banerjee Street, Ongole-149570",21-02-2026
174,Hyderabad,Hitech City,Express Seafood Treats,"Mughlai, Seafood",406,4.5,11343,4182,1697892,66,10,Regular Delivery,"54/797, Madan, Madhyamgram 115256",23-02-2026
175,Chennai,Anna Nagar,Tandoori Chinese Factory,Andhra,932,4.8,5397,3770,3513640,21,25,Swiggy One,"H.No. 52, Som Marg, Uluberia-711846",29-06-2025
176,Hyderabad,Kukatpally,House Mughlai Point,"Andhra, Chinese, Seafood, Arabian",724,4.5,11733,2275,1647100,24,10,Swiggy Genie,"H.No. 65, Chatterjee Circle, Narasaraopet 841339",15-09-2025
177,Mumbai,Bandra,Spice Arabian World,"Seafood, Burgers, South Indian, Andhra",857,4.4,1724,1615,1384055,28,10,Swiggy One,"H.No. 094, Dara Ganj, Karimnagar-675940",14-01-2026
178,Mumbai,Lower Parel,Express Chinese Grill,"Biryani, North Indian, South Indian, Burgers",784,4.6,252,3256,2552704,38,40,Swiggy Genie,"H.No. 34, Bal Zila, Karimnagar-409982",18-06-2025
179,Delhi,Saket,Urban Ice Cream Palace,"Mughlai, Chinese",669,3.8,1086,2340,1565460,30,40,Swiggy One,"99/056, Dhar Zila, Raipur-234100",26-08-2025
180,Chennai,Adyar,Street Desserts World,Bakery,520,3.8,2269,3321,1726920,39,0,Swiggy One,"93/408, Dugar Street, Gurgaon 491814",23-12-2025
181,Delhi,Dwarka,House Pizza Palace,"Italian, Burgers, Fast Food",776,4.1,11441,2653,2058728,32,50,Swiggy Genie,"H.No. 539, Choudhry Chowk, Alwar 166012",14-07-2025
182,Mumbai,Powai,Tandoori Seafood Treats,"Healthy Food, Arabian, Mughlai",694,4.5,6487,4699,3261106,43,10,Swiggy Genie,"H.No. 819, Bir Zila, Orai-072212",01-08-2025
183,Delhi,Rohini,Kitchen Fast Food World,"North Indian, Bakery",716,4.5,1183,4170,2985720,72,40,Swiggy Genie,"H.No. 14, Barman Zila, Parbhani 149480",25-04-2026
184,Chennai,Velachery,Food Chinese World,"Pizza, Bakery, Fast Food",1101,4,8805,4533,4990833,52,40,Swiggy Genie,"76/291, Sahota Zila, Ajmer 422735",25-05-2025
185,Chennai,OMR,Tandoori Bakery Corner,Biryani,210,4,10618,2796,587160,63,40,Swiggy One,"H.No. 051, Ravi Ganj, Ramgarh-795153",20-05-2026
186,Bangalore,BTM Layout,Tandoori Desserts World,Ice Cream,886,3.6,12704,2905,2573830,63,15,Swiggy Genie,"92/957, Hayer Chowk, Gandhidham-536534",01-06-2025
187,Mumbai,Andheri,Royal Pizza Factory,"Andhra, Italian, South Indian",758,3.5,12899,2933,2223214,33,50,Swiggy One,"12/113, Kannan Nagar, Ghaziabad 036595",29-10-2025
188,Bangalore,Whitefield,Cafe Biryani Hub,"Seafood, South Indian, Pizza, North Indian",822,4.2,11144,2078,1708116,71,15,Regular Delivery,"70/918, Reddy Street, Secunderabad-628985",18-07-2025
189,Hyderabad,Hitech City,Food Italian Junction,"Seafood, Ice Cream",949,4.1,3103,3320,3150680,60,40,Swiggy Genie,"89/91, Behl Chowk, Maheshtala-290436",04-12-2025
190,Delhi,Saket,Tandoori Fast Food Palace,"Andhra, Fast Food, North Indian, Bakery",248,4,13149,3076,762848,75,15,Swiggy One,"H.No. 93, Madan Chowk, Salem-517659",29-06-2025
191,Hyderabad,Banjara Hills,House Healthy Food Zone,Ice Cream,761,4.1,10065,2930,2229730,45,10,Swiggy One,"H.No. 917, Gara Zila, Kottayam-717954",15-04-2026
192,Mumbai,Lower Parel,Delight Chinese Corner,"Arabian, Italian",761,3,5053,3138,2388018,27,15,Regular Delivery,"81/622, Babu Nagar, Thiruvananthapuram-504060",02-10-2025
193,Hyderabad,Hitech City,Food Andhra Corner,"Andhra, Arabian, Chinese, Italian",1116,4.1,11411,4625,5161500,61,15,Swiggy Genie,"82/44, Divan Path, Tadipatri 736569",21-02-2026
194,Mumbai,Powai,Kitchen South Indian Factory,"Burgers, Healthy Food",139,3.8,3246,4680,650520,72,40,Regular Delivery,"330, Vala Marg, Gorakhpur 637627",10-12-2025
195,Mumbai,Dadar,Kitchen Burgers Point,"Andhra, Bakery, Healthy Food, Desserts",183,4.5,3663,2331,426573,38,0,Swiggy Genie,"H.No. 43, Zacharia Path, Farrukhabad-556794",27-05-2025
196,Delhi,Karol Bagh,Cafe Healthy Food Zone,"Italian, Arabian",1166,3,1921,4520,5270320,37,30,Swiggy Genie,"19, Bhagat Chowk, Dewas 718923",21-01-2026
197,Mumbai,Lower Parel,Cafe Desserts Palace,"Andhra, South Indian",186,3.7,5761,3676,683736,75,10,Swiggy Genie,"353, Chana Zila, Kavali 244402",02-05-2026
198,Hyderabad,Gachibowli,Urban Fast Food Junction,"Andhra, Chinese, Arabian",241,4,8770,2731,658171,37,15,Regular Delivery,"44/358, Batra Chowk, Hazaribagh-332066",09-05-2026
199,Chennai,T Nagar,Food South Indian Palace,"Biryani, Chinese, Mughlai",379,4.3,2224,2718,1030122,35,15,Swiggy Genie,"50, Batra Ganj, Dhanbad 432027",11-08-2025
200,Mumbai,Dadar,Food Mughlai World,"Ice Cream, Seafood",274,4.1,14469,3380,926120,69,10,Regular Delivery,"H.No. 06, Yadav Ganj, Mangalore-794903",30-08-2025
201,Chennai,T Nagar,Cafe Chinese World,"Healthy Food, Burgers, Arabian, North Indian",853,4.6,13086,1864,1589992,54,40,Swiggy One,"51/14, Saini Nagar, Jabalpur 773923",28-02-2026
202,Hyderabad,Banjara Hills,Biryani Pizza Grill,"Seafood, Andhra, Pizza",1113,4.5,14699,456,507528,63,0,Swiggy Genie,"92, Banerjee Marg, Amritsar-283213",03-12-2025
203,Mumbai,Andheri,Kitchen Italian Hub,Burgers,996,3.2,11331,1382,1376472,28,25,Swiggy One,"63/90, Sen Circle, Baranagar 138516",16-07-2025
204,Bangalore,Koramangala,House Burgers Hub,"Chinese, Burgers, Seafood",931,4.1,11944,3596,3347876,64,20,Regular Delivery,"513, Rout Ganj, Kavali-529584",02-07-2025
205,Bangalore,BTM Layout,Kitchen Chinese Corner,Fast Food,583,3.9,7341,2894,1687202,20,0,Swiggy Genie,"H.No. 92, Raman Nagar, Sri Ganganagar 149079",21-06-2025
206,Mumbai,Bandra,Cafe Biryani Point,"Chinese, Biryani, Fast Food, South Indian",761,3.6,4952,1170,890370,28,40,Regular Delivery,"H.No. 003, Dora, Avadi 004047",25-07-2025
207,Hyderabad,Madhapur,Kitchen Bakery Junction,Burgers,430,4.7,10143,1859,799370,63,50,Swiggy Genie,"H.No. 82, Bahri Marg, Tirupati 228265",03-01-2026
208,Bangalore,Indiranagar,Biryani Andhra Factory,Mughlai,406,3.3,10611,4613,1872878,25,20,Regular Delivery,"H.No. 24, Lad Chowk, Jamalpur 753341",14-02-2026
209,Delhi,Rohini,House Arabian Junction,"North Indian, Andhra, Italian",1180,4.1,3140,2501,2951180,67,40,Regular Delivery,"09/47, Biswas Ganj, Purnia 216455",26-07-2025
210,Bangalore,Indiranagar,House Chinese Zone,"Mughlai, South Indian, Biryani, Desserts",144,4.9,5235,4736,681984,28,40,Swiggy One,"19/65, Divan Street, Chandrapur 435817",12-03-2026
211,Chennai,OMR,Royal North Indian Grill,"Healthy Food, Mughlai",258,2.8,3584,3340,861720,22,0,Regular Delivery,"12/483, Shukla Marg, Tiruvottiyur 705372",07-12-2025
212,Chennai,OMR,House Pizza Palace,"Andhra, Bakery, Fast Food, South Indian",291,3.5,8427,4474,1301934,33,15,Swiggy One,"26/35, Kannan Street, Amroha-710812",13-01-2026
213,Mumbai,Lower Parel,Cafe Andhra Junction,Arabian,238,3.3,7168,530,126140,27,50,Swiggy One,"37, Borra Zila, Pallavaram-108148",11-08-2025
214,Hyderabad,Madhapur,Cafe North Indian Corner,Pizza,1136,4.8,8618,1447,1643792,53,25,Swiggy One,"71/807, Chaudhary Marg, Suryapet 657811",28-06-2025
215,Hyderabad,Kukatpally,Biryani Andhra Palace,North Indian,1192,2.9,11720,4144,4939648,56,10,Swiggy One,"10/37, Arya, Adoni 093139",08-12-2025
216,Delhi,Karol Bagh,Delight Burgers Factory,Healthy Food,442,3.3,1735,1951,862342,56,10,Regular Delivery,"26/900, Kanda Marg, Korba-365685",19-02-2026
217,Delhi,Connaught Place,Tandoori South Indian World,North Indian,865,3.6,2508,4609,3986785,31,0,Regular Delivery,"H.No. 12, Dani Nagar, Muzaffarpur-051312",29-12-2025
218,Mumbai,Bandra,Biryani Ice Cream Point,"Desserts, Fast Food, Bakery",883,3.1,11081,1908,1684764,23,15,Regular Delivery,"84/85, Dugar Nagar, Allahabad 056039",01-03-2026
219,Bangalore,Whitefield,Street Arabian Factory,Italian,296,4,180,2468,730528,43,20,Regular Delivery,"H.No. 47, Choudhry, Chandrapur 630440",22-10-2025
220,Chennai,OMR,Delight Healthy Food Junction,"Italian, Burgers",622,3.1,6768,4516,2808952,21,20,Swiggy One,"039, Vohra Marg, Gandhidham-307879",15-02-2026
221,Bangalore,Koramangala,Cafe Arabian Point,Mughlai,540,3.9,3952,570,307800,46,50,Swiggy Genie,"094, Krish Zila, Bhusawal-161497",02-01-2026
222,Chennai,Anna Nagar,Express Andhra Factory,Desserts,1058,4.8,1441,4220,4464760,57,10,Swiggy Genie,"H.No. 872, Hegde Chowk, Ulhasnagar 161309",04-07-2025
223,Mumbai,Andheri,House Pizza Junction,Andhra,717,3.3,5211,2752,1973184,71,40,Swiggy One,"78/45, Dugar Nagar, Bikaner-984320",08-02-2026
224,Mumbai,Powai,Urban Biryani Corner,"Chinese, Biryani",336,3.1,7685,1069,359184,40,40,Regular Delivery,"H.No. 00, Grover Street, Panipat 788557",16-12-2025
225,Chennai,Velachery,Royal Burgers Palace,"Arabian, Desserts, Pizza, South Indian",202,3.3,14084,827,167054,40,15,Regular Delivery,"659, Varughese Road, Imphal-336432",24-11-2025
226,Hyderabad,Kukatpally,Urban North Indian Treats,"South Indian, Seafood, Pizza, Andhra",1046,4,9063,3865,4042790,35,10,Swiggy Genie,"H.No. 949, Rattan Zila, Karimnagar-313968",10-01-2026
227,Hyderabad,Madhapur,Tandoori Pizza Junction,South Indian,940,3.6,10376,4850,4559000,61,10,Regular Delivery,"H.No. 769, Mannan Path, Sikar 146191",28-12-2025
228,Chennai,Anna Nagar,Tandoori Italian Corner,Chinese,308,4.7,13638,1083,333564,71,30,Swiggy Genie,"785, Setty Street, Mirzapur-044896",09-08-2025
229,Mumbai,Andheri,Cafe Mughlai World,"Andhra, Healthy Food",180,3.6,7040,1838,330840,31,30,Swiggy Genie,"015, Sabharwal Chowk, Katihar-281772",20-09-2025
230,Chennai,T Nagar,Delight Desserts Palace,"Pizza, North Indian, Arabian, Andhra",1141,3.7,9072,798,910518,50,0,Swiggy One,"73/222, Bhasin Street, Madhyamgram 252867",16-07-2025
231,Mumbai,Bandra,Tandoori North Indian Treats,"Fast Food, Seafood, Mughlai, Ice Cream",855,3.8,12853,4713,4029615,51,30,Regular Delivery,"855, Sood Path, Medininagar 974900",02-03-2026
232,Chennai,Adyar,Delight Desserts Hub,"Burgers, North Indian, Healthy Food",695,2.9,7778,4864,3380480,53,30,Swiggy Genie,"98/123, Acharya Street, Naihati 746060",14-07-2025
233,Hyderabad,Madhapur,Express South Indian Junction,"Desserts, Pizza",915,3.5,13799,1522,1392630,74,15,Swiggy Genie,"H.No. 88, Balan Chowk, Bhilwara 077778",04-03-2026
234,Delhi,Karol Bagh,Biryani Pizza Grill,"North Indian, Bakery, Italian",505,4.6,13327,1518,766590,51,25,Swiggy One,"33, Som Road, Kakinada-803882",26-01-2026
235,Bangalore,BTM Layout,Delight Desserts Hub,Desserts,1198,3.8,5485,1148,1375304,59,20,Swiggy One,"269, Savant Road, Mysore-293575",13-07-2025
236,Hyderabad,Kukatpally,Urban Pizza Point,North Indian,1197,4.6,1238,4880,5841360,43,40,Swiggy Genie,"34/602, Sastry Ganj, Munger-538621",27-07-2025
237,Chennai,T Nagar,Food Healthy Food Factory,"Pizza, Chinese, Bakery",476,4.3,9257,1908,908208,64,30,Regular Delivery,"H.No. 31, Date Street, Madanapalle-417656",04-07-2025
238,Delhi,Saket,Urban Burgers Hub,"Arabian, Bakery, Italian, Pizza",921,4.6,12679,1571,1446891,56,0,Regular Delivery,"H.No. 58, Behl Chowk, Rampur 509176",23-07-2025
239,Chennai,OMR,Kitchen Pizza Factory,"Biryani, Italian",279,3.3,5284,2830,789570,30,10,Swiggy One,"34/933, Joshi, Buxar 137130",09-02-2026
240,Bangalore,Koramangala,Royal Bakery Palace,"Desserts, Bakery",341,4.3,838,3517,1199297,44,50,Swiggy Genie,"92, Kala, Mango-335549",27-08-2025
241,Mumbai,Dadar,Kitchen Desserts Corner,"Bakery, Ice Cream, Fast Food, South Indian",1044,3,13906,244,254736,22,25,Swiggy One,"H.No. 312, Golla Ganj, Vadodara 233180",21-09-2025
242,Chennai,Anna Nagar,Urban Mughlai Corner,Seafood,273,3.9,14764,4946,1350258,25,30,Regular Delivery,"H.No. 26, Jani Road, Surendranagar Dudhrej 094973",11-07-2025
243,Mumbai,Andheri,Spice Biryani Factory,"Burgers, Arabian, Fast Food, Chinese",540,4.8,6755,2386,1288440,64,25,Swiggy One,"H.No. 603, Sampath Chowk, Ballia 117292",05-05-2026
244,Hyderabad,Madhapur,Delight Healthy Food Corner,Mughlai,231,3.6,7055,4996,1154076,25,25,Swiggy One,"45/12, Iyengar, Latur 532932",12-06-2025
245,Hyderabad,Madhapur,Urban Arabian Point,Fast Food,1089,4.6,5102,3937,4287393,70,40,Swiggy One,"832, Balakrishnan Street, Ahmednagar 052980",03-05-2026
246,Chennai,Anna Nagar,Urban Italian Hub,"Burgers, Healthy Food, Fast Food, Italian",659,3.7,4365,4702,3098618,34,25,Swiggy Genie,"55/255, Bhakta Path, Bhagalpur-150577",21-02-2026
247,Hyderabad,Madhapur,Express Andhra Grill,Bakery,585,4,13825,4466,2612610,44,40,Regular Delivery,"88/03, Bath Street, Aligarh 200570",01-05-2026
248,Mumbai,Lower Parel,Royal Mughlai Hub,"Healthy Food, Pizza",1148,4,8517,1065,1222620,71,15,Swiggy One,"58/93, Gole Nagar, Pudukkottai 396209",24-12-2025
249,Hyderabad,Gachibowli,Spice Andhra Point,"Fast Food, Chinese",1011,3.2,13526,4954,5008494,60,15,Swiggy One,"33/296, Roy Circle, Yamunanagar-547526",03-12-2025
250,Chennai,Anna Nagar,Express Mughlai Zone,Mughlai,787,4.6,8564,4893,3850791,49,0,Regular Delivery,"41/01, Walia Chowk, Ichalkaranji-351128",10-08-2025
251,Mumbai,Andheri,Delight Biryani Point,"Pizza, Chinese, Arabian, Andhra",326,4.5,14262,3446,1123396,54,30,Swiggy One,"H.No. 39, Sarkar Ganj, Aligarh-167045",18-07-2025
252,Mumbai,Dadar,Urban Mughlai Hub,"South Indian, Chinese, Pizza, Fast Food",930,4.7,5481,483,449190,64,20,Regular Delivery,"42/39, Baral Ganj, Rohtak 107814",13-08-2025
253,Mumbai,Powai,Street Arabian Palace,"North Indian, Burgers, Andhra",1126,4.6,11270,1180,1328680,26,20,Swiggy One,"602, Dugar Circle, Kumbakonam-861154",03-05-2026
254,Mumbai,Powai,Royal Fast Food World,"Andhra, Arabian, Seafood",552,4.7,6721,4311,2379672,67,50,Swiggy One,"03/05, Bhakta Street, Udupi 259262",20-10-2025
255,Bangalore,Jayanagar,Cafe Mughlai Corner,"Chinese, Pizza",1193,4.6,524,1724,2056732,31,20,Swiggy Genie,"08, Tara Road, Morbi 797595",21-09-2025
256,Hyderabad,Madhapur,Tandoori Ice Cream Factory,"South Indian, Italian, Burgers, Bakery",1070,3.9,10460,2061,2205270,27,0,Swiggy One,"05, Mallick Path, Bijapur 965205",08-02-2026
257,Mumbai,Lower Parel,Express Bakery Factory,"Burgers, Andhra, Desserts, Arabian",454,4.6,4287,2415,1096410,67,10,Swiggy Genie,"924, Divan, Katihar 691043",21-05-2026
258,Mumbai,Andheri,Tandoori Desserts Junction,"Fast Food, Andhra",671,4.2,8459,3963,2659173,21,0,Swiggy Genie,"16, Kala Marg, Munger 385957",13-05-2026
259,Hyderabad,Hitech City,Street Arabian Palace,Desserts,987,4.7,14002,2144,2116128,42,50,Swiggy Genie,"H.No. 65, Srinivasan Circle, Mumbai-923549",28-11-2025
260,Mumbai,Powai,Biryani Arabian Palace,"Biryani, North Indian, Ice Cream, Seafood",341,3.8,5559,2348,800668,37,30,Swiggy One,"23, Chhabra Path, Srikakulam-475548",20-10-2025
261,Chennai,Velachery,Spice Mughlai Factory,"Desserts, Italian",406,4.3,10788,2205,895230,51,25,Swiggy One,"28/528, Bhalla Ganj, Meerut-483309",16-09-2025
262,Mumbai,Dadar,Biryani Desserts Zone,Fast Food,1094,4.7,11057,1472,1610368,42,25,Regular Delivery,"54/064, Dara Road, Nanded-759030",15-11-2025
263,Delhi,Saket,Cafe Ice Cream Zone,"Biryani, Desserts, Chinese",494,4.8,14788,1900,938600,41,10,Swiggy One,"90/53, Apte Nagar, Bareilly-328683",23-03-2026
264,Hyderabad,Kukatpally,Street Italian Point,"Seafood, Burgers, Pizza, Arabian",1083,2.9,10443,3948,4275684,57,10,Swiggy Genie,"02/46, Jayaraman Zila, Kharagpur 470579",09-10-2025
265,Delhi,Connaught Place,Urban Fast Food Factory,"Arabian, Fast Food, North Indian, Chinese",958,4.9,14678,2671,2558818,49,15,Regular Delivery,"66, Sandhu Nagar, Tiruvottiyur-253996",02-03-2026
266,Hyderabad,Madhapur,House South Indian Hub,"Seafood, Healthy Food, Chinese, Burgers",1045,3.4,12521,4800,5016000,69,15,Swiggy Genie,"47/880, Roy Road, Mysore 662616",07-01-2026
267,Mumbai,Andheri,Food Mughlai Treats,"Andhra, Seafood",1097,3.6,668,3136,3440192,54,20,Swiggy Genie,"74, Mahajan, Loni 357169",15-01-2026
268,Chennai,OMR,Spice Desserts Junction,"North Indian, Seafood",825,3.5,1732,1448,1194600,44,25,Swiggy Genie,"842, Vig, Rewa 982979",27-02-2026
269,Bangalore,Koramangala,Delight Seafood Treats,"Italian, Bakery, Ice Cream",394,3.5,14818,1623,639462,51,30,Swiggy Genie,"H.No. 582, Doctor Chowk, Meerut-571022",18-01-2026
270,Mumbai,Andheri,Urban Fast Food Hub,"Desserts, Bakery",1153,3.2,6056,3153,3635409,65,0,Regular Delivery,"97/994, Dara Nagar, Bardhaman 133915",23-01-2026
271,Chennai,OMR,House Biryani Hub,South Indian,218,4.2,6878,1092,238056,48,40,Regular Delivery,"34, Dave Road, Bijapur 600137",27-12-2025
272,Chennai,Adyar,House North Indian Palace,"Fast Food, Bakery",981,4.2,10904,1203,1180143,53,25,Swiggy One,"00/19, Deep Zila, Jaunpur 178577",10-09-2025
273,Bangalore,Jayanagar,Royal Biryani World,Arabian,526,4.1,12796,3012,1584312,36,20,Regular Delivery,"333, Subramaniam Ganj, Satara-473769",30-08-2025
274,Mumbai,Powai,Kitchen Fast Food World,"South Indian, Ice Cream",797,3.3,258,984,784248,62,10,Regular Delivery,"33, Mandal Street, Bhavnagar-166742",01-10-2025
275,Mumbai,Bandra,Cafe Biryani Palace,Chinese,593,3.8,4900,490,290570,36,50,Swiggy Genie,"H.No. 108, Jain Path, Machilipatnam-506340",24-06-2025
276,Hyderabad,Madhapur,Biryani Andhra Point,"Bakery, Mughlai, Seafood",314,4.6,14636,1213,380882,22,0,Regular Delivery,"H.No. 402, Chaudhary Street, Thoothukudi 276054",05-03-2026
277,Hyderabad,Kukatpally,Cafe Chinese Factory,"Italian, Arabian, Pizza",821,3.2,6616,2306,1893226,45,50,Swiggy One,"H.No. 966, Mangat Street, Tiruvottiyur-096276",04-11-2025
278,Mumbai,Dadar,Cafe South Indian Corner,"Biryani, Chinese",332,3.7,9728,1564,519248,50,50,Regular Delivery,"25, Mahal Circle, Nagercoil 240266",23-11-2025
279,Mumbai,Powai,Kitchen Healthy Food Point,Pizza,962,3.7,1087,181,174122,36,30,Regular Delivery,"H.No. 77, Amble Marg, Lucknow-583820",27-07-2025
280,Delhi,Rohini,Express Biryani Treats,"Seafood, Ice Cream",629,3.8,10924,1297,815813,63,40,Regular Delivery,"29/04, Mahal Zila, Kamarhati-793151",05-06-2025
281,Delhi,Connaught Place,Express Healthy Food World,Burgers,458,3,8105,2790,1277820,40,20,Swiggy One,"72, Bassi Road, Tiruppur-179798",02-01-2026
282,Bangalore,Jayanagar,Tandoori Chinese World,"Mughlai, Fast Food",1029,4.5,7391,3742,3850518,25,50,Swiggy One,"13/565, Mangal Circle, Phusro-346139",12-07-2025
283,Bangalore,Whitefield,Food Andhra Hub,Biryani,120,4.5,13022,4244,509280,58,25,Regular Delivery,"16/791, Grewal Path, Sonipat-380471",16-03-2026
284,Hyderabad,Banjara Hills,Tandoori Italian Factory,"Bakery, Andhra, North Indian",1088,4.3,6002,1014,1103232,65,50,Swiggy Genie,"H.No. 11, Lata Ganj, Karimnagar-131194",29-03-2026
285,Hyderabad,Madhapur,Street Bakery Point,"Bakery, Andhra, Seafood",213,4.7,8117,956,203628,28,40,Swiggy One,"02, Vig, Varanasi 311595",07-03-2026
286,Delhi,Saket,Food Fast Food World,"Biryani, Italian",510,4.3,1815,460,234600,68,40,Regular Delivery,"50/66, Gara Marg, Chandrapur-364071",15-05-2026
287,Delhi,Connaught Place,Urban Healthy Food Hub,"Italian, Seafood, Arabian, Ice Cream",219,4,7141,4244,929436,73,50,Swiggy Genie,"45/720, Kaur Road, Satna 292591",14-08-2025
288,Delhi,Saket,House Seafood Zone,"Biryani, Fast Food",907,3.7,10027,2321,2105147,64,20,Swiggy One,"85, D’Alia Nagar, Khora -538660",16-09-2025
289,Chennai,T Nagar,Cafe Arabian Zone,"Pizza, Chinese, Fast Food, Arabian",762,4.3,9119,1725,1314450,60,20,Swiggy Genie,"607, Solanki Nagar, Lucknow 447674",03-04-2026
290,Delhi,Karol Bagh,Urban Seafood Point,"Pizza, Bakery, Seafood",841,4,9598,4453,3744973,56,40,Swiggy One,"581, Dugar Chowk, Mysore 007019",15-08-2025
291,Mumbai,Andheri,Food Pizza Hub,North Indian,235,3.2,12341,2427,570345,70,15,Regular Delivery,"21, Das Circle, Nagpur 687808",23-05-2026
292,Chennai,Velachery,Tandoori South Indian Factory,Arabian,1046,3,14271,4677,4892142,63,20,Swiggy One,"46/052, Chakraborty Marg, Bhusawal-179444",01-07-2025
293,Hyderabad,Hitech City,Food Andhra Factory,"South Indian, Italian, Fast Food",230,2.8,4167,1927,443210,32,50,Regular Delivery,"41/154, Mann Path, Miryalaguda-809506",14-07-2025
294,Chennai,OMR,Kitchen Burgers Point,"Fast Food, Pizza",502,4.8,12093,3170,1591340,52,10,Swiggy Genie,"29/469, Anand Path, Mehsana 465311",06-06-2025
295,Mumbai,Powai,Street North Indian Factory,"Pizza, Chinese, Arabian",1075,4.3,2586,2722,2926150,22,15,Regular Delivery,"67, Balasubramanian Road, Gandhinagar-714066",14-05-2026
296,Bangalore,Jayanagar,Express Bakery Point,"Healthy Food, Mughlai, Arabian",770,3.9,3062,4218,3247860,53,10,Swiggy Genie,"24, Dua, Faridabad 319161",14-11-2025
297,Mumbai,Lower Parel,House Seafood Factory,"Chinese, Burgers, Biryani, Andhra",858,3.4,12381,4678,4013724,59,50,Regular Delivery,"42, Sane Marg, Vadodara 345464",11-04-2026
298,Bangalore,BTM Layout,Delight Desserts Hub,"Italian, Biryani, Seafood",777,3.6,13095,2181,1694637,27,40,Regular Delivery,"57, Agarwal Marg, Hubli–Dharwad-514693",24-03-2026
299,Chennai,Anna Nagar,Street Fast Food Factory,"Italian, Desserts, North Indian",1172,3,1622,616,721952,30,0,Swiggy Genie,"61/95, Dayal Ganj, Mau-210639",17-08-2025
300,Hyderabad,Banjara Hills,Express Andhra Point,Fast Food,434,2.8,11795,796,345464,41,0,Swiggy Genie,"32/92, Chokshi Marg, Buxar 938794",20-07-2025
301,Bangalore,Indiranagar,Tandoori Ice Cream Treats,"Chinese, Arabian, Andhra",914,3.7,6676,218,199252,47,30,Swiggy One,"H.No. 453, Dubey Road, Madurai-106465",15-03-2026
302,Bangalore,Jayanagar,Cafe South Indian Point,Chinese,852,4.7,1788,788,671376,38,25,Swiggy One,"49/39, Kalla Path, Hubli–Dharwad-846939",28-03-2026
303,Mumbai,Dadar,Tandoori Pizza Treats,"North Indian, Desserts, Chinese, Ice Cream",724,4.8,2410,171,123804,39,30,Regular Delivery,"339, Mannan, North Dumdum 291709",19-03-2026
304,Delhi,Saket,Spice Mughlai Zone,South Indian,294,3.4,12310,1814,533316,67,30,Swiggy One,"H.No. 069, Garg Marg, Danapur-451390",10-10-2025
305,Delhi,Saket,Delight Ice Cream Junction,"Burgers, Biryani",354,3.2,13151,4576,1619904,56,0,Swiggy One,"72/69, Vohra Road, Karaikudi-789161",24-05-2025
306,Delhi,Connaught Place,Tandoori Healthy Food Factory,"Chinese, Pizza, South Indian",851,3.1,10789,2415,2055165,35,10,Regular Delivery,"81/26, Bhatt Chowk, Coimbatore 605672",05-01-2026
307,Bangalore,Indiranagar,Delight Arabian Grill,"Healthy Food, Desserts, Burgers",432,4,6021,3588,1550016,71,30,Swiggy Genie,"69/458, De Circle, Madanapalle-454006",03-06-2025
308,Bangalore,Koramangala,Cafe Andhra Palace,"Desserts, Bakery",856,3.1,12059,3871,3313576,41,50,Swiggy One,"H.No. 13, Dhar Circle, Bhubaneswar 330047",05-01-2026
309,Chennai,T Nagar,Royal Ice Cream Corner,"Biryani, Chinese, Seafood, Arabian",522,3.4,14571,697,363834,60,10,Swiggy Genie,"183, Bose Ganj, Kota-278848",22-10-2025
310,Delhi,Connaught Place,Street Healthy Food Corner,"Fast Food, Italian, North Indian, Ice Cream",869,3.6,14655,1176,1021944,69,25,Swiggy One,"791, Korpal Path, Bahraich 567489",08-04-2026
311,Delhi,Rohini,Biryani North Indian Junction,Mughlai,459,4.4,2349,1547,710073,48,15,Regular Delivery,"61, Hora Chowk, Aurangabad 332353",01-10-2025
312,Delhi,Saket,Kitchen Desserts Point,"Bakery, North Indian, Biryani, Mughlai",661,3.6,751,4322,2856842,62,20,Swiggy One,"H.No. 215, Khanna Street, Raiganj-843395",24-11-2025
313,Mumbai,Dadar,Royal Ice Cream Palace,"South Indian, North Indian, Seafood, Burgers",476,3.6,6251,4312,2052512,43,10,Swiggy One,"25/16, Bahri Ganj, Rajahmundry 984287",16-04-2026
314,Mumbai,Bandra,Kitchen Healthy Food Grill,"Bakery, Andhra, Italian, Burgers",133,3.9,2326,1964,261212,48,15,Swiggy Genie,"H.No. 82, Korpal Circle, Bhilai 693284",05-08-2025
315,Delhi,Karol Bagh,Urban Bakery Grill,"Pizza, Chinese",362,4.2,6843,1008,364896,71,30,Swiggy One,"706, Ratti Chowk, Mangalore 531691",29-07-2025
316,Mumbai,Dadar,Food North Indian Junction,"Burgers, Seafood",208,3.1,9755,4279,890032,30,15,Swiggy Genie,"31/72, Suri Zila, Howrah-295663",17-08-2025
317,Delhi,Saket,Street Burgers Zone,Burgers,950,4.1,9284,2402,2281900,60,0,Swiggy Genie,"09, Cherian Zila, Kochi 223942",14-02-2026
318,Hyderabad,Banjara Hills,Delight Pizza Grill,"Healthy Food, Chinese, Biryani, Fast Food",492,4.1,8419,2887,1420404,36,15,Swiggy One,"H.No. 16, Badami Street, Hubli–Dharwad 778345",21-01-2026
319,Delhi,Rohini,Food Mughlai Corner,Desserts,342,2.8,8614,1305,446310,75,40,Regular Delivery,"H.No. 78, Venkataraman Street, Anand-691573",21-11-2025
320,Bangalore,Indiranagar,Express Biryani Point,"South Indian, Italian, Mughlai, Ice Cream",1107,4.2,14828,3614,4000698,58,0,Regular Delivery,"52/850, Ramachandran Nagar, Jalandhar-831543",11-02-2026
321,Mumbai,Powai,Tandoori Healthy Food Treats,Andhra,837,4,12196,3565,2983905,68,10,Swiggy Genie,"75/94, Sha Street, Bokaro 146115",05-01-2026
322,Chennai,Adyar,Delight Andhra Palace,"Chinese, Pizza",507,2.8,12233,4814,2440698,70,0,Regular Delivery,"08/94, Vala Path, Srikakulam-932493",21-08-2025
323,Bangalore,Jayanagar,House Fast Food Factory,Mughlai,957,3.6,2585,2220,2124540,47,25,Regular Delivery,"31/801, Srinivasan Chowk, Varanasi-301902",18-12-2025
324,Mumbai,Lower Parel,Tandoori Andhra Zone,"Ice Cream, Seafood, Fast Food",1108,3.2,9210,2158,2391064,55,50,Swiggy One,"69/79, Bava Ganj, Loni-030574",18-11-2025
325,Delhi,Karol Bagh,Royal Desserts World,"Pizza, Andhra, Italian, Seafood",451,3,8378,4590,2070090,45,30,Regular Delivery,"H.No. 697, Wagle Zila, Jammu-102020",07-04-2026
326,Bangalore,Indiranagar,Kitchen Andhra Point,"North Indian, Mughlai, South Indian, Chinese",251,3.4,6125,3228,810228,25,0,Swiggy One,"072, Kaul Nagar, Chapra-411529",14-11-2025
327,Delhi,Rohini,Urban Healthy Food World,"South Indian, Mughlai, Andhra",141,3.2,10812,1675,236175,71,25,Swiggy Genie,"42/210, Dada Chowk, Panipat 851021",29-12-2025
328,Delhi,Rohini,Spice Bakery Junction,"Burgers, Seafood",120,4.8,1472,2972,356640,37,40,Regular Delivery,"33/20, Sharaf, Kurnool-654091",06-08-2025
329,Mumbai,Dadar,Cafe Chinese Point,"North Indian, Bakery",702,4.3,9210,2926,2054052,57,30,Swiggy One,"178, Rana Marg, Mirzapur 343978",05-04-2026
330,Hyderabad,Hitech City,Food North Indian Palace,"Italian, Healthy Food",478,3.7,1794,4201,2008078,55,10,Swiggy One,"H.No. 071, Aurora Marg, Chinsurah-364781",29-11-2025
331,Chennai,Anna Nagar,Food Healthy Food Junction,"Ice Cream, Bakery, Desserts",815,4.8,7567,4887,3982905,63,50,Swiggy Genie,"13/80, Sabharwal Zila, Bhatpara 445186",20-02-2026
332,Mumbai,Andheri,Tandoori Desserts Factory,"Chinese, Fast Food, Seafood",964,4.8,8512,2237,2156468,54,0,Swiggy Genie,"42, Bala Nagar, Jamalpur-597608",01-05-2026
333,Chennai,Anna Nagar,Kitchen Seafood Factory,"Seafood, South Indian, Ice Cream, Chinese",567,4.7,4458,4167,2362689,31,20,Regular Delivery,"736, Bal Path, Eluru 467934",15-06-2025
334,Hyderabad,Gachibowli,Tandoori Fast Food Junction,"Ice Cream, Biryani",849,3.1,1797,4115,3493635,27,10,Regular Delivery,"56, Subramaniam, Karnal 185958",16-02-2026
335,Bangalore,Jayanagar,Biryani Seafood World,Healthy Food,682,3.8,12571,3339,2277198,52,25,Swiggy Genie,"H.No. 74, Issac Ganj, Siwan-734050",08-02-2026
336,Delhi,Saket,Kitchen South Indian Zone,Andhra,831,3.6,11294,3825,3178575,69,15,Swiggy Genie,"642, Chana, Barasat-238522",13-05-2026
337,Delhi,Dwarka,Tandoori Mughlai Grill,"North Indian, Healthy Food, Seafood",326,3.5,10089,1613,525838,75,25,Regular Delivery,"57/13, Swaminathan Zila, Latur-802209",28-08-2025
338,Chennai,Velachery,Biryani Burgers World,"Healthy Food, Arabian, Burgers",988,3.2,11530,3070,3033160,68,30,Swiggy One,"H.No. 413, Khare Chowk, Sikar-543083",08-04-2026
339,Chennai,Adyar,House Desserts Point,"Pizza, Arabian",672,4.5,9148,1686,1132992,47,40,Swiggy Genie,"76/02, Roy Circle, Bhilai-339681",30-12-2025
340,Hyderabad,Banjara Hills,Food Healthy Food Corner,Burgers,1178,3.9,5222,2537,2988586,70,50,Swiggy One,"H.No. 697, Ganguly Zila, Ajmer 517429",23-06-2025
341,Delhi,Rohini,Royal Burgers Hub,Mughlai,561,4.5,7857,3765,2112165,73,10,Regular Delivery,"72/792, Dugar Circle, Dehradun 155325",25-10-2025
342,Chennai,T Nagar,Street Bakery Hub,"Bakery, Ice Cream, Italian",963,3.1,14260,4805,4627215,63,20,Regular Delivery,"91/41, Tank Marg, Morena-744496",26-11-2025
343,Delhi,Saket,Express Healthy Food World,"Bakery, Burgers, Seafood",280,3.6,4744,1452,406560,49,15,Regular Delivery,"02/373, Shroff Chowk, Delhi 701010",21-09-2025
344,Chennai,Adyar,Tandoori Seafood Factory,"Chinese, South Indian, Healthy Food, Burgers",716,4.3,9968,2302,1648232,61,40,Swiggy One,"36, Dewan, Eluru 292638",28-08-2025
345,Chennai,OMR,Urban Desserts Palace,"Andhra, Chinese, Italian, North Indian",283,3.2,6555,602,170366,26,10,Swiggy One,"64, Kuruvilla Path, Durg-023341",15-07-2025
346,Delhi,Connaught Place,Express Chinese Point,Mughlai,657,4.1,1431,2614,1717398,61,40,Swiggy Genie,"76/72, Kar Path, Haridwar-252551",22-06-2025
347,Hyderabad,Kukatpally,Spice South Indian Factory,"Pizza, Chinese, Ice Cream, Italian",786,4.6,7704,4573,3594378,75,25,Swiggy One,"34/09, Saha Nagar, Berhampur 641159",21-06-2025
348,Hyderabad,Hitech City,Cafe Andhra Zone,"Italian, Seafood",754,4.7,7941,813,613002,54,20,Swiggy One,"84/91, Aggarwal Circle, Vellore-502371",15-05-2026
349,Chennai,T Nagar,Spice Pizza Factory,"Ice Cream, Chinese, Pizza, North Indian",707,3.8,186,3988,2819516,64,50,Swiggy One,"H.No. 22, Krishnamurthy Ganj, Ambattur-160997",29-10-2025
350,Bangalore,Whitefield,Express Bakery Junction,"Desserts, Mughlai, North Indian",963,4.7,7211,1417,1364571,45,20,Regular Delivery,"524, Borra Road, Warangal 956535",10-11-2025
351,Mumbai,Dadar,Food Desserts Zone,"Ice Cream, South Indian",676,3.4,12222,3462,2340312,54,25,Swiggy Genie,"44, Bath Circle, Hindupur 068900",02-04-2026
352,Bangalore,Indiranagar,House Italian Grill,"Arabian, South Indian",1047,3.4,10253,2706,2833182,51,20,Swiggy Genie,"H.No. 051, Bhatt Ganj, Asansol 790493",30-11-2025
353,Hyderabad,Madhapur,Royal Arabian Palace,Burgers,376,4.3,11962,818,307568,20,20,Swiggy Genie,"30/260, Desai Marg, Khora  985262",04-03-2026
354,Bangalore,Whitefield,Street Healthy Food Factory,"Seafood, Fast Food",1069,4.3,569,1276,1364044,41,10,Swiggy Genie,"H.No. 536, D’Alia Path, Raichur 052150",23-03-2026
355,Chennai,Adyar,Urban Fast Food Palace,Healthy Food,901,4.5,2048,3232,2912032,69,20,Swiggy One,"80, Shan Zila, Jabalpur-633761",05-09-2025
356,Hyderabad,Madhapur,Royal Fast Food World,"Italian, Bakery",916,4.2,5163,425,389300,40,15,Regular Delivery,"H.No. 12, Mander Chowk, Kurnool 250296",10-06-2025
357,Delhi,Rohini,Kitchen Arabian Junction,Ice Cream,858,4.7,14200,1005,862290,62,20,Swiggy Genie,"386, Sodhi Road, Kalyan-Dombivli 725801",09-04-2026
358,Mumbai,Powai,Street Biryani Treats,Burgers,617,2.8,738,4964,3062788,57,50,Swiggy Genie,"H.No. 19, Bora Chowk, Miryalaguda-146794",09-08-2025
359,Chennai,Anna Nagar,Royal Seafood Hub,"Burgers, Desserts",242,3.5,2571,1110,268620,64,10,Swiggy One,"55/455, Issac Nagar, Nadiad-437567",25-06-2025
360,Hyderabad,Kukatpally,Spice Mughlai Factory,"Italian, Bakery, Biryani",395,3.3,696,4659,1840305,51,50,Swiggy One,"13/012, Ram Path, Begusarai-523718",23-08-2025
361,Delhi,Dwarka,Biryani Seafood World,"Burgers, Ice Cream",683,4.6,9858,644,439852,75,15,Regular Delivery,"63/890, Chauhan, Vijayawada 393078",10-03-2026
362,Hyderabad,Banjara Hills,Kitchen North Indian Zone,"Ice Cream, Healthy Food, Burgers",896,4.3,14515,2036,1824256,21,30,Swiggy One,"H.No. 07, Rana Nagar, Vellore 417174",22-04-2026
363,Bangalore,Jayanagar,Express Pizza Grill,"Fast Food, Ice Cream, Seafood, Desserts",699,3.5,10550,868,606732,40,10,Regular Delivery,"H.No. 85, Chadha, Mumbai 711793",03-06-2025
364,Bangalore,BTM Layout,Spice Fast Food Point,"Burgers, Andhra",1114,3.2,571,4093,4559602,56,40,Regular Delivery,"89, Srinivas Ganj, Miryalaguda 031181",05-09-2025
365,Delhi,Rohini,Delight Chinese Hub,"South Indian, Burgers, Biryani",547,4.2,14627,3914,2140958,73,10,Regular Delivery,"87/84, Anne Nagar, Thrissur-323064",21-02-2026
366,Bangalore,Koramangala,Delight Ice Cream Zone,"Bakery, Mughlai, Healthy Food, North Indian",203,4.3,13721,1848,375144,39,10,Regular Delivery,"55/32, Korpal Nagar, Korba-426404",08-03-2026
367,Bangalore,BTM Layout,Tandoori Desserts Grill,"Mughlai, Biryani",486,4,9194,4803,2334258,46,10,Swiggy One,"H.No. 52, Hayre Zila, Kolkata-865488",14-11-2025
368,Mumbai,Dadar,Urban Mughlai Zone,Burgers,811,4.2,8797,2966,2405426,58,50,Swiggy One,"H.No. 187, Vaidya Ganj, Jalandhar-531326",30-04-2026
369,Delhi,Karol Bagh,Food Seafood Grill,"Andhra, Mughlai, Seafood",612,4,3554,3029,1853748,44,25,Swiggy One,"891, Goda Marg, Burhanpur 730183",03-05-2026
370,Mumbai,Dadar,Street North Indian Zone,South Indian,396,4.9,4995,1897,751212,20,25,Swiggy Genie,"00/59, Chaudry Chowk, Meerut-986253",01-09-2025
371,Chennai,Anna Nagar,Kitchen Bakery Corner,"Pizza, South Indian, North Indian",403,3.4,14625,1988,801164,57,20,Swiggy One,"81, Krishnamurthy Circle, Chandrapur-636851",03-02-2026
372,Chennai,Anna Nagar,Biryani Healthy Food Corner,"Fast Food, Bakery, South Indian, Italian",1119,4.5,11348,4956,5545764,64,10,Regular Delivery,"H.No. 466, Chakrabarti Marg, Pallavaram 346259",12-02-2026
373,Chennai,Anna Nagar,Biryani Bakery Treats,"Chinese, Mughlai, North Indian, Italian",973,4.8,2024,173,168329,75,20,Regular Delivery,"323, Gaba Circle, Baranagar 623394",23-08-2025
374,Mumbai,Andheri,Delight Pizza Factory,"South Indian, Burgers, Ice Cream",1148,4.3,2559,3730,4282040,23,40,Regular Delivery,"H.No. 10, Anand Nagar, Faridabad 605382",26-01-2026
375,Delhi,Rohini,Food Arabian Treats,Desserts,423,3.1,1402,4570,1933110,50,0,Swiggy One,"H.No. 998, Chauhan Chowk, Sangli-Miraj & Kupwad-302917",16-11-2025
376,Chennai,Anna Nagar,Urban Healthy Food Zone,"Andhra, Mughlai, Bakery, Chinese",525,3.8,10736,4677,2455425,56,20,Regular Delivery,"33/70, Thakur Zila, Amravati-862915",28-06-2025
377,Delhi,Saket,Food Seafood Grill,"Chinese, Pizza",303,3,6826,2933,888699,47,30,Swiggy Genie,"45/37, Edwin Chowk, Naihati 161764",20-11-2025
378,Chennai,T Nagar,Urban Bakery Grill,Arabian,1025,4.1,7266,1715,1757875,22,20,Regular Delivery,"70/861, Tiwari Circle, Deoghar-227736",05-12-2025
379,Chennai,Velachery,Cafe South Indian Junction,Biryani,422,4.6,13487,2892,1220424,38,0,Regular Delivery,"03/529, Sahni Ganj, Salem-759451",28-10-2025
380,Bangalore,Koramangala,Cafe Fast Food Junction,"Healthy Food, North Indian, Burgers, Biryani",1191,4.4,9041,230,273930,50,15,Swiggy One,"71, Chakraborty Nagar, Secunderabad-036752",28-07-2025
381,Delhi,Rohini,Urban South Indian Palace,Ice Cream,531,4.5,10174,3888,2064528,37,0,Regular Delivery,"82/93, Sagar Ganj, Alappuzha-256211",10-01-2026
382,Bangalore,BTM Layout,Biryani Biryani Hub,"Ice Cream, Seafood, Andhra, Italian",719,4.6,10689,3198,2299362,44,20,Regular Delivery,"H.No. 86, Hari Marg, Moradabad-534751",03-02-2026
383,Bangalore,Koramangala,Kitchen North Indian Hub,"Chinese, Healthy Food, Biryani, Ice Cream",626,4.7,5045,3302,2067052,41,50,Regular Delivery,"78/380, Agrawal Chowk, Jalandhar 184711",28-05-2025
384,Hyderabad,Madhapur,Street Desserts Zone,"Bakery, Burgers, Seafood",684,4.5,10302,321,219564,36,40,Regular Delivery,"H.No. 982, Kaul Nagar, Serampore 455942",19-01-2026
385,Chennai,Velachery,Food Pizza Point,"Seafood, Italian",902,3.9,11158,3498,3155196,59,20,Swiggy Genie,"31/115, Dalal Ganj, Surat 824562",25-02-2026
386,Delhi,Saket,Kitchen Pizza Junction,"Arabian, Italian, Healthy Food, Burgers",403,4,11257,1211,488033,71,20,Swiggy One,"H.No. 59, Saran Zila, Chittoor-778534",05-07-2025
387,Delhi,Saket,Biryani Chinese Zone,"Pizza, Seafood, Arabian, Chinese",362,3.2,13804,2690,973780,29,0,Swiggy One,"96, Vaidya Road, Sambalpur 796476",13-06-2025
388,Mumbai,Powai,Royal Pizza Corner,"Ice Cream, Chinese, Mughlai, Biryani",173,4.4,10076,4725,817425,59,25,Regular Delivery,"81, Srinivasan Chowk, Suryapet 688896",09-04-2026
389,Hyderabad,Hitech City,Spice Bakery Point,"Desserts, Seafood",1096,3.1,13913,3143,3444728,58,50,Swiggy Genie,"H.No. 737, Chahal, Salem 765270",19-08-2025
390,Mumbai,Dadar,Spice Andhra Hub,"Pizza, Chinese, Biryani, Andhra",672,4.8,3696,1755,1179360,67,20,Swiggy Genie,"616, Saraf Road, Rampur-804717",28-06-2025
391,Hyderabad,Banjara Hills,Food Mughlai Hub,"Seafood, Andhra, Desserts, Biryani",899,4.3,6507,4345,3906155,59,0,Swiggy Genie,"709, Deol Ganj, Shahjahanpur 976021",08-01-2026
392,Mumbai,Dadar,Express Mughlai Hub,Desserts,913,3.9,10382,2465,2250545,23,20,Swiggy One,"H.No. 73, Ram Chowk, Thoothukudi-349988",07-02-2026
393,Mumbai,Powai,Street South Indian Zone,"Italian, Chinese, Fast Food",411,3.8,10635,4181,1718391,48,10,Swiggy Genie,"83/063, Suri Nagar, Haldia 478447",20-09-2025
394,Hyderabad,Hitech City,Biryani Italian Hub,"Mughlai, Fast Food",486,3.8,14740,3804,1848744,65,20,Swiggy Genie,"H.No. 297, Sahota Circle, Karnal-081404",02-11-2025
395,Chennai,T Nagar,Royal Italian Factory,"Biryani, South Indian",294,3.9,6342,3182,935508,66,15,Regular Delivery,"66, Thaman Ganj, Surendranagar Dudhrej-280745",09-09-2025
396,Mumbai,Andheri,House Pizza Corner,"Seafood, Arabian",416,3.2,11716,2603,1082848,23,40,Swiggy One,"44/55, Kade Circle, Ambala 994004",03-11-2025
397,Mumbai,Powai,Urban Fast Food Hub,"Biryani, Italian",638,2.8,8203,4532,2891416,74,50,Swiggy Genie,"H.No. 898, Kannan Marg, Akola 633535",24-06-2025
398,Delhi,Dwarka,House Healthy Food World,"Fast Food, Arabian",959,3.7,9900,2084,1998556,58,0,Regular Delivery,"255, Ratti Zila, Madhyamgram-630070",09-03-2026
399,Chennai,OMR,Urban South Indian Factory,"South Indian, Chinese",195,3.1,581,2792,544440,62,25,Swiggy Genie,"198, Dewan Circle, Sultan Pur Majra-587589",25-11-2025
400,Bangalore,BTM Layout,Delight Burgers World,"Burgers, Chinese, Seafood, Pizza",857,4.8,1575,2724,2334468,69,25,Swiggy One,"60/181, D’Alia, Howrah-853269",18-09-2025
401,Mumbai,Andheri,Royal Ice Cream Factory,"Chinese, Pizza, Desserts, Healthy Food",1199,3.7,3488,556,666644,64,20,Swiggy Genie,"H.No. 64, Tara Path, Siwan-210641",30-04-2026
402,Delhi,Rohini,Cafe Arabian Treats,Healthy Food,768,3.3,9473,1142,877056,59,30,Regular Delivery,"486, Shanker Road, Mirzapur 200304",17-03-2026
403,Delhi,Dwarka,Tandoori Arabian Junction,"Healthy Food, Mughlai, Chinese, Arabian",123,3,7666,1778,218694,60,10,Regular Delivery,"85, Krishna Circle, Dhanbad-267799",11-04-2026
404,Mumbai,Dadar,Biryani Fast Food Hub,Seafood,532,4.2,4218,2601,1383732,70,10,Swiggy One,"H.No. 101, De Street, Tiruvottiyur-203077",22-05-2026
405,Delhi,Rohini,Biryani Seafood Treats,"North Indian, South Indian, Seafood",179,4.5,3228,4004,716716,41,30,Swiggy One,"H.No. 773, Behl Street, Phusro-799006",17-09-2025
406,Bangalore,Indiranagar,Biryani Italian Treats,"Pizza, Seafood, Desserts, Ice Cream",234,4.6,4954,4628,1082952,56,30,Regular Delivery,"82, Ganesh Street, Darbhanga 988840",12-11-2025
407,Bangalore,Indiranagar,Street North Indian Factory,"Bakery, South Indian, Chinese",888,4.1,13851,1615,1434120,30,40,Regular Delivery,"H.No. 13, Lall Road, Chinsurah-102497",16-03-2026
408,Bangalore,Koramangala,Royal Healthy Food Junction,"South Indian, Pizza, Fast Food",881,3.7,5008,1513,1332953,33,25,Swiggy Genie,"160, Ben, Tumkur 704287",28-04-2026
409,Chennai,Anna Nagar,Express North Indian World,"Chinese, Desserts",1144,3.1,5622,2761,3158584,50,25,Swiggy Genie,"05, Golla, Amaravati 866154",14-05-2026
410,Bangalore,Jayanagar,Spice Italian Treats,"Fast Food, Bakery",1189,3,5145,2810,3341090,22,10,Swiggy One,"H.No. 20, Kunda Marg, Tiruppur-861265",10-03-2026
411,Bangalore,BTM Layout,Street Fast Food Factory,"North Indian, Arabian, Mughlai",530,3.2,4582,3693,1957290,54,30,Regular Delivery,"45, Iyer Zila, Cuttack 267969",07-06-2025
412,Bangalore,Koramangala,Royal North Indian Grill,"Burgers, Pizza",1172,3,8938,2300,2695600,42,30,Swiggy Genie,"166, Bhardwaj Circle, Tiruchirappalli 181574",09-05-2026
413,Chennai,OMR,Street Seafood Zone,"Burgers, South Indian",1028,2.9,525,947,973516,50,0,Swiggy One,"42/88, Dhaliwal Path, Mathura 861855",16-07-2025
414,Bangalore,BTM Layout,Delight Italian Grill,"Mughlai, Chinese, Bakery, Arabian",848,3.5,13442,3894,3302112,32,10,Regular Delivery,"503, Bala Circle, Shahjahanpur 094969",14-07-2025
415,Hyderabad,Madhapur,House Italian World,"Biryani, Desserts, Pizza, Seafood",594,4.8,2404,3057,1815858,75,25,Swiggy One,"10/507, Singhal Zila, Singrauli 170936",21-09-2025
416,Hyderabad,Kukatpally,Royal Healthy Food Point,"Italian, Desserts, North Indian",839,3.8,13907,2935,2462465,30,25,Regular Delivery,"12/78, Viswanathan Zila, Davanagere-086401",16-01-2026
417,Delhi,Saket,Cafe Biryani Factory,Mughlai,265,4.5,8778,4917,1303005,49,40,Swiggy One,"02/06, Bawa Chowk, Sambalpur 798565",22-02-2026
418,Hyderabad,Hitech City,Food Chinese Factory,"Burgers, Desserts",546,4.5,9732,4726,2580396,47,40,Swiggy One,"661, Kalita Ganj, Udaipur 380017",09-04-2026
419,Delhi,Saket,Cafe Healthy Food Point,"Chinese, Bakery",1068,3.5,1649,1523,1626564,72,50,Swiggy One,"692, Saha, Thiruvananthapuram-558803",10-05-2026
420,Mumbai,Andheri,Biryani Healthy Food Hub,Mughlai,305,3.3,2326,1281,390705,57,0,Regular Delivery,"975, Thakkar Nagar, Meerut 770194",09-04-2026
421,Hyderabad,Banjara Hills,Kitchen Fast Food Junction,"Mughlai, Arabian, Italian",768,3.4,13064,3641,2796288,63,25,Regular Delivery,"H.No. 371, Kadakia Circle, Ulhasnagar 760539",01-01-2026
422,Chennai,Anna Nagar,Urban Arabian Hub,Mughlai,876,4.7,920,978,856728,20,30,Swiggy One,"91/092, Dash Path, Gwalior 237843",26-05-2025
423,Bangalore,Indiranagar,Food Mughlai Treats,"Mughlai, Seafood, Burgers, Bakery",1011,3.9,10904,1219,1232409,31,50,Swiggy Genie,"17/381, Kunda Path, Aurangabad 515832",08-05-2026
424,Delhi,Dwarka,House Pizza Corner,"Andhra, Chinese, Pizza",143,3,307,3657,522951,29,50,Swiggy Genie,"H.No. 83, Arora Ganj, Bihar Sharif 512167",27-05-2025
425,Bangalore,Indiranagar,Delight Andhra Grill,"Italian, Healthy Food, Mughlai, Bakery",488,3.8,6998,3231,1576728,55,50,Swiggy One,"932, Iyengar Chowk, Hazaribagh-260744",16-07-2025
426,Hyderabad,Gachibowli,Tandoori Ice Cream Treats,"North Indian, Arabian, Desserts, Bakery",871,2.9,670,3099,2699229,56,50,Swiggy Genie,"39/540, Kapadia Marg, Narasaraopet-494612",21-05-2026
427,Delhi,Dwarka,Cafe Ice Cream World,Pizza,1178,3,14630,2088,2459664,59,10,Swiggy One,"H.No. 32, Mall Street, Ballia-689002",08-12-2025
428,Bangalore,Jayanagar,Express North Indian World,"South Indian, Italian, Burgers",1049,3.9,7737,3528,3700872,56,30,Swiggy One,"H.No. 76, Baria Path, Giridih-674715",19-04-2026
429,Chennai,T Nagar,Delight Arabian Grill,"South Indian, Bakery",653,2.9,7802,4772,3116116,57,15,Swiggy Genie,"H.No. 649, Doshi Nagar, Bardhaman-782034",27-09-2025
430,Chennai,OMR,Kitchen Chinese Corner,Arabian,1155,3,12891,1165,1345575,37,25,Regular Delivery,"740, Ramaswamy Circle, Bilaspur-287445",01-12-2025
431,Chennai,T Nagar,Delight Burgers Grill,"North Indian, Bakery, South Indian",429,4.2,6108,2220,952380,71,15,Regular Delivery,"H.No. 90, Thaman, Rourkela 711203",11-04-2026
432,Hyderabad,Banjara Hills,Royal Pizza Grill,"South Indian, Burgers",435,4.6,12383,2029,882615,46,40,Regular Delivery,"H.No. 735, Ramesh Chowk, Bhavnagar-428076",12-09-2025
433,Mumbai,Bandra,House Ice Cream Point,"Bakery, North Indian",227,3.2,6583,3981,903687,50,25,Regular Delivery,"H.No. 72, Banik Marg, Morbi-254964",04-04-2026
434,Delhi,Saket,Express Andhra Hub,"Mughlai, Desserts, Pizza, Chinese",711,4.7,7403,4423,3144753,44,30,Regular Delivery,"583, Sarraf Zila, Bhilwara-779241",13-05-2026
435,Bangalore,BTM Layout,Street Seafood Palace,"Andhra, Arabian, Seafood",666,4.5,4233,3857,2568762,61,40,Regular Delivery,"H.No. 33, Kulkarni Path, Bulandshahr-096242",17-07-2025
436,Hyderabad,Hitech City,Cafe Burgers Factory,"Seafood, Healthy Food",141,4.2,13676,3448,486168,24,0,Swiggy Genie,"64, Swaminathan, Siliguri-453184",09-08-2025
437,Delhi,Connaught Place,Street Fast Food Hub,"Bakery, Biryani, Healthy Food, Pizza",168,4.1,981,4990,838320,58,20,Regular Delivery,"74/355, Dugal, Udaipur 918263",27-11-2025
438,Bangalore,BTM Layout,Food Burgers Point,Pizza,497,3.3,7700,3794,1885618,62,10,Swiggy One,"64, Chaudhary Nagar, Jammu 877900",28-09-2025
439,Mumbai,Powai,Street South Indian Treats,"Burgers, Mughlai, South Indian",915,3.5,1034,1537,1406355,36,25,Swiggy One,"46/89, Golla Ganj, Pimpri-Chinchwad 347631",11-09-2025
440,Bangalore,Whitefield,House Healthy Food Point,"Mughlai, Chinese",414,3.9,7115,3697,1530558,33,10,Regular Delivery,"H.No. 84, Hans, Pondicherry-273705",17-12-2025
441,Chennai,Anna Nagar,Royal Ice Cream World,Chinese,158,4.7,2488,389,61462,61,0,Regular Delivery,"15/31, Korpal Road, Sirsa 280612",11-08-2025
442,Mumbai,Powai,Food North Indian Zone,"Seafood, Italian",1124,3.8,6667,4504,5062496,74,10,Swiggy Genie,"456, Vala Circle, Haldia-143307",13-01-2026
443,Bangalore,Whitefield,Biryani Arabian Treats,"Biryani, Arabian, Ice Cream, Burgers",233,4.1,10651,4459,1038947,25,30,Swiggy One,"61, Lanka Circle, Cuttack-356357",12-10-2025
444,Bangalore,Whitefield,Spice Mughlai Junction,"Fast Food, Chinese, Ice Cream",732,4.3,14737,4065,2975580,26,30,Swiggy Genie,"H.No. 938, Sandal Nagar, Satna-487184",27-04-2026
445,Mumbai,Bandra,Spice Desserts World,"South Indian, Biryani",916,2.9,8906,4173,3822468,61,25,Regular Delivery,"H.No. 81, De Zila, Mira-Bhayandar-216191",16-12-2025
446,Mumbai,Andheri,Spice Seafood Hub,Seafood,950,3,13273,4475,4251250,61,50,Swiggy Genie,"H.No. 107, Kanda Circle, Tadepalligudem-464461",24-03-2026
447,Delhi,Saket,Cafe Pizza World,South Indian,159,3.8,10181,1149,182691,22,20,Swiggy Genie,"725, Chadha Ganj, Eluru-193374",24-05-2026
448,Hyderabad,Madhapur,Urban Chinese Point,"Biryani, Desserts, Arabian",353,3.8,13143,596,210388,59,20,Swiggy Genie,"87/10, Sarkar Marg, Hospet-079760",03-01-2026
449,Mumbai,Powai,Express Pizza Factory,"Seafood, South Indian, Healthy Food, Arabian",556,4.4,9767,597,331932,31,30,Swiggy Genie,"33, Ramanathan Zila, Burhanpur 218092",09-10-2025
450,Chennai,Velachery,Urban Italian Junction,"Burgers, Bakery, Healthy Food, Ice Cream",203,3.1,13010,1372,278516,74,40,Swiggy Genie,"H.No. 60, Barad Zila, Lucknow 460844",14-07-2025
451,Mumbai,Andheri,Urban Chinese Grill,North Indian,701,3.7,13278,1119,784419,70,50,Swiggy Genie,"88, Shere Ganj, Etawah-883847",14-08-2025
452,Hyderabad,Kukatpally,Cafe South Indian Grill,"Andhra, Biryani, Chinese, Arabian",488,4.3,10077,2929,1429352,25,25,Swiggy One,"H.No. 65, Kala Ganj, Hazaribagh 318919",23-11-2025
453,Bangalore,Jayanagar,Express Biryani Grill,"Fast Food, South Indian",861,4.6,8892,3882,3342402,52,20,Regular Delivery,"26/265, Gandhi Path, Bhind-846827",03-11-2025
454,Hyderabad,Kukatpally,Royal Pizza World,Fast Food,1138,3.2,11029,3063,3485694,22,0,Swiggy One,"77/627, Kashyap Chowk, Mirzapur-584234",31-07-2025
455,Hyderabad,Banjara Hills,Kitchen South Indian Point,"Seafood, Arabian, Mughlai",227,4.7,2931,4053,920031,30,0,Regular Delivery,"58, Saxena Zila, Sangli-Miraj & Kupwad 512055",21-09-2025
456,Bangalore,BTM Layout,Delight Seafood Treats,"Italian, Arabian",527,4.4,14768,982,517514,40,20,Swiggy One,"97, Sathe Nagar, Singrauli 446640",11-07-2025
457,Hyderabad,Madhapur,Tandoori Mughlai Junction,"Andhra, Healthy Food",270,3.8,7986,1267,342090,23,40,Swiggy Genie,"96/583, Karnik Circle, Rajahmundry-207048",14-01-2026
458,Delhi,Dwarka,Urban Italian Junction,"Mughlai, Burgers",854,4.8,3363,342,292068,41,15,Regular Delivery,"70, Suri Marg, Machilipatnam-300112",25-10-2025
459,Delhi,Connaught Place,Kitchen Italian Treats,"Pizza, South Indian, Andhra",470,4.4,3652,1472,691840,38,15,Regular Delivery,"05/04, Ravi Street, Tenali-524430",03-07-2025
460,Delhi,Saket,Express Healthy Food Junction,Andhra,1089,4.6,4623,2100,2286900,20,40,Swiggy Genie,"H.No. 882, Krishnan, Shimoga 341612",03-01-2026
461,Chennai,Adyar,Delight North Indian Treats,"Pizza, Italian",210,2.9,7761,3567,749070,66,0,Regular Delivery,"193, Dhillon Marg, Nizamabad 265828",25-03-2026
462,Mumbai,Dadar,Kitchen Desserts Point,Italian,145,4.3,6712,3016,437320,33,15,Swiggy One,"77, Mannan, Vasai-Virar-406581",27-09-2025
463,Hyderabad,Madhapur,House Arabian Corner,Healthy Food,1060,4.6,12293,3806,4034360,57,0,Swiggy One,"H.No. 410, Soni Ganj, Kolhapur 248238",02-08-2025
464,Hyderabad,Banjara Hills,Kitchen North Indian Point,"Bakery, Seafood",908,4.7,5504,2509,2278172,53,0,Swiggy One,"90/59, Din Chowk, Thiruvananthapuram-187614",02-10-2025
465,Chennai,OMR,Biryani South Indian Zone,"Chinese, Arabian",865,4.7,1868,3892,3366580,44,30,Regular Delivery,"97, Sekhon Street, Madanapalle 049434",23-12-2025
466,Bangalore,Koramangala,Cafe Chinese Zone,"Burgers, Seafood, Ice Cream",539,3.1,5537,3999,2155461,35,10,Regular Delivery,"H.No. 751, Bahri Street, Ichalkaranji 422386",17-12-2025
467,Delhi,Saket,Street Andhra Palace,"Seafood, Burgers",231,2.9,5706,4187,967197,48,50,Regular Delivery,"52/54, Bhatia Street, Amritsar-135828",07-05-2026
468,Bangalore,Whitefield,House Chinese Junction,"Italian, Arabian, Burgers",1057,3,6450,710,750470,31,25,Swiggy Genie,"31/13, Khare Chowk, Dhule 546294",04-01-2026
469,Hyderabad,Kukatpally,Kitchen Pizza Junction,Pizza,1186,4.8,421,4515,5354790,38,40,Swiggy Genie,"55/066, Hora Circle, Latur 180037",05-10-2025
470,Mumbai,Powai,Street Fast Food Point,"Italian, Bakery, Seafood, North Indian",165,4.6,3856,3452,569580,73,30,Regular Delivery,"033, Wason Marg, Tumkur 196927",30-12-2025
471,Chennai,T Nagar,Urban Arabian Corner,"Italian, Desserts, Pizza, Arabian",652,3.3,6143,1295,844340,38,0,Swiggy One,"495, Kothari Ganj, Rajkot 077185",23-05-2026
472,Chennai,Adyar,Express Arabian Corner,"Burgers, Bakery",479,4.6,11401,1400,670600,62,15,Swiggy Genie,"97, Bava Nagar, Deoghar 691417",21-12-2025
473,Bangalore,BTM Layout,Biryani Burgers Junction,"Pizza, Desserts, Healthy Food",191,4.2,5683,3753,716823,29,30,Regular Delivery,"H.No. 635, Kala Road, Jabalpur-566493",02-09-2025
474,Hyderabad,Hitech City,Food Healthy Food Corner,"Biryani, Italian, North Indian",1058,4.7,2606,2501,2646058,20,30,Swiggy One,"833, Kota Chowk, Bijapur 396028",25-05-2025
475,Chennai,OMR,Cafe Biryani World,"Italian, Burgers",202,3.1,9076,283,57166,27,25,Swiggy One,"33/11, Joshi, Khandwa 331642",22-01-2026
476,Delhi,Saket,Delight Fast Food Grill,"Bakery, South Indian, Burgers, North Indian",1198,3.3,12618,264,316272,37,20,Swiggy Genie,"014, Mand Street, Tezpur-519658",14-07-2025
477,Delhi,Dwarka,Tandoori Healthy Food Factory,Mughlai,1167,4.8,14933,3336,3893112,62,30,Swiggy Genie,"57/68, Jayaraman Path, Karnal-709795",11-05-2026
478,Mumbai,Powai,Biryani Arabian World,"Bakery, North Indian, Pizza, Burgers",299,3.3,14595,3704,1107496,48,40,Swiggy One,"09/75, Sagar Street, Katni 471200",20-12-2025
479,Hyderabad,Banjara Hills,Royal Pizza Junction,"Pizza, Andhra, Arabian, Italian",741,3.8,14263,621,460161,53,30,Regular Delivery,"H.No. 435, Aurora Zila, Rajkot 273961",30-04-2026
480,Mumbai,Andheri,House Ice Cream Treats,Andhra,478,4,11686,1712,818336,56,15,Swiggy Genie,"50/856, Mahajan Zila, Amritsar 881277",17-06-2025
481,Mumbai,Powai,Delight Arabian World,"South Indian, Andhra, Italian, Pizza",1069,3.3,13013,2231,2384939,20,15,Swiggy One,"H.No. 71, Thakkar Path, Raebareli 884009",24-03-2026
482,Mumbai,Andheri,Cafe Desserts Hub,"Andhra, Chinese, Desserts",364,4.4,8128,4840,1761760,24,30,Swiggy One,"H.No. 58, Badami Street, Shahjahanpur-470166",16-03-2026
483,Delhi,Dwarka,Royal Bakery Zone,"Healthy Food, Bakery, Andhra",155,4.6,2718,1277,197935,57,0,Swiggy One,"61, Cheema Ganj, Ramagundam 661172",02-05-2026
484,Mumbai,Bandra,Biryani Andhra Factory,"Burgers, North Indian, Pizza",219,3.4,8727,4289,939291,60,10,Swiggy Genie,"H.No. 25, Sanghvi Ganj, Tiruppur-062360",04-08-2025
485,Hyderabad,Madhapur,Biryani Arabian Palace,"Seafood, Andhra",862,3,9553,185,159470,42,15,Swiggy Genie,"H.No. 61, Ravel Nagar, Kurnool-150464",10-06-2025
486,Delhi,Karol Bagh,Urban Biryani Junction,"Healthy Food, Fast Food, Burgers",436,3.9,13674,3498,1525128,32,10,Swiggy One,"H.No. 09, Vasa Marg, Kadapa-078156",02-09-2025
487,Bangalore,BTM Layout,Biryani Arabian Factory,"North Indian, Desserts",404,4.5,14627,1490,601960,58,30,Regular Delivery,"H.No. 514, Agrawal Nagar, Udupi-587097",31-12-2025
488,Chennai,Anna Nagar,Urban Pizza Junction,Desserts,749,3.1,2183,995,745255,25,40,Swiggy Genie,"H.No. 434, Dave Path, Sangli-Miraj & Kupwad-598890",21-07-2025
489,Bangalore,Whitefield,House South Indian World,"South Indian, Biryani, Healthy Food, North Indian",363,4.7,759,164,59532,24,25,Swiggy Genie,"439, Sandal Marg, Kumbakonam-853841",30-07-2025
490,Bangalore,Jayanagar,House Bakery Hub,"Fast Food, Chinese",305,3.1,12275,2965,904325,37,30,Swiggy Genie,"H.No. 216, Contractor, Jalandhar 262366",30-06-2025
491,Delhi,Rohini,Delight North Indian Zone,"Chinese, South Indian",564,4.3,4667,888,500832,30,0,Swiggy Genie,"267, Mani Ganj, Jammu-917002",03-10-2025
492,Delhi,Dwarka,Royal Burgers Factory,"Burgers, Desserts, Seafood",897,3.7,8475,1004,900588,34,40,Swiggy One,"801, Ramesh Marg, Kochi 785438",08-12-2025
493,Bangalore,Whitefield,Kitchen Bakery Palace,Pizza,203,3,8138,2403,487809,27,40,Swiggy One,"10/442, Bhandari Ganj, Gopalpur 110368",14-12-2025
494,Delhi,Karol Bagh,Food Fast Food Point,"Desserts, Ice Cream, Fast Food, Pizza",1094,4.8,6070,4107,4493058,31,0,Regular Delivery,"52/30, Kata Nagar, Pudukkottai 596587",13-12-2025
495,Bangalore,Whitefield,Food Biryani Corner,"Chinese, South Indian, Healthy Food, Fast Food",252,3.6,3311,4953,1248156,41,20,Swiggy One,"247, Sundaram Nagar, Udaipur-130346",04-03-2026
496,Bangalore,Indiranagar,Delight Ice Cream Treats,"Healthy Food, Pizza, Mughlai, Bakery",849,3.8,9932,4269,3624381,45,50,Swiggy One,"H.No. 33, Baria Marg, Tumkur-933846",10-06-2025
497,Hyderabad,Banjara Hills,Street Healthy Food World,Biryani,592,4.1,2255,512,303104,21,10,Swiggy Genie,"647, Sha Ganj, Thiruvananthapuram 030833",15-10-2025
498,Mumbai,Andheri,House Seafood Corner,"Mughlai, Arabian",740,4.1,1628,4339,3210860,68,10,Swiggy One,"29, Solanki Circle, Bhalswa Jahangir Pur 428265",31-08-2025
499,Mumbai,Bandra,Street Seafood Zone,"Healthy Food, Desserts, Ice Cream",156,4.8,567,3222,502632,47,10,Swiggy One,"878, Basak Marg, Lucknow-826746",25-01-2026
500,Chennai,Adyar,Express Arabian Corner,"Italian, North Indian, Healthy Food, Chinese",1126,3.7,5169,4073,4586198,65,40,Swiggy Genie,"30/25, Mani Ganj, Barasat 893522",14-01-2026
501,Delhi,Dwarka,Express South Indian Treats,"Healthy Food, Ice Cream, Andhra, Chinese",659,3.8,6239,2410,1588190,59,30,Swiggy One,"28/68, Dube Chowk, Cuttack-611738",16-09-2025
502,Bangalore,BTM Layout,Biryani Bakery Grill,Pizza,175,4.4,10292,877,153475,41,40,Swiggy One,"79, Varma Nagar, Gandhinagar-216536",04-02-2026
503,Chennai,T Nagar,Tandoori Desserts Palace,"Bakery, North Indian, Seafood, Biryani",293,4.7,1123,1017,297981,75,25,Swiggy One,"09, Bhattacharyya Chowk, Panipat 536960",09-11-2025
504,Hyderabad,Madhapur,Food Andhra Palace,"South Indian, Desserts, Seafood",161,4.3,9683,3174,511014,21,30,Regular Delivery,"01, Bedi Road, Bhilwara 376617",02-10-2025
505,Mumbai,Powai,Royal Fast Food Factory,Healthy Food,1137,3.9,12582,1445,1642965,62,30,Regular Delivery,"01/447, Divan Circle, Silchar 659270",20-01-2026
506,Chennai,T Nagar,Royal Fast Food Palace,"Fast Food, Desserts, Seafood, Mughlai",663,2.9,9446,833,552279,45,20,Regular Delivery,"58/34, Keer Ganj, Pune-249200",13-03-2026
507,Delhi,Connaught Place,Express Healthy Food Treats,"Ice Cream, South Indian, Arabian",549,3.5,1306,4214,2313486,61,25,Swiggy One,"H.No. 971, Virk Circle, Danapur-443496",29-04-2026
508,Mumbai,Lower Parel,Street Italian Zone,"Fast Food, Healthy Food, Italian",489,4.6,10336,4805,2349645,65,15,Swiggy One,"05, Samra Path, Lucknow-479288",06-02-2026
509,Hyderabad,Banjara Hills,Cafe South Indian Zone,"Andhra, Italian, Arabian",530,3.6,2470,2539,1345670,35,15,Swiggy One,"20, Aurora Road, Rampur-987925",16-08-2025
510,Mumbai,Powai,Food Ice Cream Palace,Fast Food,448,3.3,9900,2033,910784,35,40,Swiggy Genie,"598, Dara Street, Pondicherry-661164",13-07-2025
511,Hyderabad,Gachibowli,Street Italian World,Desserts,1013,3.7,14888,1385,1403005,22,20,Swiggy One,"80, Mani Circle, Gorakhpur 210559",29-11-2025
512,Hyderabad,Madhapur,Urban South Indian World,"Ice Cream, Seafood, Healthy Food",160,2.9,14738,2521,403360,25,30,Swiggy Genie,"685, Kala, Howrah 356503",29-04-2026
513,Mumbai,Powai,Cafe Pizza Junction,Mughlai,349,4,8246,4146,1446954,27,25,Swiggy Genie,"14, Brahmbhatt Chowk, Raichur 646666",05-09-2025
514,Hyderabad,Hitech City,Biryani Mughlai Junction,Seafood,986,3.3,1800,2329,2296394,31,20,Swiggy One,"H.No. 52, Venkataraman Nagar, Meerut-068765",12-01-2026
515,Mumbai,Powai,Express Bakery Point,Healthy Food,768,3.9,7830,2355,1808640,63,20,Swiggy Genie,"25/20, Kara Path, Jabalpur 804948",10-11-2025
516,Chennai,Adyar,Delight South Indian Hub,"Arabian, North Indian, Seafood",610,3.3,6352,1079,658190,39,30,Regular Delivery,"26/048, Brahmbhatt Road, Kavali-122102",22-08-2025
517,Hyderabad,Banjara Hills,Street Chinese Junction,"North Indian, Italian, Fast Food, Pizza",729,3.2,14635,2678,1952262,30,50,Regular Delivery,"H.No. 38, Sane Marg, Tumkur 715501",22-03-2026
518,Mumbai,Andheri,Kitchen Healthy Food Treats,"Chinese, Andhra, Mughlai",801,4.3,14414,1393,1115793,72,10,Regular Delivery,"95, Butala Zila, Kolhapur 331082",24-12-2025
519,Chennai,OMR,Food Seafood World,Bakery,176,4.4,10558,3712,653312,61,15,Regular Delivery,"H.No. 093, Chhabra Ganj, Karnal-369494",12-05-2026
520,Hyderabad,Madhapur,Delight Chinese Point,"Fast Food, Seafood, Pizza, Burgers",443,3.3,11741,4946,2191078,69,15,Regular Delivery,"H.No. 37, Gandhi Circle, Dibrugarh 856204",03-02-2026
521,Mumbai,Powai,Street Burgers Grill,"Healthy Food, Andhra, Bakery, Chinese",790,4.5,3304,3091,2441890,25,40,Swiggy Genie,"H.No. 423, Shankar Circle, Aizawl-888549",08-06-2025
522,Mumbai,Dadar,Express Desserts Point,"North Indian, Healthy Food",1067,3.2,11539,487,519629,74,15,Swiggy One,"861, Saran Chowk, Saharanpur 316032",08-01-2026
523,Delhi,Dwarka,Urban Biryani Hub,"Pizza, South Indian, Burgers",1196,3.7,7483,1050,1255800,72,50,Swiggy Genie,"H.No. 13, Datta Chowk, Kurnool-347818",17-01-2026
524,Hyderabad,Gachibowli,Food Pizza Treats,"Arabian, Bakery, Desserts",543,4.1,13551,3506,1903758,38,20,Swiggy Genie,"63/91, Chhabra Street, Purnia 004448",23-10-2025
525,Mumbai,Bandra,Street Desserts Grill,Arabian,1043,4.7,6106,782,815626,57,50,Swiggy Genie,"306, Bassi Road, Ulhasnagar 645834",17-04-2026
526,Mumbai,Bandra,Cafe Mughlai Treats,"Mughlai, Seafood, Biryani",644,3,9175,2806,1807064,23,0,Swiggy Genie,"H.No. 90, Bhagat Road, Machilipatnam-427427",29-10-2025
527,Mumbai,Powai,Street Mughlai Palace,North Indian,928,4.2,2216,4835,4486880,55,0,Swiggy Genie,"371, Setty Chowk, Dhanbad-185806",25-07-2025
528,Chennai,Velachery,Royal Seafood Zone,"Seafood, Italian, Desserts, Chinese",1006,3.1,1964,1127,1133762,40,0,Swiggy One,"H.No. 21, Kapadia Zila, Kirari Suleman Nagar 328054",13-01-2026
529,Chennai,T Nagar,Street Seafood Treats,"Arabian, Italian, Pizza, Healthy Food",457,3.5,8099,4632,2116824,68,15,Regular Delivery,"59/384, Cherian Nagar, Vadodara-416600",28-05-2025
530,Mumbai,Andheri,Tandoori Burgers Hub,"Pizza, North Indian",1083,3.3,11616,1030,1115490,49,40,Swiggy One,"64, Sahni, Malda 197676",13-02-2026
531,Bangalore,Whitefield,Royal Pizza Point,"Healthy Food, Desserts, Italian",835,3,14274,1458,1217430,38,15,Regular Delivery,"168, Wadhwa Ganj, Dindigul 003433",14-10-2025
532,Delhi,Karol Bagh,Delight Burgers Treats,"North Indian, Ice Cream",277,3.3,8211,2772,767844,63,10,Swiggy Genie,"471, Chadha Chowk, Delhi-816635",02-11-2025
533,Chennai,Anna Nagar,Urban North Indian Point,"Bakery, Arabian, South Indian, Burgers",1062,4.5,10855,2286,2427732,50,50,Regular Delivery,"H.No. 916, Sura Circle, Chandrapur-011086",11-02-2026
534,Bangalore,Koramangala,Biryani Pizza Junction,Italian,219,4.5,4685,659,144321,40,0,Regular Delivery,"27, Butala Street, Sambalpur 175380",08-01-2026
535,Delhi,Dwarka,Street Burgers Junction,Mughlai,936,3,14014,3262,3053232,33,15,Swiggy One,"96, Lad Marg, Patna-706414",24-10-2025
536,Chennai,Velachery,Kitchen Andhra Palace,Arabian,388,3.6,1624,4279,1660252,73,30,Swiggy Genie,"22/17, Batta Chowk, Adoni 172843",10-06-2025
537,Mumbai,Dadar,Food Chinese Treats,"Healthy Food, Pizza, Arabian, Andhra",874,4.1,7162,841,735034,60,40,Swiggy Genie,"47, Dhawan Path, Jalgaon-743630",28-05-2025
538,Delhi,Karol Bagh,Urban Healthy Food Zone,"Desserts, Seafood, Italian, Bakery",1194,3,7721,3992,4766448,47,10,Swiggy One,"64/096, Bansal Zila, Ahmedabad-035130",15-01-2026
539,Hyderabad,Gachibowli,Street South Indian Zone,"Desserts, Ice Cream, Fast Food",276,4.7,8461,3463,955788,26,40,Swiggy Genie,"67, Dhaliwal Ganj, Chennai-071905",24-08-2025
540,Mumbai,Lower Parel,Royal North Indian Point,"Bakery, Pizza, Arabian",1067,3.2,3035,450,480150,73,40,Swiggy Genie,"H.No. 94, Ravel Path, Gandhidham 609542",08-11-2025
541,Mumbai,Powai,Kitchen Ice Cream Factory,"Italian, Mughlai, Seafood",503,3.2,1331,951,478353,67,25,Swiggy One,"86/442, Chakraborty Nagar, Meerut 765462",03-06-2025
542,Delhi,Connaught Place,Royal North Indian Corner,Mughlai,1097,3.8,6687,2560,2808320,75,50,Regular Delivery,"H.No. 36, Balakrishnan Zila, Pondicherry 836593",18-10-2025
543,Delhi,Karol Bagh,Spice Fast Food Point,"Arabian, South Indian, Chinese, Andhra",152,4.3,3133,1794,272688,74,0,Swiggy One,"01/312, Sandhu Zila, Panchkula-308741",17-11-2025
544,Hyderabad,Gachibowli,Kitchen Pizza World,"Fast Food, South Indian, Pizza, Mughlai",984,2.8,2771,4053,3988152,29,50,Swiggy One,"H.No. 916, Swaminathan Nagar, Rajpur Sonarpur 893798",05-05-2026
545,Bangalore,Whitefield,Delight Mughlai Hub,"Fast Food, Pizza",803,2.8,10378,3485,2798455,74,40,Swiggy One,"987, Kaur Road, Etawah 191468",24-08-2025
546,Delhi,Rohini,Kitchen Healthy Food Junction,"South Indian, Desserts, Fast Food",244,3.9,6964,4612,1125328,56,30,Swiggy Genie,"86/256, Datta Circle, Jamshedpur-815743",23-06-2025
547,Chennai,Adyar,Biryani Italian Treats,"Biryani, Desserts, Arabian, Seafood",162,3.1,11948,2896,469152,32,50,Swiggy One,"H.No. 07, Deo Nagar, Bareilly-665315",26-01-2026
548,Hyderabad,Hitech City,Delight Italian Corner,"Seafood, Italian",720,4.3,6445,3949,2843280,46,30,Swiggy Genie,"H.No. 847, Varghese Path, Hubli–Dharwad 130336",05-07-2025
549,Delhi,Saket,Urban Burgers Junction,"Chinese, Seafood, Desserts",440,4.1,1703,4124,1814560,70,40,Swiggy One,"H.No. 74, Bala Street, Tinsukia 755433",17-02-2026
550,Hyderabad,Gachibowli,Biryani Ice Cream Factory,North Indian,444,3.2,14131,601,266844,52,0,Swiggy One,"70, Banik Marg, Guwahati 308111",12-07-2025
551,Mumbai,Andheri,Tandoori Healthy Food Palace,"Biryani, Ice Cream",816,4.4,12655,1318,1075488,22,25,Regular Delivery,"50/455, Varma Marg, Katihar-237940",03-12-2025
552,Delhi,Rohini,Kitchen Italian Point,South Indian,336,4.4,10038,4687,1574832,70,10,Swiggy Genie,"H.No. 80, Bakshi Zila, Sonipat-827158",15-04-2026
553,Delhi,Connaught Place,Tandoori Bakery Corner,"Biryani, Andhra",718,4.3,12534,893,641174,52,50,Swiggy Genie,"86/881, Bhardwaj, Proddatur 902715",16-02-2026
554,Chennai,T Nagar,Tandoori Italian Treats,"Biryani, Andhra",133,3.3,13307,2429,323057,50,30,Regular Delivery,"H.No. 01, Saha Zila, Singrauli 696265",23-01-2026
555,Hyderabad,Madhapur,Food Bakery Junction,"Bakery, Healthy Food, Mughlai",430,4.4,8727,1210,520300,46,20,Swiggy One,"07/38, Subramanian Nagar, Thane-015564",15-12-2025
556,Mumbai,Dadar,Spice Chinese Point,"Bakery, North Indian, Desserts, Chinese",812,3.5,12704,583,473396,30,40,Swiggy One,"75/33, Kata Street, Kochi 948078",10-03-2026
557,Bangalore,Indiranagar,Food Mughlai Zone,Arabian,743,4.3,5189,2371,1761653,42,0,Regular Delivery,"30/436, Gulati Street, Ranchi 466761",26-03-2026
558,Delhi,Saket,Delight Italian Factory,"Italian, Seafood, Biryani, Ice Cream",948,4.4,14483,382,362136,39,10,Regular Delivery,"47/086, Tara Zila, Haridwar 796801",10-11-2025
559,Chennai,Adyar,Royal Arabian Zone,"Arabian, Biryani",817,4.4,2671,4503,3678951,21,0,Regular Delivery,"58/49, Sachdev Circle, Davanagere 693263",01-02-2026
560,Chennai,Velachery,Cafe South Indian Factory,"Andhra, Ice Cream, South Indian",651,4.1,5857,1101,716751,27,0,Swiggy One,"95/33, Halder Nagar, Bhopal 164455",11-10-2025
561,Chennai,OMR,Biryani Desserts Grill,Italian,598,3.5,4711,3173,1897454,62,15,Regular Delivery,"02/91, Gulati Ganj, Pondicherry 975655",17-06-2025
562,Hyderabad,Madhapur,Biryani Italian Point,"Fast Food, Andhra, Mughlai",420,4.3,13623,835,350700,46,10,Swiggy Genie,"H.No. 38, Lalla Nagar, Kolhapur 195210",21-09-2025
563,Mumbai,Bandra,House Mughlai Grill,"Fast Food, Desserts, South Indian, Burgers",1182,4.4,14337,3548,4193736,36,50,Swiggy One,"H.No. 555, Raval Zila, Guntakal 166381",19-09-2025
564,Mumbai,Dadar,Urban Healthy Food World,"Pizza, Ice Cream",384,4.8,8458,1821,699264,75,10,Swiggy One,"H.No. 621, Balasubramanian Path, Aizawl 934664",03-10-2025
565,Mumbai,Andheri,Royal Andhra Point,"Bakery, Italian",367,3.6,4794,1044,383148,22,15,Swiggy One,"H.No. 487, Tiwari Zila, Kulti 223034",30-01-2026
566,Chennai,T Nagar,Urban Pizza Grill,"Arabian, Desserts, North Indian",983,2.9,14701,1846,1814618,39,25,Swiggy Genie,"H.No. 27, Deo Ganj, Panihati-865121",29-05-2025
567,Mumbai,Andheri,Royal South Indian Treats,Bakery,1105,4,9319,3170,3502850,48,30,Swiggy One,"28/973, Sankaran Circle, Mira-Bhayandar 017080",07-03-2026
568,Delhi,Saket,Kitchen Italian Corner,"Italian, Mughlai",786,3,10286,3252,2556072,62,40,Swiggy Genie,"87/58, Ahuja Nagar, Khammam-872710",08-08-2025
569,Mumbai,Powai,Cafe Ice Cream Point,Italian,459,4.3,9421,4676,2146284,60,25,Regular Delivery,"963, Sankar Road, Saharanpur 322184",22-07-2025
570,Bangalore,Jayanagar,Delight South Indian Grill,Fast Food,1188,3.2,7846,1065,1265220,52,0,Regular Delivery,"479, Venkataraman Road, Erode-482850",02-09-2025
571,Delhi,Saket,Tandoori Desserts Grill,Ice Cream,1029,3,8791,3371,3468759,58,30,Regular Delivery,"31/665, Khurana Marg, Srinagar-297537",16-10-2025
572,Bangalore,Whitefield,Food Burgers Treats,Seafood,169,4.6,5249,825,139425,44,25,Swiggy Genie,"H.No. 365, Hora Street, Aurangabad-413001",31-12-2025
573,Bangalore,Jayanagar,Urban Ice Cream Point,"Arabian, Chinese",435,3.4,6722,562,244470,63,15,Regular Delivery,"H.No. 253, Kant Marg, Salem 667281",22-05-2026
574,Chennai,Velachery,Street Mughlai Point,South Indian,775,3.1,14681,3156,2445900,40,25,Swiggy Genie,"274, Johal Path, Howrah 498059",01-09-2025
575,Bangalore,Indiranagar,Express Mughlai Point,"Desserts, Healthy Food",671,2.9,7665,616,413336,55,40,Swiggy One,"61/59, Sankaran Circle, Ichalkaranji-610360",24-11-2025
576,Bangalore,Whitefield,Express Biryani Junction,"North Indian, Pizza",377,3.4,6714,4179,1575483,48,10,Swiggy Genie,"917, Ahluwalia Zila, Sangli-Miraj & Kupwad 773942",17-08-2025
577,Hyderabad,Kukatpally,Food Italian Hub,"Desserts, Ice Cream",122,4.5,13638,1451,177022,59,25,Swiggy Genie,"25/58, Balay Marg, Hyderabad 204543",30-12-2025
578,Bangalore,Whitefield,Food Bakery Junction,"Ice Cream, Andhra, Seafood",1165,3.4,2694,2542,2961430,67,10,Swiggy Genie,"H.No. 57, Madan Chowk, Ramagundam-146275",25-01-2026
579,Mumbai,Andheri,Food Fast Food Grill,"Ice Cream, Italian",1153,4.8,5265,2221,2560813,63,30,Regular Delivery,"H.No. 58, Vyas Nagar, Khora -953776",12-05-2026
580,Mumbai,Powai,Tandoori Italian Grill,"Seafood, Burgers",792,2.8,11385,3983,3154536,28,0,Swiggy Genie,"H.No. 765, Chaudhary Circle, Jorhat 111834",08-07-2025
581,Bangalore,Indiranagar,Royal Chinese Zone,"Healthy Food, Mughlai, Fast Food, Ice Cream",183,4.7,13420,1091,199653,62,50,Swiggy One,"851, Mammen Ganj, Vadodara-442950",14-02-2026
582,Mumbai,Lower Parel,Cafe North Indian Point,"Mughlai, Chinese, Andhra",1067,3.6,3211,1894,2020898,48,0,Regular Delivery,"55, Varty Zila, Shahjahanpur 864960",29-06-2025
583,Bangalore,Koramangala,Delight Arabian Junction,"Fast Food, South Indian, Andhra",599,4.9,5997,4117,2466083,22,25,Regular Delivery,"338, Bandi Road, Dhule-659989",05-03-2026
584,Delhi,Saket,House Mughlai Point,Fast Food,688,4,8143,4714,3243232,30,20,Regular Delivery,"04/677, Sane Road, Sri Ganganagar 567992",31-01-2026
585,Delhi,Rohini,Urban Chinese Corner,"Chinese, Arabian",651,4.8,14066,1651,1074801,34,25,Regular Delivery,"H.No. 043, Chadha, Thoothukudi-980402",21-06-2025
586,Bangalore,Jayanagar,House South Indian Factory,"Italian, North Indian, Fast Food",1005,4.6,6716,4325,4346625,37,10,Swiggy One,"H.No. 72, Behl Path, Orai-057178",13-01-2026
587,Mumbai,Powai,Spice Ice Cream Treats,Desserts,1039,3.5,6470,750,779250,32,30,Regular Delivery,"21/96, Raval Road, Nagercoil-070890",07-05-2026
588,Bangalore,Indiranagar,Urban Seafood Palace,"Chinese, Italian, Biryani, Andhra",248,4.1,1634,3618,897264,21,50,Swiggy Genie,"253, Dar Circle, Ambala 475154",28-09-2025
589,Delhi,Karol Bagh,Tandoori Seafood Hub,"Desserts, South Indian, Healthy Food",803,3.9,3928,863,692989,24,50,Regular Delivery,"52/424, Lad Marg, Jehanabad-888711",25-07-2025
590,Mumbai,Lower Parel,Spice South Indian Treats,Chinese,761,4.7,11410,587,446707,24,15,Swiggy One,"11, Singhal Road, Hospet-598624",13-03-2026
591,Bangalore,Koramangala,Express South Indian Palace,"Chinese, South Indian, Seafood, North Indian",901,3.6,10163,1989,1792089,68,40,Regular Delivery,"H.No. 93, Datta Circle, Berhampur 614619",17-12-2025
592,Delhi,Connaught Place,Delight Biryani Factory,"Mughlai, Desserts, Healthy Food, Fast Food",173,3.8,5427,964,166772,57,20,Swiggy Genie,"846, Karan Marg, Bhusawal-518474",22-07-2025
593,Bangalore,Jayanagar,Delight Pizza Zone,Fast Food,644,3.5,7937,1603,1032332,66,50,Swiggy Genie,"01/028, Balasubramanian Road, Hubli–Dharwad 679300",26-09-2025
594,Hyderabad,Madhapur,Street Andhra Zone,Pizza,852,3.5,14553,1287,1096524,54,15,Swiggy One,"72/576, Mangat Ganj, Faridabad 743228",12-12-2025
595,Chennai,OMR,Express Pizza Hub,"Arabian, Burgers, North Indian",606,3.9,13733,3537,2143422,55,0,Swiggy One,"37, Dani Path, Bulandshahr 334344",07-01-2026
596,Hyderabad,Gachibowli,Tandoori Healthy Food World,"Chinese, Burgers",798,4.6,9324,3509,2800182,41,25,Swiggy One,"414, Borah Marg, Amravati 605521",30-06-2025
597,Hyderabad,Madhapur,House Desserts Junction,"South Indian, Desserts, Biryani, North Indian",1075,4.1,3966,3159,3395925,50,30,Swiggy Genie,"49/52, Singhal Chowk, Chittoor 755073",26-04-2026
598,Mumbai,Bandra,Spice Chinese Factory,Bakery,181,4,2383,1672,302632,38,50,Regular Delivery,"21, Chadha Zila, Nagaon-289293",04-08-2025
599,Delhi,Karol Bagh,Tandoori Fast Food Palace,North Indian,476,3.3,4342,2863,1362788,66,15,Regular Delivery,"H.No. 412, Gola Road, Gwalior-726485",29-04-2026
600,Hyderabad,Gachibowli,Street Biryani Hub,"North Indian, Chinese",401,3.6,12950,1802,722602,27,30,Swiggy One,"H.No. 70, Kant Nagar, Khandwa-872122",20-12-2025
601,Mumbai,Bandra,Express Andhra Point,"Bakery, Seafood, Chinese",362,3.1,2192,1650,597300,70,20,Regular Delivery,"85, Wagle Nagar, Tiruvottiyur 738398",02-03-2026
602,Mumbai,Powai,Spice Fast Food Zone,"Andhra, Seafood, Biryani",722,4.5,5418,2374,1714028,35,0,Swiggy Genie,"80/89, Kashyap Circle, Karimnagar-492853",03-11-2025
603,Delhi,Rohini,Kitchen Chinese Corner,"Fast Food, Bakery, South Indian, Mughlai",1161,3.6,14507,4164,4834404,61,30,Regular Delivery,"33, Bahl Marg, Kollam 821678",10-05-2026
604,Mumbai,Bandra,Kitchen Healthy Food World,"Bakery, Ice Cream, Healthy Food",669,4,10504,1777,1188813,70,0,Swiggy Genie,"H.No. 34, Tailor Nagar, Pudukkottai-624322",18-05-2026
605,Hyderabad,Banjara Hills,Street Andhra Treats,"Mughlai, Biryani",441,4.8,6179,1180,520380,36,10,Swiggy Genie,"90, Deshmukh Nagar, Pudukkottai 123611",07-07-2025
606,Chennai,Adyar,Kitchen Seafood Treats,"Desserts, Arabian, North Indian",1043,3.8,6750,2677,2792111,43,50,Swiggy One,"57, Upadhyay, Naihati-913253",07-05-2026
607,Mumbai,Andheri,Street Chinese Factory,"Italian, Biryani",288,3.4,8270,2344,675072,52,10,Swiggy Genie,"678, Dhawan Road, Dhule 514870",22-09-2025
608,Bangalore,BTM Layout,Spice Fast Food Factory,Bakery,522,4.2,4146,1641,856602,39,25,Regular Delivery,"H.No. 33, Ravel, Medininagar-041730",06-02-2026
609,Delhi,Saket,Street Bakery Treats,"North Indian, Mughlai, Pizza",950,4.5,12465,3946,3748700,61,0,Regular Delivery,"86/88, Krishna Ganj, Pudukkottai-354068",21-06-2025
610,Delhi,Saket,Tandoori Healthy Food Junction,"Desserts, Biryani, Bakery, Andhra",1176,4,9104,3859,4538184,68,50,Swiggy One,"31/749, Kapadia Street, Varanasi-491333",16-03-2026
611,Bangalore,Koramangala,Cafe Andhra Junction,"Andhra, Mughlai",1018,3.7,9199,1218,1239924,21,30,Regular Delivery,"H.No. 435, Anand, Tirupati-288772",03-03-2026
612,Hyderabad,Kukatpally,House Bakery Factory,Healthy Food,581,3.7,11285,4484,2605204,68,40,Swiggy One,"H.No. 09, D’Alia Zila, Ichalkaranji 471564",20-07-2025
613,Chennai,OMR,Urban Pizza Factory,South Indian,920,4.9,3395,4458,4101360,45,10,Swiggy One,"60/18, Kaul Chowk, Ozhukarai 852224",04-05-2026
614,Hyderabad,Banjara Hills,Delight Italian Palace,Seafood,310,3.2,11107,342,106020,55,15,Regular Delivery,"73, Ravi Circle, Sirsa-895179",25-05-2025
615,Delhi,Dwarka,Tandoori Chinese Treats,Burgers,701,3.2,4819,3804,2666604,62,10,Swiggy Genie,"310, Luthra, Udaipur-600676",27-05-2025
616,Chennai,OMR,Biryani Andhra Treats,Burgers,441,4.9,2165,3997,1762677,54,40,Regular Delivery,"411, Madan Path, Machilipatnam 604029",18-06-2025
617,Bangalore,Whitefield,Tandoori Arabian Treats,"Pizza, Andhra",1092,3.1,9472,4196,4582032,39,20,Regular Delivery,"H.No. 74, Dalal Street, Rewa 743409",11-05-2026
618,Mumbai,Powai,Kitchen Chinese Treats,"North Indian, Chinese",625,3.9,14964,3849,2405625,56,50,Swiggy One,"H.No. 894, Malhotra, Amritsar-320669",14-01-2026
619,Delhi,Connaught Place,House Italian Factory,Arabian,729,3.6,13541,3480,2536920,71,15,Swiggy Genie,"H.No. 90, Dara Road, Dehradun-431878",01-04-2026
620,Hyderabad,Hitech City,Cafe Biryani Treats,"Italian, Fast Food, Seafood, Chinese",209,3.3,14312,4485,937365,30,25,Swiggy One,"H.No. 08, Sarraf Road, Latur-239646",20-07-2025
621,Bangalore,Indiranagar,Biryani Chinese Point,"Andhra, Mughlai, Ice Cream, South Indian",1153,4.4,5391,1430,1648790,46,50,Swiggy One,"20, Bail Chowk, Motihari 734115",10-08-2025
622,Hyderabad,Hitech City,Spice Chinese World,Italian,900,3.5,6592,3329,2996100,74,20,Swiggy Genie,"33, Chaudhari Ganj, Vasai-Virar 264486",23-02-2026
623,Bangalore,Koramangala,Biryani Italian World,Pizza,1064,2.9,9035,3665,3899560,62,20,Swiggy Genie,"80/94, Dhawan Ganj, Raichur-645906",25-06-2025
624,Mumbai,Powai,Spice Biryani Corner,"Burgers, Andhra",722,3.1,12197,715,516230,45,15,Regular Delivery,"08/058, Kale Marg, Avadi 970832",03-01-2026
625,Bangalore,Koramangala,Urban Fast Food Hub,"Italian, Burgers",562,3.7,832,3279,1842798,73,10,Regular Delivery,"H.No. 867, Anand, Rewa-016553",07-01-2026
626,Chennai,Adyar,Spice Mughlai Junction,North Indian,631,3.6,3958,211,133141,32,10,Swiggy One,"93/035, Batra Road, Guntakal 981419",01-02-2026
627,Bangalore,BTM Layout,Royal Desserts Point,"Fast Food, Seafood, Italian",463,4.3,771,2759,1277417,46,10,Swiggy One,"977, Bora Street, Ozhukarai 393806",02-04-2026
628,Delhi,Saket,Royal Desserts Junction,"Mughlai, Fast Food",336,3.5,2894,2670,897120,20,40,Swiggy Genie,"36, Chauhan Circle, Tenali 262451",03-06-2025
629,Mumbai,Bandra,House Bakery Hub,"Desserts, South Indian, Seafood, Pizza",257,4.7,6785,914,234898,39,50,Regular Delivery,"76/719, Sarna Nagar, Panipat 939020",12-05-2026
630,Delhi,Rohini,Delight Seafood Treats,"Ice Cream, South Indian",392,3.5,10459,4029,1579368,68,30,Swiggy Genie,"H.No. 55, Balakrishnan Nagar, Kalyan-Dombivli 386583",14-12-2025
631,Chennai,Anna Nagar,Tandoori North Indian Junction,"Mughlai, Ice Cream, Seafood, Bakery",163,4.1,14742,2016,328608,27,25,Regular Delivery,"H.No. 32, Bhatt Path, Tinsukia-038289",25-11-2025
632,Mumbai,Bandra,Urban Bakery World,South Indian,727,3.2,6206,2030,1475810,33,0,Regular Delivery,"10/676, Chaudhuri Street, Kalyan-Dombivli-545663",27-10-2025
633,Delhi,Dwarka,House South Indian Zone,"Pizza, Healthy Food, Burgers",969,4.2,4776,1956,1895364,68,0,Regular Delivery,"H.No. 677, Varkey Circle, Mysore 853829",07-06-2025
634,Chennai,T Nagar,Spice Desserts Junction,"Fast Food, Ice Cream",901,3.9,3057,609,548709,48,0,Swiggy One,"H.No. 856, Koshy Street, Hubli–Dharwad-286471",08-01-2026
635,Bangalore,Indiranagar,Tandoori Pizza Point,Pizza,475,4,13668,2015,957125,70,20,Regular Delivery,"318, Sinha Nagar, Bidar 373372",09-04-2026
636,Bangalore,Whitefield,Tandoori Andhra Corner,"Arabian, Chinese, Bakery, Biryani",629,3.4,9494,2307,1451103,48,20,Swiggy One,"H.No. 96, Bhargava Street, Nellore-130755",17-11-2025
637,Bangalore,Koramangala,Food Andhra Corner,"Mughlai, Chinese, Desserts, Andhra",1107,2.8,6299,2539,2810673,47,10,Regular Delivery,"03/761, Manda Ganj, Shimla 793214",12-01-2026
638,Delhi,Saket,Kitchen Arabian World,"Ice Cream, Fast Food",700,3.6,9979,2809,1966300,50,10,Swiggy Genie,"05/41, Shukla Road, Miryalaguda-460241",10-12-2025
639,Mumbai,Bandra,Spice Bakery World,"Fast Food, North Indian",948,4.7,6515,3226,3058248,67,30,Swiggy One,"51, Chakraborty Marg, Ranchi-159026",08-12-2025
640,Chennai,OMR,Spice Biryani Treats,Andhra,452,3.2,7198,4254,1922808,36,30,Regular Delivery,"103, Chahal Chowk, Nanded 299308",09-01-2026
641,Mumbai,Powai,Food Desserts Junction,Mughlai,1098,2.9,13372,1291,1417518,43,0,Swiggy One,"44, Wali Marg, Kirari Suleman Nagar-948594",20-07-2025
642,Delhi,Dwarka,Delight Burgers Hub,"Ice Cream, Biryani",359,4.4,10607,3337,1197983,65,40,Regular Delivery,"H.No. 31, Kapoor Circle, Bokaro 219934",08-01-2026
643,Delhi,Connaught Place,Food Ice Cream Palace,"Andhra, Chinese",1145,4.8,10838,3451,3951395,44,25,Regular Delivery,"619, Hans Chowk, Ahmedabad 611523",10-07-2025
644,Bangalore,BTM Layout,Tandoori Mughlai Palace,"Pizza, Healthy Food, Bakery",133,4.9,13425,873,116109,51,0,Swiggy Genie,"278, Vaidya Circle, Danapur-219817",29-05-2025
645,Mumbai,Lower Parel,Urban Bakery Corner,"Arabian, Bakery, Fast Food, Chinese",395,3.2,3031,3771,1489545,52,10,Regular Delivery,"92, Dugal Nagar, Kakinada 429621",15-07-2025
646,Hyderabad,Gachibowli,Urban Fast Food Palace,"South Indian, Bakery",957,3.7,10280,733,701481,26,15,Swiggy One,"H.No. 61, Kata, Katihar 145717",25-10-2025
647,Bangalore,Whitefield,Royal Seafood Hub,Ice Cream,600,3.8,11073,157,94200,68,10,Swiggy Genie,"H.No. 99, Mammen Circle, Jehanabad 519451",25-05-2025
648,Chennai,Anna Nagar,Tandoori North Indian Treats,Biryani,1185,4.9,12524,3956,4687860,37,50,Swiggy One,"72/43, Mangat Road, Dibrugarh 426538",02-04-2026
649,Delhi,Dwarka,Biryani Desserts Factory,"Bakery, Seafood, Burgers",936,3.6,987,900,842400,42,30,Swiggy Genie,"11, Bains Marg, Chinsurah 539629",01-04-2026
650,Mumbai,Dadar,Royal Ice Cream Junction,"North Indian, Arabian",874,3.7,11292,4298,3756452,62,50,Swiggy One,"H.No. 136, Zacharia, Alwar 582303",03-03-2026
651,Hyderabad,Madhapur,Spice Seafood World,"North Indian, Seafood, Burgers",598,4.1,6606,2933,1753934,67,10,Swiggy One,"480, Ghosh Road, Muzaffarnagar 597989",20-06-2025
652,Mumbai,Andheri,Urban South Indian Corner,"Arabian, Healthy Food, Biryani, Bakery",1139,4.5,4987,1456,1658384,73,50,Swiggy One,"37/491, De Ganj, Gaya 308914",21-11-2025
653,Bangalore,Whitefield,Urban Chinese Point,"Desserts, Biryani",1010,4.9,528,3221,3253210,30,30,Swiggy One,"89/89, Banerjee Nagar, Tenali 757140",01-12-2025
654,Hyderabad,Kukatpally,House Healthy Food Point,"Biryani, Seafood, Chinese, Ice Cream",801,4.6,9486,2891,2315691,69,10,Swiggy One,"03, Venkatesh Marg, Jaunpur 576648",18-07-2025
655,Mumbai,Lower Parel,Street Chinese Point,"Desserts, Biryani, Pizza, South Indian",302,3.5,9752,4772,1441144,32,10,Swiggy One,"H.No. 609, Baria, Anantapur-175998",19-12-2025
656,Hyderabad,Kukatpally,Express Fast Food Treats,"North Indian, Pizza, Healthy Food, Arabian",987,3.5,6030,4337,4280619,71,15,Regular Delivery,"37/18, Sama Ganj, Imphal-068392",10-07-2025
657,Delhi,Rohini,Spice Italian Factory,"Biryani, Fast Food",416,4.5,4913,4174,1736384,73,20,Regular Delivery,"46/446, Kaul Circle, Patna-359952",21-04-2026
658,Mumbai,Bandra,Cafe South Indian Grill,"Pizza, Bakery, Seafood",775,3.4,11332,4781,3705275,27,25,Swiggy One,"H.No. 921, Sane Path, Nizamabad-944502",23-02-2026
659,Hyderabad,Banjara Hills,Biryani Pizza Junction,"Mughlai, North Indian, Healthy Food",580,4.3,911,4073,2362340,75,15,Regular Delivery,"91, Ramanathan, North Dumdum 945244",05-08-2025
660,Mumbai,Powai,Food Seafood Treats,"North Indian, Ice Cream",1089,4.9,12464,668,727452,45,40,Regular Delivery,"807, Sandal Ganj, Pune-686515",25-06-2025
661,Chennai,T Nagar,Urban Seafood Grill,"Mughlai, South Indian",230,4.6,11675,1420,326600,39,50,Regular Delivery,"42/992, Shenoy Path, Kottayam 899720",17-10-2025
662,Hyderabad,Banjara Hills,Tandoori Fast Food Hub,"Arabian, Italian, Chinese, Biryani",861,4.3,9481,3164,2724204,26,15,Swiggy One,"11/40, Kanda Zila, Sultan Pur Majra-575279",29-11-2025
663,Hyderabad,Madhapur,Kitchen Burgers Hub,Bakery,360,4.9,10701,1297,466920,41,40,Regular Delivery,"98/412, Joshi Street, Arrah 004252",20-02-2026
664,Mumbai,Bandra,Tandoori Mughlai World,Biryani,739,4.2,2876,814,601546,61,40,Swiggy One,"06, Arora Street, Satara-263669",04-11-2025
665,Mumbai,Powai,Royal Biryani World,"Bakery, North Indian, South Indian, Andhra",1163,3.3,9664,2322,2700486,56,50,Regular Delivery,"06, Rattan Road, Gulbarga 466227",05-03-2026
666,Bangalore,Jayanagar,House Andhra Palace,"Mughlai, Desserts",376,3,1090,3400,1278400,65,15,Regular Delivery,"76/20, Devan Chowk, Motihari-836851",24-02-2026
667,Bangalore,Whitefield,Express Biryani Junction,"Chinese, Ice Cream, Andhra, Arabian",360,3.2,9865,123,44280,64,15,Regular Delivery,"H.No. 711, Kumer Road, Rampur-620216",21-11-2025
668,Mumbai,Powai,Urban Fast Food Corner,South Indian,299,4,14000,773,231127,68,0,Swiggy Genie,"08, Sahni, Gorakhpur-719714",13-10-2025
669,Delhi,Karol Bagh,Spice Desserts Palace,"Burgers, Fast Food, Seafood",214,4.8,8560,4455,953370,70,25,Swiggy One,"38/66, Shenoy Chowk, Gudivada-132506",14-10-2025
670,Hyderabad,Hitech City,Express Fast Food Point,"Seafood, Ice Cream, Burgers, Arabian",211,3.3,3131,1843,388873,29,25,Swiggy Genie,"H.No. 976, Sunder Street, Ambarnath 096459",01-11-2025
671,Delhi,Rohini,Urban Andhra Point,"Bakery, Pizza",642,3.3,10695,3816,2449872,30,40,Swiggy Genie,"381, Sharma Path, Jaipur-171207",11-09-2025
672,Chennai,Adyar,House Ice Cream Junction,"Fast Food, South Indian",882,4,10663,3518,3102876,72,15,Swiggy Genie,"H.No. 01, Chandran Zila, Pimpri-Chinchwad 628771",01-10-2025
673,Chennai,Adyar,Street Biryani Zone,"North Indian, Arabian, Biryani, South Indian",345,4.2,6714,808,278760,24,30,Swiggy One,"H.No. 88, Sidhu, Bathinda 477182",23-04-2026
674,Chennai,T Nagar,Spice Biryani Treats,"Desserts, Pizza",575,3.6,1770,1519,873425,70,10,Regular Delivery,"240, Chokshi Zila, Khammam-609074",05-04-2026
675,Chennai,OMR,Delight Arabian Zone,"Biryani, Ice Cream, Burgers, Bakery",675,4.1,14739,2685,1812375,23,15,Swiggy One,"836, Bir Road, Bhalswa Jahangir Pur 142472",08-03-2026
676,Hyderabad,Kukatpally,Spice Pizza Corner,"Healthy Food, Arabian, Chinese, Pizza",412,3.6,12099,3112,1282144,37,0,Regular Delivery,"38/216, Dasgupta Street, Begusarai 570403",21-03-2026
677,Hyderabad,Hitech City,Kitchen Arabian Palace,"Italian, Chinese, Desserts, Burgers",996,3.9,11821,2580,2569680,72,20,Regular Delivery,"59, Sengupta Circle, Nagpur 793503",13-01-2026
678,Bangalore,Koramangala,Royal Chinese Junction,"Seafood, Andhra, South Indian, Healthy Food",311,3.1,990,4619,1436509,25,25,Swiggy One,"74/03, Sani Marg, Sagar 560820",17-05-2026
679,Bangalore,Whitefield,Express Biryani Treats,"Healthy Food, Desserts",148,4.1,14973,3561,527028,73,0,Regular Delivery,"03/759, Bumb Street, Saharanpur-959661",14-08-2025
680,Delhi,Karol Bagh,Kitchen Burgers Zone,"South Indian, Arabian",580,3.2,6063,4288,2487040,73,15,Swiggy One,"25/31, Yadav Nagar, Gopalpur 224215",18-08-2025
681,Bangalore,Whitefield,Biryani Desserts Zone,"Mughlai, Chinese, Burgers, South Indian",361,3.4,7965,1825,658825,38,25,Swiggy Genie,"36/894, Deshmukh, Rohtak 754662",31-03-2026
682,Delhi,Dwarka,House South Indian World,"Arabian, Italian",1119,2.9,146,2771,3100749,59,50,Swiggy One,"265, Trivedi Path, Srikakulam 675612",12-12-2025
683,Chennai,Anna Nagar,Cafe Burgers Treats,Bakery,846,2.8,7108,774,654804,51,20,Regular Delivery,"26/195, Das Marg, Ahmedabad 301013",27-06-2025
684,Delhi,Saket,Urban Ice Cream Junction,"Biryani, Italian, Desserts, North Indian",1083,3.6,4953,1572,1702476,43,40,Regular Delivery,"47/74, De Street, Ongole 879784",06-06-2025
685,Chennai,Anna Nagar,Cafe Andhra Hub,"Italian, Chinese, Healthy Food, Burgers",855,4.7,11669,1632,1395360,32,10,Swiggy One,"315, Bora Road, Amravati 384349",11-08-2025
686,Bangalore,Indiranagar,Urban Fast Food World,"Andhra, Bakery, Burgers, North Indian",664,3,8062,1123,745672,55,50,Swiggy One,"13, Bandi Ganj, Rampur-743525",28-11-2025
687,Mumbai,Lower Parel,Spice Pizza Corner,"Pizza, South Indian, Italian, Mughlai",824,3.9,12622,506,416944,63,20,Regular Delivery,"38/126, Dube Nagar, Bidar-945278",17-05-2026
688,Chennai,Adyar,Kitchen Arabian Palace,Andhra,1115,3,7077,4268,4758820,35,15,Swiggy Genie,"74/615, Wali Chowk, Nandyal 610461",10-01-2026
689,Hyderabad,Kukatpally,Cafe Desserts Treats,Ice Cream,526,3.8,12874,4195,2206570,71,10,Regular Delivery,"H.No. 66, Keer Road, Korba 191014",20-02-2026
690,Hyderabad,Gachibowli,Urban Mughlai Hub,"Desserts, South Indian",680,4.9,2445,1715,1166200,47,0,Swiggy Genie,"H.No. 775, Dey Marg, Warangal 596190",03-09-2025
691,Bangalore,Whitefield,Tandoori Seafood Treats,"Arabian, Bakery, Seafood, Biryani",1101,2.9,7047,2572,2831772,61,0,Swiggy Genie,"294, Batta Marg, Tiruppur 940293",21-12-2025
692,Chennai,T Nagar,Tandoori Seafood Hub,"Bakery, Healthy Food, Fast Food",492,2.9,904,1816,893472,62,30,Swiggy One,"16/83, Shere Road, Shimoga-330498",27-04-2026
693,Mumbai,Powai,Urban Ice Cream World,Andhra,864,3.5,1877,4600,3974400,26,0,Swiggy Genie,"94/634, Kar, Alappuzha 471617",24-02-2026
694,Chennai,T Nagar,Street Fast Food Grill,"Bakery, Biryani, Seafood",906,3,1792,416,376896,28,10,Regular Delivery,"46/27, Doshi, Bhubaneswar-033804",02-10-2025
695,Hyderabad,Gachibowli,Biryani Arabian World,"Biryani, South Indian, Ice Cream, Arabian",533,3.9,2567,1650,879450,22,15,Swiggy One,"H.No. 141, Shukla Marg, Singrauli 024990",31-01-2026
696,Delhi,Karol Bagh,Cafe Biryani Treats,"Bakery, Desserts, Seafood",258,3.8,8631,1447,373326,52,0,Regular Delivery,"083, Gala Road, Navi Mumbai 672705",08-02-2026
697,Chennai,Velachery,Cafe Fast Food Treats,"South Indian, Arabian, North Indian",1133,4.2,14308,1435,1625855,52,10,Swiggy One,"H.No. 172, Ghosh Marg, Alappuzha 291701",21-12-2025
698,Delhi,Dwarka,Urban North Indian Corner,"Mughlai, Arabian, Pizza, Biryani",566,4,195,4207,2381162,70,50,Regular Delivery,"31/49, Gade Path, Serampore 885473",11-06-2025
699,Delhi,Karol Bagh,Street Biryani Corner,"Desserts, Pizza, Bakery",578,2.9,3952,1293,747354,38,0,Swiggy One,"27/468, Khatri Ganj, Proddatur 927746",02-10-2025
700,Hyderabad,Kukatpally,Tandoori Biryani Hub,Desserts,831,4.1,6097,4579,3805149,40,10,Swiggy One,"00/177, Sen Nagar, Nashik-133453",25-05-2025
701,Hyderabad,Banjara Hills,Spice Bakery Junction,"Seafood, North Indian, Healthy Food",692,3.2,306,3209,2220628,54,10,Regular Delivery,"494, Saha, Aurangabad-808607",04-11-2025
702,Chennai,OMR,Biryani Ice Cream Junction,"Italian, Biryani",929,3.1,3846,3099,2878971,66,40,Swiggy Genie,"919, Banerjee Street, Kumbakonam-299030",17-02-2026
703,Mumbai,Andheri,Tandoori Healthy Food Corner,"Burgers, Desserts, Chinese, Andhra",697,2.8,2719,1618,1127746,31,40,Swiggy Genie,"H.No. 311, Ratti Road, Aligarh 712437",31-08-2025
704,Hyderabad,Madhapur,Royal Pizza Hub,"Desserts, Healthy Food, Seafood, Fast Food",324,3.6,389,438,141912,27,0,Swiggy Genie,"936, Thaman Chowk, Uluberia-707605",16-11-2025
705,Hyderabad,Madhapur,Spice North Indian Point,"Pizza, Seafood, Arabian",813,4.6,1442,4015,3264195,32,15,Regular Delivery,"125, Ahluwalia Path, Bikaner-453613",09-07-2025
706,Mumbai,Bandra,Tandoori South Indian Zone,"Seafood, Desserts, Chinese",667,4.1,2066,922,614974,21,0,Regular Delivery,"H.No. 831, Rama Marg, Pimpri-Chinchwad-792046",20-11-2025
707,Chennai,Anna Nagar,Tandoori Andhra Treats,"Pizza, North Indian, Biryani, Italian",421,3.5,4749,1000,421000,34,40,Swiggy One,"H.No. 251, Ahuja Marg, Phusro-818688",04-03-2026
708,Hyderabad,Madhapur,Biryani Chinese Grill,"Biryani, Pizza",803,3,1439,1538,1235014,22,15,Swiggy One,"23/92, Dyal Street, Mehsana-655954",09-06-2025
709,Delhi,Karol Bagh,House Arabian Grill,"Andhra, Chinese",707,3.5,1752,3103,2193821,37,50,Swiggy One,"H.No. 970, Shah, Dharmavaram 745135",22-03-2026
710,Bangalore,BTM Layout,Urban Mughlai World,"Pizza, Burgers",1099,4.5,1904,2361,2594739,56,40,Swiggy Genie,"94, Toor, Gandhinagar-156330",24-10-2025
711,Bangalore,Koramangala,Food Bakery Factory,"Burgers, Mughlai",1132,3.7,11411,1212,1371984,46,30,Regular Delivery,"25/794, Bedi Path, Bhind 352519",24-10-2025
712,Hyderabad,Banjara Hills,Express Desserts Treats,"Healthy Food, Ice Cream, Italian, Desserts",291,4,6961,794,231054,53,20,Swiggy Genie,"173, Sha Ganj, Singrauli 978195",28-04-2026
713,Chennai,Anna Nagar,Express Healthy Food Corner,"North Indian, Burgers",345,2.9,5773,2494,860430,43,15,Swiggy One,"H.No. 06, Kothari Circle, Akola-750377",28-09-2025
714,Hyderabad,Hitech City,Spice Pizza Point,"Desserts, Biryani, Andhra, Italian",413,3.6,481,3124,1290212,64,40,Swiggy Genie,"19, Samra, Narasaraopet-511465",02-06-2025
715,Bangalore,Jayanagar,Delight Burgers Hub,Healthy Food,420,3.6,1344,182,76440,35,10,Regular Delivery,"88/201, Cherian Road, Kalyan-Dombivli-612490",19-10-2025
716,Mumbai,Bandra,Urban Arabian World,"Healthy Food, Bakery",962,4.3,7324,2429,2336698,70,0,Swiggy Genie,"18/267, Lalla Circle, Nagercoil-881281",05-01-2026
717,Hyderabad,Madhapur,Express Burgers Hub,Burgers,931,4.5,11189,4766,4437146,49,25,Regular Delivery,"54, Setty Path, Guntur 490816",17-01-2026
718,Chennai,Velachery,Food Pizza Junction,"Burgers, Pizza, South Indian, Ice Cream",940,4.1,3636,4661,4381340,45,15,Regular Delivery,"76/47, Boase Marg, Naihati-734984",26-01-2026
719,Bangalore,Whitefield,Food Burgers Hub,"Seafood, Healthy Food, Italian, Fast Food",880,4.2,3240,935,822800,37,10,Swiggy Genie,"23, Chakrabarti Ganj, Purnia-462372",04-10-2025
720,Chennai,OMR,Urban Biryani Point,"North Indian, Biryani, Pizza",553,4.1,12444,4599,2543247,39,20,Swiggy Genie,"142, Chawla Path, Bharatpur 508510",12-05-2026
721,Bangalore,Indiranagar,Spice Healthy Food Hub,"Chinese, Arabian, Italian",218,3.5,5106,2393,521674,20,30,Swiggy One,"09, Bhatt Marg, Bathinda-413322",06-11-2025
722,Delhi,Saket,Urban Biryani Factory,"Mughlai, Bakery, Burgers",954,4.7,8300,274,261396,26,15,Regular Delivery,"505, Uppal Chowk, Miryalaguda-343249",24-09-2025
723,Mumbai,Dadar,Urban Pizza World,Arabian,281,4.7,1578,1846,518726,65,20,Regular Delivery,"H.No. 90, Sahni, Coimbatore-978902",18-03-2026
724,Hyderabad,Gachibowli,Biryani Arabian Factory,"Italian, Mughlai, Chinese",1002,2.9,11727,2038,2042076,69,40,Swiggy Genie,"H.No. 98, Ganesh Chowk, Amritsar 266608",06-02-2026
725,Delhi,Rohini,Delight Healthy Food Point,Pizza,150,3.1,14311,4167,625050,39,10,Swiggy Genie,"98, Dhaliwal Zila, Saharanpur-191919",13-02-2026
726,Mumbai,Powai,Royal Ice Cream Grill,"Arabian, Chinese",864,3.5,1215,2193,1894752,31,50,Swiggy One,"H.No. 690, Kale Chowk, Bhind-059513",12-12-2025
727,Chennai,Adyar,Kitchen South Indian Factory,"Biryani, Arabian",707,3.6,14091,3691,2609537,59,15,Swiggy One,"492, Atwal Zila, Jammu-698164",03-07-2025
728,Delhi,Rohini,Food Italian Palace,"Bakery, South Indian, Seafood",207,4.1,10599,4674,967518,23,20,Swiggy Genie,"H.No. 98, Aggarwal Chowk, Kolkata 549464",02-02-2026
729,Hyderabad,Madhapur,Food Chinese Junction,"Mughlai, Chinese, Arabian",915,4.6,11013,3896,3564840,25,30,Swiggy One,"H.No. 504, Kade Marg, Ratlam-663429",17-11-2025
730,Delhi,Dwarka,Urban Biryani Treats,Chinese,1007,3.2,5435,2885,2905195,24,30,Regular Delivery,"43/488, Keer Nagar, Bharatpur-308657",05-09-2025
731,Mumbai,Bandra,Express Pizza World,"Biryani, Pizza, Desserts, North Indian",418,4.1,5295,3195,1335510,56,0,Swiggy Genie,"326, Bahri Marg, Siwan-864045",09-03-2026
732,Chennai,Adyar,House Andhra Palace,"Fast Food, North Indian, Biryani, Italian",636,4.1,1419,2323,1477428,29,10,Swiggy One,"H.No. 087, Saini Street, Ramgarh-620063",19-02-2026
733,Bangalore,Koramangala,Street Burgers Hub,"Andhra, Ice Cream, Biryani, Seafood",309,4.7,7071,1427,440943,41,25,Swiggy Genie,"408, Chacko, Bilaspur-838564",18-06-2025
734,Chennai,Adyar,Urban Andhra Factory,"Healthy Food, Ice Cream, Bakery, Mughlai",916,4.5,9239,717,656772,70,20,Regular Delivery,"16/44, Chada Ganj, Bahraich-185924",19-12-2025
735,Delhi,Rohini,Cafe Seafood Hub,"Seafood, Healthy Food",428,4.7,2466,1010,432280,51,30,Regular Delivery,"01, Krishna Nagar, Kottayam-665095",17-04-2026
736,Mumbai,Powai,Urban Italian Grill,Italian,319,2.9,12267,4553,1452407,32,40,Swiggy Genie,"264, Sahota Chowk, Hosur-976819",05-08-2025
737,Delhi,Dwarka,Tandoori North Indian Factory,"Bakery, Biryani",865,2.8,14740,4168,3605320,39,10,Regular Delivery,"H.No. 19, Wali Zila, Moradabad 740835",18-08-2025
738,Mumbai,Dadar,Food Seafood Point,"Bakery, Burgers, Andhra, Ice Cream",480,3.8,6163,4526,2172480,31,15,Swiggy One,"96, Doshi Nagar, Kottayam-198129",14-05-2026
739,Mumbai,Powai,Royal Biryani Point,"Arabian, Bakery, Healthy Food, South Indian",153,4.1,6788,4542,694926,26,50,Swiggy Genie,"90/77, Vyas Nagar, Shahjahanpur-659120",09-12-2025
740,Mumbai,Lower Parel,Food Fast Food Junction,Arabian,1051,4,1925,1099,1155049,32,50,Swiggy One,"H.No. 66, Reddy Road, Raipur 241361",08-03-2026
741,Mumbai,Dadar,Express Arabian Palace,"North Indian, Burgers, Mughlai, Biryani",661,3.4,14839,2058,1360338,70,40,Swiggy Genie,"H.No. 04, Vala Circle, Saharsa-574733",26-04-2026
742,Mumbai,Andheri,Urban Bakery Zone,North Indian,770,3.5,9424,4632,3566640,47,20,Swiggy One,"02/57, Sandal Street, Kota-032169",29-07-2025
743,Hyderabad,Hitech City,Urban Mughlai Corner,"South Indian, Mughlai, Arabian, Fast Food",945,4.7,8525,1972,1863540,30,40,Swiggy Genie,"H.No. 488, Ben Street, Pondicherry 545830",31-07-2025
744,Hyderabad,Hitech City,House Ice Cream Zone,Mughlai,445,4.8,3388,290,129050,25,10,Swiggy One,"H.No. 69, Balay Chowk, Hajipur 906264",15-07-2025
745,Bangalore,Jayanagar,Cafe Chinese Grill,"North Indian, Arabian",903,2.9,12078,3013,2720739,28,50,Swiggy Genie,"162, Jayaraman Circle, Dhanbad 652336",06-11-2025
746,Hyderabad,Gachibowli,Tandoori Mughlai Palace,"Fast Food, Ice Cream, Andhra",225,3.4,2405,4826,1085850,60,0,Swiggy Genie,"93/616, Luthra, Sri Ganganagar-167678",20-06-2025
747,Bangalore,Whitefield,Urban Arabian Palace,Biryani,489,3,8147,1783,871887,74,30,Swiggy One,"70, Sathe Ganj, Jaipur 080207",23-06-2025
748,Bangalore,Whitefield,Royal Healthy Food Point,Andhra,550,4.2,6198,1399,769450,40,50,Swiggy Genie,"18/65, Mammen Ganj, Buxar 362878",21-04-2026
749,Chennai,Anna Nagar,Biryani Bakery World,"South Indian, Healthy Food",130,3.1,12201,1659,215670,36,10,Regular Delivery,"69/99, Shenoy Marg, Arrah-913168",17-11-2025
750,Bangalore,Jayanagar,Tandoori Bakery Point,Pizza,564,2.9,2320,1116,629424,34,10,Swiggy One,"99/906, Sandal Zila, Bareilly-498084",26-01-2026
751,Chennai,Adyar,Cafe Arabian World,"Chinese, Burgers",1135,3.7,6602,1496,1697960,32,25,Swiggy Genie,"99, Kade Zila, Bidar 771513",02-06-2025
752,Chennai,Adyar,Urban Fast Food World,Arabian,1007,4.7,6992,2691,2709837,58,25,Regular Delivery,"H.No. 31, Karpe Chowk, Siliguri 328615",30-12-2025
753,Bangalore,Jayanagar,Biryani Chinese World,"Andhra, Biryani, Arabian, Burgers",462,4.7,8428,2484,1147608,36,40,Regular Delivery,"H.No. 20, Reddy Nagar, Nagercoil 260877",01-10-2025
754,Delhi,Karol Bagh,Biryani Andhra Corner,"North Indian, South Indian, Chinese, Mughlai",852,3.3,3575,3127,2664204,62,30,Swiggy Genie,"H.No. 91, Mangat Zila, Gurgaon-028019",27-08-2025
755,Chennai,Anna Nagar,Cafe North Indian Factory,Seafood,557,3.8,13079,4680,2606760,40,20,Swiggy Genie,"H.No. 783, Gandhi Ganj, Tadipatri 145371",01-11-2025
756,Mumbai,Powai,Express Ice Cream Grill,"Fast Food, South Indian",273,4,10638,2683,732459,46,40,Swiggy One,"H.No. 70, Gole Street, Dhule 856038",04-11-2025
757,Hyderabad,Gachibowli,Kitchen South Indian Palace,Healthy Food,982,3.1,7468,4922,4833404,30,30,Swiggy One,"546, Mane Road, Gurgaon 842902",24-05-2025
758,Hyderabad,Hitech City,Spice North Indian World,Arabian,702,3.1,6649,2843,1995786,22,0,Regular Delivery,"21/58, Savant Nagar, Aurangabad-318837",15-04-2026
759,Bangalore,BTM Layout,Cafe Arabian Palace,"Biryani, Andhra, Mughlai, Fast Food",769,4.4,6609,4125,3172125,25,30,Regular Delivery,"91, Suresh Ganj, Thrissur-441256",04-09-2025
760,Bangalore,Whitefield,House Biryani Factory,"Italian, Desserts, Andhra",330,2.9,833,1216,401280,72,0,Swiggy Genie,"04/89, Vaidya Marg, Hazaribagh-841786",29-04-2026
761,Chennai,Adyar,Tandoori Bakery Zone,"Burgers, South Indian",130,4.8,14271,432,56160,23,25,Swiggy Genie,"505, Swaminathan Ganj, Guntur 924076",07-04-2026
762,Bangalore,Koramangala,Biryani Mughlai Palace,Ice Cream,468,4.7,9609,1114,521352,49,10,Swiggy One,"H.No. 19, Jani Road, Junagadh-208773",27-04-2026
763,Hyderabad,Hitech City,Express Desserts Grill,"Italian, Seafood, South Indian, Ice Cream",1098,4.2,4646,1930,2119140,40,50,Swiggy Genie,"37, Balan Ganj, Buxar-963805",04-11-2025
764,Chennai,T Nagar,Express Desserts Junction,Bakery,279,3,8153,187,52173,23,20,Regular Delivery,"90, Choudhary Zila, Kharagpur-954291",14-09-2025
765,Hyderabad,Banjara Hills,Tandoori Seafood Palace,"Fast Food, Desserts, South Indian, Burgers",1049,4.2,13940,1145,1201105,52,10,Swiggy Genie,"H.No. 435, Atwal Marg, Etawah 809166",11-12-2025
766,Chennai,Adyar,Royal Ice Cream Treats,"Fast Food, Mughlai, Healthy Food, Biryani",456,4.2,14301,1286,586416,56,10,Swiggy One,"H.No. 37, Keer Zila, Nagpur-909598",12-08-2025
767,Bangalore,BTM Layout,Kitchen Burgers Palace,"North Indian, Italian",178,3.8,8748,2255,401390,48,30,Swiggy Genie,"99/65, Rama Marg, Maheshtala 136585",31-12-2025
768,Delhi,Connaught Place,Food Andhra Zone,"Andhra, Biryani, Chinese",803,2.9,4516,482,387046,43,10,Regular Delivery,"72/25, Uppal Road, Fatehpur-029589",20-11-2025
769,Mumbai,Dadar,Food Burgers Grill,"Arabian, Biryani",685,3.9,8137,974,667190,53,40,Regular Delivery,"05/064, Devi Zila, Surat 396047",01-12-2025
770,Bangalore,Indiranagar,Royal South Indian Hub,Desserts,665,3.3,8768,1935,1286775,26,25,Regular Delivery,"28/590, Sen Path, Raurkela Industrial Township-887795",01-08-2025
771,Mumbai,Dadar,Street Healthy Food Junction,"Biryani, Healthy Food, Bakery, Andhra",470,4.5,5745,4964,2333080,60,25,Swiggy One,"47, Balay Ganj, Mahbubnagar 156092",16-12-2025
772,Bangalore,BTM Layout,Street Desserts Corner,"Healthy Food, Bakery",765,4.2,2780,3809,2913885,31,30,Swiggy Genie,"70, Lala Zila, Guntakal-670585",10-04-2026
773,Bangalore,Whitefield,Royal Burgers Hub,"Seafood, North Indian, Chinese, Pizza",841,4.8,9604,2107,1771987,20,50,Swiggy One,"77/193, Gaba Path, Arrah-558717",06-12-2025
774,Bangalore,BTM Layout,Tandoori Burgers Corner,Arabian,312,3,13220,3787,1181544,67,30,Swiggy One,"855, Chatterjee Path, Bikaner 934948",05-02-2026
775,Chennai,OMR,Kitchen North Indian Factory,"Healthy Food, Pizza, Burgers",736,4.3,14654,1003,738208,53,50,Swiggy One,"H.No. 332, Sandhu, Morbi-986516",03-09-2025
776,Delhi,Connaught Place,Tandoori Pizza Factory,"Andhra, Healthy Food",1139,2.9,9513,3024,3444336,67,40,Swiggy Genie,"59, Rana Road, Ozhukarai 714332",12-11-2025
777,Bangalore,Indiranagar,Express Italian Zone,"Biryani, Pizza, Seafood, Andhra",478,3.4,11175,3283,1569274,42,30,Regular Delivery,"H.No. 857, Krishna Street, Jorhat 336354",21-01-2026
778,Mumbai,Powai,Express Seafood Grill,"Fast Food, North Indian, Arabian",371,3.7,7505,2442,905982,56,30,Swiggy Genie,"90/12, Thakkar Road, Loni-816235",11-07-2025
779,Bangalore,Whitefield,Urban Arabian Grill,"Italian, Seafood",453,3.4,4772,207,93771,24,25,Swiggy One,"H.No. 751, Bhattacharyya Marg, Bidhannagar 047034",16-09-2025
780,Bangalore,Indiranagar,Street North Indian Treats,"Biryani, North Indian, Desserts",841,4.2,60,1208,1015928,23,25,Swiggy One,"44/828, Karpe Road, Arrah-812343",05-05-2026
781,Chennai,OMR,Street Pizza Junction,"Chinese, Bakery",1004,4,1372,343,344372,38,20,Swiggy One,"310, Barman Path, Panchkula-410577",17-03-2026
782,Chennai,Velachery,Street Arabian Corner,"Andhra, Fast Food, South Indian, Pizza",1012,4.2,5333,1714,1734568,71,15,Swiggy One,"34, Jaggi Chowk, Tiruvottiyur-984881",24-05-2025
783,Hyderabad,Banjara Hills,Royal Arabian Grill,"Arabian, Pizza",1064,3.9,6209,866,921424,70,40,Swiggy Genie,"H.No. 96, Chandran Marg, Udupi 290101",27-04-2026
784,Delhi,Dwarka,Food Italian Treats,"Bakery, Desserts, Burgers",960,3.8,9207,804,771840,21,40,Swiggy Genie,"43/550, Malhotra Zila, Madhyamgram-252787",10-04-2026
785,Delhi,Karol Bagh,Delight Arabian Hub,"Bakery, Chinese",924,3.1,11028,4323,3994452,20,50,Swiggy One,"71, Dugar Street, Berhampore-602836",24-09-2025
786,Bangalore,BTM Layout,House Biryani Factory,Ice Cream,319,4.5,9314,578,184382,50,30,Swiggy Genie,"27/49, Handa, Sasaram 325202",14-06-2025
787,Delhi,Rohini,Express Pizza Zone,Fast Food,1134,3.1,14714,2544,2884896,63,15,Regular Delivery,"35/64, Banerjee Street, Mango-707493",15-04-2026
788,Chennai,Anna Nagar,Urban Biryani Zone,"Fast Food, South Indian, Italian, North Indian",318,3.3,1747,4223,1342914,50,0,Swiggy One,"H.No. 07, Mani Marg, Karnal-681920",22-02-2026
789,Mumbai,Andheri,Food Healthy Food Corner,Arabian,601,4.6,9007,1089,654489,36,50,Swiggy One,"358, Ratti Chowk, Darbhanga-223912",13-10-2025
790,Hyderabad,Madhapur,Cafe Desserts Corner,"Pizza, Andhra",1167,4.4,9006,4015,4685505,32,50,Swiggy One,"H.No. 29, Grewal Circle, Kottayam 645751",28-04-2026
791,Chennai,Anna Nagar,Food Biryani World,"Bakery, Seafood, Pizza, Fast Food",973,4.5,2477,3824,3720752,21,25,Swiggy Genie,"13, Atwal Ganj, Tinsukia-634581",11-05-2026
792,Delhi,Dwarka,Spice Italian Hub,Arabian,846,4.8,7716,2348,1986408,66,50,Swiggy Genie,"97, Sethi Road, Barasat-365321",16-01-2026
793,Hyderabad,Kukatpally,Cafe Mughlai Zone,"Bakery, Italian",248,3.2,2530,3844,953312,42,30,Regular Delivery,"305, Biswas Street, Latur 203143",08-11-2025
794,Hyderabad,Kukatpally,House Healthy Food Treats,"Mughlai, South Indian, Andhra",1086,4.1,3005,1140,1238040,56,25,Regular Delivery,"H.No. 656, Chatterjee Path, Narasaraopet 746259",17-01-2026
795,Chennai,OMR,Spice Burgers Junction,"Mughlai, South Indian, North Indian",317,4.2,8232,2731,865727,63,50,Swiggy Genie,"879, Choudhary Road, Hapur 870123",06-03-2026
796,Hyderabad,Madhapur,Food Chinese Hub,"Mughlai, Healthy Food",632,3,13924,3697,2336504,67,10,Swiggy One,"30/19, Wason Nagar, Vijayanagaram-722924",25-06-2025
797,Delhi,Connaught Place,Cafe Italian Treats,"Seafood, South Indian",392,4.9,9450,1683,659736,55,20,Swiggy One,"577, Dalal Nagar, Nangloi Jat 094063",30-05-2025
798,Mumbai,Dadar,Urban Andhra Zone,"Desserts, Biryani, Bakery",513,3,447,1747,896211,60,10,Swiggy Genie,"36, Karpe Marg, Faridabad-722855",12-07-2025
799,Hyderabad,Madhapur,Royal Seafood Corner,"Andhra, Arabian, Ice Cream",1136,3.2,3449,4182,4750752,56,50,Swiggy One,"971, Bhat Marg, Jammu 516263",28-07-2025
800,Chennai,OMR,Food Mughlai Point,"Chinese, Desserts",280,3.1,8524,1046,292880,39,10,Swiggy One,"H.No. 78, Malhotra, Anantapur-922980",02-06-2025
801,Hyderabad,Madhapur,Street Ice Cream Treats,"North Indian, Biryani, Andhra",852,2.9,14328,692,589584,30,25,Regular Delivery,"H.No. 06, Gola Nagar, Firozabad 884251",21-03-2026
802,Delhi,Saket,Express Biryani Grill,"Mughlai, Arabian, North Indian",1084,4.8,4359,344,372896,61,0,Swiggy One,"H.No. 74, Chander Path, Muzaffarnagar-000824",31-01-2026
803,Mumbai,Powai,Spice Pizza Junction,"Seafood, Italian",795,4.7,10918,4123,3277785,23,20,Swiggy Genie,"340, Ram, Thiruvananthapuram 636419",16-09-2025
804,Delhi,Rohini,Royal Andhra Grill,Bakery,285,4.7,7894,421,119985,28,25,Swiggy Genie,"H.No. 59, Sathe Circle, Kumbakonam 443158",16-07-2025
805,Bangalore,Whitefield,Kitchen Arabian Junction,"Bakery, Fast Food",163,4.8,481,4456,726328,69,20,Regular Delivery,"80/462, Golla Path, Sikar 101931",26-04-2026
806,Mumbai,Andheri,Cafe Pizza Treats,"South Indian, Fast Food, Mughlai, Italian",994,4,1943,3092,3073448,48,10,Swiggy One,"84/386, Bal Circle, Ambarnath 447297",04-10-2025
807,Hyderabad,Kukatpally,Delight North Indian Junction,"South Indian, Biryani, Italian, Healthy Food",965,4.4,14604,202,194930,71,0,Regular Delivery,"23/122, Sinha, Madanapalle-652182",21-08-2025
808,Hyderabad,Madhapur,Urban Italian Corner,South Indian,698,2.9,5778,2475,1727550,58,20,Swiggy Genie,"30, Khare Zila, Gudivada 996179",13-03-2026
809,Delhi,Dwarka,Street Fast Food World,"Biryani, Seafood, South Indian, Andhra",851,4.7,14119,2559,2177709,34,50,Swiggy One,"59/14, Sehgal Zila, Nangloi Jat 513191",24-09-2025
810,Delhi,Karol Bagh,Cafe Biryani Hub,"Ice Cream, Burgers",829,4.7,11608,2371,1965559,59,50,Swiggy Genie,"157, Solanki Road, Madurai 872112",18-05-2026
811,Hyderabad,Gachibowli,Express Fast Food Point,"Arabian, Bakery",882,4.3,12959,2005,1768410,29,0,Regular Delivery,"05/773, Barman Chowk, Dhanbad-520690",07-12-2025
812,Mumbai,Dadar,Kitchen South Indian Palace,North Indian,689,4,4971,569,392041,72,10,Swiggy One,"24/808, Baral Ganj, Bhind 512829",10-02-2026
813,Delhi,Dwarka,Kitchen South Indian Junction,"North Indian, Andhra, Fast Food, Italian",541,3.6,10862,2579,1395239,47,0,Swiggy Genie,"H.No. 862, Babu Street, Chandigarh 510064",19-05-2026
814,Delhi,Karol Bagh,Street Fast Food Hub,Seafood,818,4.3,10233,547,447446,47,40,Swiggy Genie,"H.No. 32, Mander Street, Vellore-010742",31-07-2025
815,Delhi,Dwarka,Cafe Ice Cream Corner,"Italian, Fast Food, Arabian",900,3.8,3953,2379,2141100,28,0,Regular Delivery,"96/65, Mammen Nagar, Kottayam-217726",29-06-2025
816,Chennai,Anna Nagar,Delight Mughlai Hub,"Arabian, Burgers",681,3.6,10850,1098,747738,36,0,Swiggy One,"H.No. 474, Sani Chowk, Ajmer 084103",22-05-2026
817,Delhi,Karol Bagh,Spice Italian Hub,"Burgers, Desserts, Italian",1075,2.9,5927,3427,3684025,50,20,Swiggy Genie,"70/02, Bir Marg, Nagaon 871675",09-10-2025
818,Delhi,Connaught Place,Urban Ice Cream Palace,"Seafood, South Indian, Desserts",651,4.6,2134,1283,835233,34,15,Regular Delivery,"42, Mandal Zila, Nagpur-647144",05-05-2026
819,Bangalore,Indiranagar,Urban Italian Grill,South Indian,769,2.9,11803,2202,1693338,34,0,Swiggy One,"H.No. 94, Mammen, Sikar 214073",30-05-2025
820,Bangalore,Koramangala,Biryani Biryani Point,Desserts,1158,3.7,8422,1751,2027658,24,20,Swiggy One,"49/74, Krishna Marg, Bikaner 366377",16-05-2026
821,Delhi,Karol Bagh,Urban North Indian Factory,"Chinese, Seafood, Fast Food, Pizza",857,3.5,6736,3935,3372295,61,30,Swiggy One,"H.No. 52, Dash Chowk, Gurgaon 899689",01-04-2026
822,Delhi,Connaught Place,Street Pizza Grill,"Bakery, North Indian",172,3,3514,4264,733408,71,30,Regular Delivery,"78/73, Sha Marg, Gaya 032143",28-01-2026
823,Delhi,Rohini,Delight South Indian Corner,"Fast Food, Healthy Food, Andhra",900,4.4,10686,1919,1727100,25,10,Regular Delivery,"H.No. 353, Seth Nagar, Alappuzha-965681",23-03-2026
824,Delhi,Rohini,Spice Healthy Food Zone,"Biryani, Andhra, Ice Cream, Mughlai",1185,3.7,4460,2079,2463615,32,25,Swiggy One,"663, Bawa Chowk, Anand 874472",06-09-2025
825,Hyderabad,Kukatpally,Cafe Biryani Junction,"Italian, Burgers",1031,4.3,14471,732,754692,46,30,Swiggy One,"28/976, Wason Zila, Belgaum-130446",13-12-2025
826,Delhi,Rohini,House Healthy Food Grill,Bakery,591,3.7,6912,4484,2650044,34,15,Swiggy Genie,"H.No. 61, Sama Road, Kollam 163445",22-08-2025
827,Mumbai,Lower Parel,Street Seafood Factory,"Ice Cream, Mughlai",361,3,6948,4798,1732078,52,15,Swiggy One,"H.No. 840, Kadakia Marg, Muzaffarpur 173763",27-06-2025
828,Hyderabad,Gachibowli,Street Healthy Food Point,"North Indian, Chinese, South Indian, Fast Food",378,4.6,13711,1447,546966,47,0,Swiggy Genie,"531, Sastry Marg, Saharsa-167188",25-06-2025
829,Hyderabad,Hitech City,Cafe Desserts Palace,"Andhra, Burgers, Chinese, Fast Food",363,3.5,13562,450,163350,41,10,Swiggy Genie,"H.No. 09, Chaudhari Marg, Thanjavur 382916",27-10-2025
830,Chennai,Adyar,Street Healthy Food Corner,"Italian, Bakery, Andhra, Fast Food",495,4.3,9709,1327,656865,72,10,Swiggy Genie,"47, Badal, Hindupur 952727",25-07-2025
831,Delhi,Rohini,Kitchen Burgers Zone,"Italian, Fast Food, Burgers",692,4.8,1637,4121,2851732,34,25,Swiggy One,"H.No. 152, Khatri Marg, Cuttack-072920",16-10-2025
832,Bangalore,Jayanagar,Urban Pizza Hub,"Arabian, Burgers, Fast Food, Italian",551,3.7,4608,894,492594,56,30,Swiggy One,"72, Halder Street, Gaya 198859",14-06-2025
833,Chennai,Velachery,Street Healthy Food World,Arabian,578,4.7,4776,1977,1142706,36,10,Regular Delivery,"949, Hayer Chowk, Jalna 485212",02-02-2026
834,Chennai,Velachery,Express Burgers Hub,Fast Food,201,4.8,8894,134,26934,54,20,Swiggy One,"56/74, Suresh Path, Dhule 015008",07-08-2025
835,Bangalore,Koramangala,Food Italian Zone,"Arabian, Healthy Food",378,4.5,4882,3720,1406160,27,10,Swiggy One,"63, Chada Nagar, Rajahmundry 921694",22-08-2025
836,Mumbai,Powai,Street Biryani Factory,Pizza,281,4.4,3694,2759,775279,66,10,Swiggy Genie,"034, Rattan Path, Madurai-361982",02-08-2025
837,Delhi,Karol Bagh,Express Chinese Factory,"Italian, Seafood, Bakery",198,3.7,11602,1639,324522,70,30,Regular Delivery,"635, Sen Marg, Ajmer 288925",10-01-2026
838,Bangalore,BTM Layout,Food Desserts Junction,"Pizza, Arabian",663,3.8,7988,4149,2750787,72,15,Swiggy One,"H.No. 635, Vyas, Durg-142050",08-10-2025
839,Hyderabad,Gachibowli,Spice Andhra Point,Fast Food,1124,4,3466,397,446228,65,15,Swiggy One,"H.No. 23, Vala Chowk, Deoghar-533825",28-08-2025
840,Chennai,OMR,Express Burgers Palace,"Desserts, Seafood, Burgers, Healthy Food",594,4.6,10994,3292,1955448,51,50,Regular Delivery,"15/88, Buch, Chinsurah-900100",13-12-2025
841,Chennai,OMR,Street Andhra World,"Arabian, South Indian, Biryani, Italian",786,3.3,7010,3887,3055182,27,15,Swiggy One,"417, Sathe Circle, Mysore 617320",09-04-2026
842,Bangalore,Koramangala,Kitchen Andhra Junction,"Pizza, Mughlai, Desserts, Italian",179,3.4,8364,578,103462,33,40,Regular Delivery,"38, Bawa, Guna-274397",25-08-2025
843,Chennai,T Nagar,Kitchen Andhra Treats,"Andhra, Fast Food, Mughlai",653,4.7,4446,2863,1869539,51,20,Regular Delivery,"H.No. 636, Trivedi Ganj, Bangalore 080575",20-10-2025
844,Bangalore,Koramangala,Express Fast Food Point,"Andhra, Biryani, Arabian, Chinese",795,3.1,8893,3186,2532870,21,0,Swiggy Genie,"H.No. 33, Mani Chowk, Medininagar-870906",19-02-2026
845,Chennai,T Nagar,Express Fast Food Factory,South Indian,526,4.9,13782,1958,1029908,54,40,Swiggy One,"735, Sane Zila, Madurai 642261",24-05-2025
846,Hyderabad,Kukatpally,Cafe Desserts Hub,"Andhra, Biryani, Ice Cream",193,4.6,12421,4188,808284,53,10,Swiggy One,"305, Buch, Nagaon-585506",26-03-2026
847,Mumbai,Andheri,Spice Desserts Junction,"Arabian, Pizza",189,3.4,2075,3362,635418,72,40,Swiggy Genie,"612, Bandi Chowk, Bhilwara 470872",28-10-2025
848,Chennai,Anna Nagar,Express Andhra Hub,Chinese,150,4.4,8925,862,129300,58,15,Regular Delivery,"960, Raj Path, Bokaro-238996",30-03-2026
849,Delhi,Dwarka,Biryani Andhra Zone,"Arabian, Mughlai",167,3.4,7568,2244,374748,32,10,Regular Delivery,"42, Bora Path, Ongole 454905",25-11-2025
850,Delhi,Dwarka,Food Ice Cream World,"Arabian, Fast Food, South Indian, Biryani",702,4.7,8786,3212,2254824,52,20,Swiggy Genie,"47/23, Sabharwal Zila, Anantapur-927088",13-03-2026
851,Mumbai,Dadar,Delight North Indian Treats,"Biryani, Desserts, Healthy Food",595,3.7,7861,2624,1561280,56,10,Swiggy One,"188, Banik Ganj, Rajkot-839217",25-08-2025
852,Hyderabad,Madhapur,Tandoori Healthy Food Grill,Burgers,631,3,6655,4367,2755577,59,50,Regular Delivery,"56, Aurora Marg, Ambattur-330244",07-12-2025
853,Delhi,Saket,Street Andhra Palace,Healthy Food,811,4.6,648,125,101375,40,40,Swiggy One,"87, Aggarwal Nagar, Guntakal 557156",30-05-2025
854,Hyderabad,Hitech City,Biryani Italian World,"Healthy Food, Burgers, Seafood, Biryani",1173,4,12168,940,1102620,66,10,Swiggy One,"611, Arya Circle, Bhusawal 441332",24-04-2026
855,Bangalore,Whitefield,Express Biryani Corner,"North Indian, Chinese",524,3.7,1912,4136,2167264,22,40,Swiggy Genie,"60/13, Swamy Street, Karnal-344915",11-09-2025
856,Delhi,Dwarka,Spice Arabian Point,"Andhra, Fast Food",1011,4.9,11845,4360,4407960,63,25,Swiggy One,"47, Samra Ganj, Serampore 495788",08-02-2026
857,Delhi,Karol Bagh,Express Fast Food Grill,"Pizza, Healthy Food",880,3.9,4166,1805,1588400,50,50,Swiggy One,"118, Dhaliwal Path, Kharagpur-567005",08-03-2026
858,Hyderabad,Gachibowli,Urban Healthy Food Point,"North Indian, Burgers, Fast Food, Chinese",131,3.5,3124,4485,587535,32,10,Swiggy One,"H.No. 61, Sem Street, Allahabad-371840",03-02-2026
859,Chennai,Anna Nagar,Delight Burgers Point,Italian,837,4.1,14522,195,163215,34,30,Swiggy Genie,"66/066, Kunda Marg, Thiruvananthapuram 051067",04-05-2026
860,Chennai,T Nagar,Food Ice Cream Zone,"Arabian, Burgers, Healthy Food, Mughlai",534,3,2547,2373,1267182,26,20,Swiggy Genie,"863, Rajagopal Chowk, Aligarh 620012",23-12-2025
861,Chennai,OMR,Express Mughlai Factory,Pizza,687,4.8,12129,1794,1232478,75,50,Swiggy Genie,"807, Sarna Circle, Gaya-094881",14-09-2025
862,Bangalore,Indiranagar,Delight Pizza Corner,"Chinese, Italian",457,3.8,54,507,231699,40,10,Swiggy Genie,"63/882, Kapoor Ganj, Ahmednagar 506872",17-06-2025
863,Delhi,Dwarka,Royal Desserts Zone,"Healthy Food, Burgers, Pizza, Ice Cream",925,3.6,6366,2988,2763900,65,50,Swiggy One,"H.No. 92, Bhavsar Zila, Firozabad 659378",04-09-2025
864,Delhi,Karol Bagh,Urban Ice Cream Corner,Fast Food,1015,4,8079,1065,1080975,64,25,Regular Delivery,"H.No. 431, Chaudhuri Street, Katni-139082",29-01-2026
865,Mumbai,Powai,Biryani Italian Factory,"North Indian, Andhra",988,3.2,9221,3145,3107260,32,40,Swiggy Genie,"H.No. 87, Rajagopal Marg, Machilipatnam 198576",13-02-2026
866,Bangalore,Indiranagar,Delight Arabian Factory,"Bakery, Ice Cream, Biryani, North Indian",312,4.7,4207,2316,722592,52,0,Swiggy Genie,"90/15, Chandran Marg, Kolkata 903169",24-05-2026
867,Chennai,Adyar,Street South Indian Grill,"South Indian, Bakery, Italian, Pizza",182,4.6,7763,4096,745472,58,50,Swiggy Genie,"H.No. 19, Chanda Road, Hapur 951997",01-08-2025
868,Mumbai,Lower Parel,Biryani North Indian Grill,South Indian,433,4.3,2948,758,328214,75,15,Swiggy One,"71/17, Wason Chowk, Maheshtala-285228",23-12-2025
869,Bangalore,BTM Layout,Street Fast Food Grill,"South Indian, Burgers, Healthy Food, Ice Cream",154,3.5,11059,1466,225764,74,30,Regular Delivery,"693, Bhargava, Sirsa-840639",05-04-2026
870,Chennai,OMR,Food South Indian Point,Mughlai,515,4.5,8266,767,395005,29,25,Swiggy Genie,"15, Datta Road, Jamshedpur-546979",24-12-2025
871,Mumbai,Andheri,Food Burgers Hub,"Fast Food, Bakery, Ice Cream",757,3.4,5795,3899,2951543,27,30,Regular Delivery,"H.No. 42, Sankar Ganj, Guwahati-500576",04-11-2025
872,Bangalore,Jayanagar,Cafe Chinese Corner,"Chinese, South Indian, Italian, Healthy Food",770,4,379,165,127050,69,15,Swiggy Genie,"55/120, Savant Chowk, Vijayanagaram 476340",11-06-2025
873,Chennai,Adyar,Street Fast Food Corner,Desserts,755,2.9,11615,2365,1785575,38,15,Swiggy Genie,"75/996, Chadha Street, Jaunpur-818326",31-12-2025
874,Delhi,Karol Bagh,Tandoori Burgers Palace,"Desserts, Andhra, Biryani, Pizza",651,4.3,4384,2989,1945839,25,50,Regular Delivery,"58, Bawa Zila, Belgaum 724611",13-11-2025
875,Chennai,T Nagar,Food Pizza Zone,"Burgers, North Indian, Andhra, Arabian",551,4.9,7158,1779,980229,42,25,Swiggy One,"H.No. 679, Grewal Path, Gaya-762036",28-11-2025
876,Delhi,Rohini,Tandoori Ice Cream Junction,"Chinese, Ice Cream, Mughlai",1077,3.3,1939,3972,4277844,53,15,Swiggy Genie,"39/700, Vohra Road, Bokaro 333899",03-12-2025
877,Mumbai,Lower Parel,House South Indian Factory,"Bakery, Arabian, Fast Food",334,4.1,14293,3532,1179688,20,15,Swiggy One,"H.No. 00, Sridhar Street, Kochi-345490",16-05-2026
878,Chennai,T Nagar,Biryani Arabian Corner,Burgers,1076,3.9,12371,3819,4109244,21,50,Regular Delivery,"45/38, Randhawa Chowk, Kavali-490021",26-09-2025
879,Delhi,Dwarka,Cafe Bakery Grill,"Healthy Food, Andhra, Biryani, Pizza",811,3.8,6622,1999,1621189,39,0,Regular Delivery,"78, Ganesan Nagar, Ballia-847549",20-12-2025
880,Bangalore,Whitefield,Spice Burgers Zone,"Ice Cream, Arabian, Fast Food, Italian",460,4.7,14575,4732,2176720,58,20,Swiggy Genie,"11, Mahajan Circle, Dibrugarh-801168",08-01-2026
881,Hyderabad,Kukatpally,Street Pizza Factory,Chinese,1059,3.6,7596,1721,1822539,20,15,Swiggy Genie,"H.No. 53, Handa Street, Parbhani-898625",24-05-2025
882,Chennai,T Nagar,Tandoori Fast Food Treats,Burgers,304,4.3,2575,120,36480,63,30,Swiggy One,"H.No. 477, Trivedi Nagar, Bijapur 544867",12-02-2026
883,Hyderabad,Kukatpally,Express Mughlai Junction,Healthy Food,1087,4.2,13670,864,939168,49,20,Swiggy One,"51/980, Saraf Nagar, Bidar 051225",01-05-2026
884,Hyderabad,Kukatpally,Biryani Arabian Treats,"Mughlai, Healthy Food",926,3.9,5733,1896,1755696,51,0,Regular Delivery,"244, Ram Circle, Gwalior-514648",15-07-2025
885,Hyderabad,Gachibowli,Spice Mughlai Point,"Bakery, Burgers, Ice Cream",591,3.1,3129,2553,1508823,22,20,Swiggy One,"94, Dubey Path, Guntur 045285",13-07-2025
886,Bangalore,Koramangala,Street Mughlai World,"Burgers, Fast Food, Chinese, Pizza",191,3.3,6959,3342,638322,31,15,Regular Delivery,"75/953, Walia, Satara-783698",24-11-2025
887,Delhi,Connaught Place,Royal Mughlai Hub,"Chinese, Burgers, Seafood, Bakery",449,3.5,9465,3804,1707996,52,40,Swiggy Genie,"710, Chadha Street, Aligarh 443583",30-07-2025
888,Mumbai,Dadar,Cafe Biryani Grill,"South Indian, Pizza, Fast Food, Italian",1042,3.9,12845,4462,4649404,50,30,Swiggy One,"H.No. 931, Dhar Circle, Kharagpur-339652",01-12-2025
889,Bangalore,Indiranagar,Urban North Indian Factory,"Mughlai, Andhra, Seafood, South Indian",648,3.2,13367,3642,2360016,59,50,Swiggy Genie,"831, Ram Circle, Korba 722093",21-05-2026
890,Mumbai,Powai,Kitchen Italian Factory,Biryani,222,4.7,11295,3567,791874,43,25,Swiggy One,"47, Jhaveri Road, Malda-145035",06-05-2026
891,Chennai,Anna Nagar,Food North Indian World,"Burgers, Pizza, Healthy Food",784,3.4,633,3006,2356704,58,10,Regular Delivery,"83, Raval Nagar, Baranagar 854258",26-04-2026
892,Bangalore,Jayanagar,Royal Pizza Corner,"Desserts, Chinese, South Indian, Ice Cream",1130,3.7,4550,2079,2349270,42,50,Regular Delivery,"H.No. 729, Dalal Street, Alappuzha-835849",02-06-2025
893,Delhi,Rohini,Spice Pizza Grill,"South Indian, Healthy Food, Burgers, Andhra",327,3.6,11934,2553,834831,25,30,Swiggy One,"26/93, Swaminathan Zila, Guntur 068866",11-12-2025
894,Mumbai,Andheri,House Chinese Treats,"Ice Cream, Bakery",358,4.5,9403,4291,1536178,36,25,Regular Delivery,"H.No. 460, Mangat Ganj, Belgaum 617606",13-07-2025
895,Hyderabad,Madhapur,Food Ice Cream Corner,"Healthy Food, Biryani, Mughlai",686,3.9,799,1564,1072904,58,40,Regular Delivery,"84, Bhattacharyya Zila, Khammam 647443",28-05-2025
896,Chennai,T Nagar,Tandoori North Indian Treats,Andhra,385,3.4,7626,875,336875,58,30,Swiggy Genie,"H.No. 200, Bansal Ganj, Gandhinagar 494611",16-08-2025
897,Hyderabad,Madhapur,Street Italian Grill,"Desserts, South Indian, Arabian",981,4.1,5436,3976,3900456,54,40,Regular Delivery,"H.No. 42, Doshi Zila, Ulhasnagar-122399",01-04-2026
898,Bangalore,Koramangala,Kitchen Pizza World,"Seafood, Burgers, Andhra",1141,3.2,11481,2174,2480534,30,40,Swiggy One,"535, Vala Street, Sonipat-934472",31-08-2025
899,Bangalore,Jayanagar,Express Bakery Point,Healthy Food,545,4.4,8726,2470,1346150,43,25,Swiggy One,"697, Chad Road, Nagercoil-940619",05-09-2025
900,Mumbai,Dadar,Delight Burgers Grill,Pizza,840,4,6855,2405,2020200,68,0,Regular Delivery,"72, Dass Chowk, Silchar-265761",19-06-2025
901,Mumbai,Bandra,Royal Mughlai Junction,"Pizza, Fast Food, Arabian, South Indian",552,4.9,9401,1383,763416,38,15,Regular Delivery,"H.No. 866, Sarna Zila, Munger 712430",22-12-2025
902,Mumbai,Lower Parel,Delight Ice Cream Factory,"Bakery, Mughlai, Biryani, Fast Food",863,4.1,10932,4194,3619422,63,30,Regular Delivery,"31, Dutt Chowk, Jammu-559691",15-11-2025
903,Delhi,Dwarka,Kitchen Arabian World,"Mughlai, Desserts",441,4.7,2960,107,47187,45,25,Regular Delivery,"H.No. 156, Wali Marg, South Dumdum 416271",05-07-2025
904,Chennai,Adyar,Delight Andhra Treats,"Biryani, Fast Food",960,3.2,525,1215,1166400,59,20,Regular Delivery,"02, Rastogi Marg, Vijayanagaram 931520",11-04-2026
905,Delhi,Rohini,Spice Seafood Grill,Andhra,631,3.1,10298,3113,1964303,50,10,Swiggy Genie,"34, Chand Chowk, Dhule-207161",02-07-2025
906,Delhi,Dwarka,Biryani Desserts Corner,"Burgers, Desserts",1087,4.8,3323,2480,2695760,40,15,Swiggy Genie,"H.No. 246, Roy Path, Barasat 435130",06-04-2026
907,Bangalore,Indiranagar,Kitchen Desserts Corner,"Italian, Biryani, Seafood, Arabian",1064,3.9,1871,1384,1472576,71,30,Swiggy Genie,"31/20, Gola Chowk, Guntur 009586",10-05-2026
908,Mumbai,Andheri,House Andhra Zone,South Indian,1082,4.6,1202,2210,2391220,70,40,Regular Delivery,"H.No. 228, Khurana Marg, Delhi 498724",23-03-2026
909,Delhi,Connaught Place,Kitchen South Indian Palace,Italian,935,4.5,11930,3056,2857360,69,0,Swiggy One,"52/455, Bal Marg, Davanagere 014905",11-12-2025
910,Delhi,Dwarka,Delight Biryani Corner,"Biryani, South Indian, Chinese, Pizza",870,3.7,5617,4033,3508710,29,20,Swiggy Genie,"21, Dara Street, Chandigarh 616100",17-12-2025
911,Chennai,Anna Nagar,Kitchen Desserts Palace,"Chinese, Desserts, Bakery",821,3.4,7335,2192,1799632,41,50,Regular Delivery,"85/941, Handa Circle, Mirzapur-678311",16-10-2025
912,Chennai,OMR,Urban Arabian Hub,Pizza,572,4.6,9283,2592,1482624,43,25,Regular Delivery,"H.No. 703, Verma Street, Thrissur-074549",16-06-2025
913,Hyderabad,Hitech City,House Arabian Corner,"Healthy Food, Bakery, Desserts",383,3.1,4839,2187,837621,74,40,Regular Delivery,"04/712, Atwal Ganj, Kavali 827139",19-09-2025
914,Hyderabad,Madhapur,Delight North Indian Palace,"Arabian, Chinese",865,4.3,12263,3987,3448755,75,40,Regular Delivery,"17/080, Yadav Chowk, Moradabad-063816",05-06-2025
915,Hyderabad,Kukatpally,Biryani Mughlai World,"Seafood, Ice Cream",466,4.6,7947,3191,1487006,31,50,Swiggy Genie,"98/186, Raja Road, Yamunanagar-200933",08-10-2025
916,Bangalore,Koramangala,Tandoori Pizza Palace,"Arabian, Biryani",364,4.2,5890,4744,1726816,51,50,Regular Delivery,"448, Sarin Ganj, Bhagalpur-598164",21-10-2025
917,Bangalore,Jayanagar,House South Indian Treats,"Fast Food, Burgers",322,4.8,8363,4612,1485064,24,25,Regular Delivery,"76/101, Chada Circle, Satna 490850",03-10-2025
918,Delhi,Connaught Place,Delight Desserts Junction,Italian,644,4.5,3043,1950,1255800,64,20,Regular Delivery,"H.No. 575, Chokshi Marg, Satara 463492",06-06-2025
919,Mumbai,Bandra,Express Ice Cream Point,Ice Cream,509,4.3,1093,578,294202,28,25,Swiggy Genie,"H.No. 09, Gaba Path, Proddatur 078552",06-04-2026
920,Hyderabad,Gachibowli,Spice Seafood Point,"Italian, South Indian, Ice Cream, Mughlai",522,3.8,7290,1697,885834,25,50,Swiggy Genie,"H.No. 143, Raju Zila, Bally 092939",02-04-2026
921,Delhi,Rohini,Delight North Indian Grill,"Healthy Food, Pizza",1000,4.6,1877,1675,1675000,66,50,Regular Delivery,"873, Randhawa Marg, Bhiwani-496525",11-10-2025
922,Delhi,Dwarka,Food Ice Cream World,Ice Cream,481,3.5,7968,2534,1218854,52,25,Swiggy One,"H.No. 670, Batra Chowk, Surat 204481",01-08-2025
923,Delhi,Saket,Express Arabian World,"Ice Cream, Seafood, Healthy Food",348,4.9,3034,2694,937512,51,0,Regular Delivery,"592, Srinivas Ganj, Hubli–Dharwad-694451",27-11-2025
924,Mumbai,Dadar,Food Arabian Point,"Burgers, South Indian",1027,3.5,11305,1665,1709955,54,15,Swiggy Genie,"H.No. 928, Luthra Circle, Noida-739224",12-08-2025
925,Hyderabad,Gachibowli,Express Healthy Food Point,"Arabian, Burgers, Mughlai",734,4.7,3495,2732,2005288,56,15,Swiggy Genie,"65/800, Goel Ganj, Tiruchirappalli-449984",02-10-2025
926,Hyderabad,Banjara Hills,House Burgers Factory,"Burgers, Arabian",1177,4.9,10756,2286,2690622,58,40,Swiggy Genie,"H.No. 79, Rout Nagar, Davanagere 427217",04-03-2026
927,Chennai,Adyar,Biryani Bakery Factory,"Bakery, Chinese, Pizza",1041,3.4,9278,126,131166,45,40,Swiggy One,"57, Maharaj, Mira-Bhayandar-734110",19-04-2026
928,Bangalore,Whitefield,Street North Indian Junction,"Pizza, Desserts, Mughlai",547,4.2,4243,273,149331,38,30,Swiggy One,"87/32, Dass Path, Pune-394265",11-04-2026
929,Mumbai,Dadar,Delight Italian Palace,"Fast Food, Mughlai, Biryani",338,3,2678,4937,1668706,40,50,Swiggy One,"H.No. 038, Raman Ganj, Bhiwani-709910",27-09-2025
930,Bangalore,Whitefield,Food South Indian Point,"Desserts, Pizza, Arabian, Andhra",234,4.1,4572,3669,858546,54,30,Swiggy One,"586, Gill Nagar, Bhilai-016911",14-07-2025
931,Bangalore,Whitefield,Cafe Andhra Corner,"Chinese, Burgers",428,4,9455,3670,1570760,32,10,Swiggy Genie,"88/513, Aurora Chowk, Suryapet 198032",20-03-2026
932,Chennai,OMR,Urban Chinese Factory,"Arabian, Bakery, North Indian",859,4.7,7354,1588,1364092,67,20,Swiggy One,"38/41, Dugar Ganj, Kadapa 871866",26-06-2025
933,Mumbai,Bandra,Cafe Ice Cream Palace,"Bakery, Burgers, Biryani, Seafood",167,3.1,10572,3326,555442,46,40,Swiggy One,"H.No. 578, Kaur Ganj, Thiruvananthapuram 665525",13-04-2026
934,Bangalore,Jayanagar,Spice Andhra Hub,Bakery,1152,4.6,5408,2395,2759040,70,50,Regular Delivery,"50/729, Sehgal Street, Bokaro 943042",20-11-2025
935,Chennai,Anna Nagar,Express Biryani Zone,Chinese,444,4.5,13915,4781,2122764,74,10,Swiggy One,"56/70, Lall Marg, Vijayanagaram-818924",28-01-2026
936,Delhi,Saket,Street Italian World,Andhra,431,4.2,1246,3799,1637369,31,30,Regular Delivery,"H.No. 59, Master Path, Ramgarh-298341",14-06-2025
937,Mumbai,Andheri,Spice North Indian Junction,"Arabian, North Indian, Healthy Food, Fast Food",780,3.7,4291,4867,3796260,74,20,Regular Delivery,"H.No. 593, Sura Circle, Dibrugarh 384958",19-01-2026
938,Chennai,OMR,Biryani Pizza Junction,"Fast Food, Mughlai, Andhra, Arabian",423,3.2,3025,4449,1881927,26,0,Regular Delivery,"H.No. 55, Apte Road, Gwalior-004489",19-07-2025
939,Bangalore,Indiranagar,Biryani Desserts Junction,"Chinese, Burgers, Andhra",533,3.4,7001,1859,990847,37,20,Swiggy One,"H.No. 919, Sandhu, Machilipatnam-291070",22-04-2026
940,Bangalore,Indiranagar,Kitchen Fast Food Treats,"Biryani, Andhra, Fast Food, North Indian",220,3.7,6590,3197,703340,32,20,Regular Delivery,"H.No. 48, Chacko Path, Pudukkottai-753436",07-07-2025
941,Bangalore,BTM Layout,Tandoori Biryani World,"Biryani, Chinese",853,4.4,5241,1803,1537959,46,20,Swiggy Genie,"83/071, Sule Road, Naihati-102973",12-10-2025
942,Delhi,Karol Bagh,Spice North Indian Treats,"Ice Cream, Healthy Food, South Indian, Desserts",980,3.6,14099,3032,2971360,26,30,Swiggy One,"H.No. 68, Jain Nagar, Kanpur-727046",13-05-2026
943,Bangalore,Whitefield,House Mughlai World,"Desserts, Bakery, South Indian",152,4.8,4550,451,68552,66,30,Swiggy Genie,"H.No. 67, Sathe Zila, Gandhidham-698631",29-01-2026
944,Hyderabad,Gachibowli,Express Pizza Corner,Pizza,1082,4.4,1052,2480,2683360,58,20,Swiggy One,"64, Kaul Circle, Madanapalle-983503",28-06-2025
945,Delhi,Dwarka,Urban Pizza Corner,"Andhra, Chinese",867,4.6,1842,325,281775,70,15,Swiggy One,"H.No. 44, Rao Road, Kakinada-139583",08-09-2025
946,Hyderabad,Kukatpally,Delight Seafood Hub,"Bakery, Italian, Andhra, Pizza",172,3.5,14612,1262,217064,50,0,Swiggy One,"H.No. 070, Bahri Zila, Ambattur-951065",27-07-2025
947,Bangalore,Jayanagar,Biryani Desserts Point,"Burgers, Chinese, South Indian, North Indian",979,4.9,1891,3480,3406920,50,50,Regular Delivery,"36, Shroff Chowk, Rewa 688882",09-03-2026
948,Mumbai,Bandra,Kitchen Healthy Food Palace,Arabian,382,3.5,8897,3994,1525708,43,10,Swiggy One,"582, Raj Circle, Bhagalpur 362461",08-04-2026
949,Delhi,Saket,Urban Pizza Junction,"Desserts, Ice Cream",288,4.4,11801,942,271296,45,25,Swiggy Genie,"532, Bail Marg, Navi Mumbai 107605",03-07-2025
950,Hyderabad,Kukatpally,Cafe Italian Grill,"Arabian, Burgers",1184,3.9,14526,2766,3274944,37,15,Swiggy One,"204, Samra Street, Uluberia 475951",10-07-2025
951,Chennai,Velachery,House South Indian Junction,Mughlai,493,2.8,10447,1406,693158,22,20,Swiggy One,"H.No. 006, Hans Road, Patiala-084913",20-08-2025
952,Chennai,Anna Nagar,House Mughlai World,"Healthy Food, Andhra, Burgers, Biryani",559,3.8,4355,1045,584155,54,50,Regular Delivery,"H.No. 38, Bains Chowk, Anand-998873",30-03-2026
953,Chennai,OMR,Street Seafood World,"Seafood, Italian, Chinese",1054,4.2,10994,4332,4565928,74,30,Swiggy One,"124, Raju Ganj, Khora -927393",14-08-2025
954,Bangalore,Koramangala,Tandoori Italian Point,"North Indian, Ice Cream, Chinese, South Indian",366,4,4894,2595,949770,28,30,Swiggy One,"18/823, Lal Path, Bidar 225827",26-11-2025
955,Mumbai,Lower Parel,Food Fast Food Corner,Burgers,574,4.4,3305,4385,2516990,66,30,Regular Delivery,"76, Savant Chowk, Hapur 208699",05-12-2025
956,Hyderabad,Hitech City,Express Desserts Zone,Bakery,461,3.6,1690,1933,891113,63,15,Regular Delivery,"H.No. 190, Shanker Marg, Kolhapur-990122",08-01-2026
957,Hyderabad,Hitech City,Street Mughlai Zone,"Fast Food, Pizza, North Indian, Healthy Food",982,4.7,7717,2537,2491334,40,15,Swiggy Genie,"H.No. 83, Contractor Nagar, Bokaro-896527",07-02-2026
958,Bangalore,Koramangala,Delight Chinese Hub,"Fast Food, Italian, Bakery",960,3.1,7929,2066,1983360,72,15,Swiggy One,"90/87, Sethi Marg, Hajipur 120797",23-08-2025
959,Hyderabad,Banjara Hills,Royal Desserts Palace,"Fast Food, Biryani, Andhra, Burgers",407,4.7,2072,1766,718762,66,15,Swiggy One,"11/538, Cherian, Cuttack-611298",30-08-2025
960,Hyderabad,Kukatpally,Express Arabian Zone,"North Indian, Seafood, South Indian",330,4.4,9854,3670,1211100,50,20,Swiggy One,"43/459, Wable Road, Vijayanagaram-787570",28-01-2026
961,Bangalore,Jayanagar,Biryani Ice Cream Hub,"Pizza, South Indian, Mughlai, Bakery",901,4.6,4235,3569,3215669,27,50,Regular Delivery,"98, Behl Marg, Agra 525065",31-05-2025
962,Hyderabad,Banjara Hills,Royal Bakery Junction,"Desserts, Ice Cream, South Indian",1132,4.6,7135,941,1065212,46,0,Swiggy One,"04/17, Lalla Circle, Bellary 067038",01-02-2026
963,Chennai,T Nagar,Street Bakery Point,"Andhra, Seafood, Healthy Food",146,3,13255,4878,712188,51,20,Swiggy One,"994, Basu Zila, Shimoga-283274",11-08-2025
964,Hyderabad,Hitech City,Kitchen Mughlai Grill,"Ice Cream, South Indian, Mughlai, Bakery",1182,4.6,10987,963,1138266,44,0,Regular Delivery,"71, Cheema Path, Ludhiana 700144",16-02-2026
965,Bangalore,Jayanagar,Tandoori Bakery Grill,Biryani,983,4.5,11818,2925,2875275,67,0,Regular Delivery,"43/29, Deep Zila, Kurnool 279969",18-02-2026
966,Mumbai,Dadar,House Andhra Hub,Mughlai,562,4,445,889,499618,60,30,Swiggy One,"988, Kulkarni Road, Bhiwani-225050",01-11-2025
967,Mumbai,Andheri,Biryani Bakery Junction,"Ice Cream, Burgers, Andhra, Seafood",686,3.7,833,2235,1533210,40,50,Swiggy Genie,"21/867, Ratti Road, Chandigarh-032899",12-11-2025
968,Hyderabad,Hitech City,Urban Healthy Food Point,"Mughlai, Healthy Food, Burgers",803,3.5,8868,2673,2146419,67,20,Swiggy One,"H.No. 960, Chandran Chowk, Gandhinagar-839003",17-01-2026
969,Bangalore,BTM Layout,Urban Mughlai Junction,"Seafood, Arabian, Desserts, Healthy Food",662,4.6,8003,3666,2426892,42,30,Swiggy One,"H.No. 07, Bhatti Path, Kamarhati-024576",11-07-2025
970,Hyderabad,Gachibowli,Delight Arabian Zone,"North Indian, South Indian, Biryani",726,4.4,8868,702,509652,31,40,Swiggy Genie,"61, Kalita Road, Srikakulam-560149",09-08-2025
971,Bangalore,BTM Layout,Express Bakery Treats,"Ice Cream, Chinese, Bakery, Burgers",392,4.7,1747,4750,1862000,74,25,Swiggy Genie,"56/21, Dhawan Path, Kottayam 935982",26-05-2025
972,Chennai,Velachery,House Ice Cream Hub,"South Indian, Biryani, Ice Cream, Chinese",1132,3.3,11438,1930,2184760,34,20,Swiggy One,"37, Desai Ganj, Bokaro 808986",02-05-2026
973,Hyderabad,Gachibowli,Tandoori North Indian Grill,Arabian,1109,4.6,6841,3457,3833813,55,20,Swiggy Genie,"94, Dara Road, Berhampur-829147",02-08-2025
974,Delhi,Rohini,Biryani Ice Cream Treats,"Mughlai, Bakery, Pizza, Italian",878,3.6,3895,711,624258,40,30,Regular Delivery,"64/90, Cherian Street, Salem-180990",22-03-2026
975,Hyderabad,Kukatpally,Express Healthy Food Zone,"Pizza, South Indian",762,3,13587,2933,2234946,58,20,Regular Delivery,"H.No. 310, Gandhi Marg, Bokaro 492659",24-05-2025
976,Delhi,Saket,Kitchen Italian World,"Ice Cream, Arabian, Andhra, North Indian",1013,2.9,2857,4659,4719567,21,50,Regular Delivery,"57, Dave Circle, Guna 329956",08-09-2025
977,Bangalore,Koramangala,Royal Ice Cream Grill,"Pizza, South Indian, Seafood, Burgers",636,4.8,11973,3609,2295324,21,50,Regular Delivery,"526, Varkey Street, Jabalpur-364924",21-11-2025
978,Hyderabad,Banjara Hills,Express Arabian Factory,"Italian, Pizza",596,4,14401,1261,751556,52,40,Regular Delivery,"H.No. 265, Khatri Marg, Ramagundam 871124",15-02-2026
979,Delhi,Karol Bagh,Cafe Bakery Grill,South Indian,365,4.4,1213,4419,1612935,59,10,Swiggy One,"64/83, Sanghvi Road, Jalandhar-418944",21-12-2025
980,Hyderabad,Gachibowli,Urban North Indian World,"Burgers, Andhra",364,3.5,1592,3418,1244152,45,40,Swiggy One,"H.No. 71, Tella Circle, South Dumdum-873320",21-12-2025
981,Mumbai,Bandra,Biryani Burgers Treats,"Burgers, South Indian, Pizza",636,3.8,3073,1723,1095828,36,40,Swiggy Genie,"33, Kohli Chowk, Eluru 833408",15-06-2025
982,Chennai,Anna Nagar,Express Ice Cream Hub,"Italian, Mughlai, South Indian",244,4.9,1019,862,210328,63,30,Swiggy Genie,"54, Desai Path, Chittoor-452562",07-02-2026
983,Bangalore,Jayanagar,Biryani Mughlai Palace,North Indian,176,4.5,9357,648,114048,56,30,Swiggy Genie,"914, Taneja Marg, Bhagalpur-974393",18-09-2025
984,Hyderabad,Hitech City,Royal Pizza Grill,"Burgers, Ice Cream, Biryani, Healthy Food",886,4,14655,4236,3753096,48,15,Swiggy Genie,"H.No. 47, Koshy Road, Hyderabad 013133",08-10-2025
985,Mumbai,Andheri,Street Arabian Point,Biryani,834,4.2,9718,896,747264,53,15,Swiggy One,"740, Choudhary, Rewa 324207",02-07-2025
986,Hyderabad,Hitech City,House Mughlai World,"Seafood, Desserts",358,4.2,1122,3075,1100850,41,20,Swiggy Genie,"H.No. 12, Sastry Chowk, Erode-440299",01-03-2026
987,Hyderabad,Banjara Hills,Biryani South Indian World,"Mughlai, North Indian",322,4.6,1540,4399,1416478,62,30,Regular Delivery,"404, Khanna Road, Warangal 734171",16-10-2025
988,Delhi,Rohini,Kitchen Fast Food Palace,"Fast Food, Pizza, Burgers, Chinese",993,3.6,6227,275,273075,25,50,Swiggy One,"H.No. 463, Gade, North Dumdum-053077",08-02-2026
989,Bangalore,Koramangala,Street South Indian Zone,"Mughlai, Pizza, Desserts, Healthy Food",205,3.2,1511,2649,543045,39,15,Regular Delivery,"83/39, Deo Path, Jabalpur-960917",24-11-2025
990,Bangalore,Jayanagar,Street Mughlai Junction,South Indian,840,4.8,909,4244,3564960,72,40,Regular Delivery,"H.No. 27, Ramanathan Ganj, Bongaigaon-085114",16-12-2025
991,Hyderabad,Hitech City,Royal Italian Corner,"South Indian, Italian, Biryani",573,4.3,1245,4137,2370501,65,20,Swiggy Genie,"H.No. 83, Zacharia Path, Ambala-029255",06-10-2025
992,Delhi,Rohini,Food Fast Food Point,South Indian,714,2.8,3988,1530,1092420,62,30,Swiggy One,"H.No. 20, Kalla Marg, Gangtok-237923",07-11-2025
993,Hyderabad,Kukatpally,Tandoori Ice Cream Treats,"South Indian, Chinese, Italian, Arabian",754,3.2,14446,3432,2587728,61,25,Regular Delivery,"H.No. 99, Mahal Marg, Jalna 767270",02-04-2026
994,Bangalore,Whitefield,Kitchen Ice Cream Grill,"Mughlai, Pizza, Andhra, Biryani",141,4.1,6529,1135,160035,22,50,Regular Delivery,"633, Talwar, Nandyal-992363",19-02-2026
995,Hyderabad,Madhapur,Urban Healthy Food Point,Biryani,495,3.9,2792,3342,1654290,67,25,Swiggy One,"78/277, Tailor, Berhampore 456199",05-05-2026
996,Delhi,Karol Bagh,Royal Mughlai Junction,"Ice Cream, South Indian, Mughlai",297,4,8208,4325,1284525,32,15,Swiggy Genie,"67, Kibe Path, Jodhpur-545063",23-04-2026
997,Mumbai,Dadar,Tandoori South Indian Treats,Biryani,497,3,11414,2060,1023820,71,10,Swiggy One,"H.No. 132, Apte Marg, Katihar 669309",06-04-2026
998,Delhi,Karol Bagh,Spice Fast Food Junction,"Pizza, Desserts, Arabian, Mughlai",771,2.9,282,2134,1645314,29,30,Swiggy Genie,"73/999, Varughese Circle, Bulandshahr 496601",23-04-2026
999,Chennai,Adyar,Food Pizza Palace,"South Indian, Fast Food",1155,2.9,3064,2831,3269805,60,20,Regular Delivery,"715, Walia Ganj, Navi Mumbai 468704",26-03-2026
1000,Mumbai,Andheri,Express Arabian Zone,"Chinese, Andhra, Biryani, Arabian",449,3.1,5252,613,275237,23,10,Swiggy One,"82/289, Balan Street, Chittoor-715247",28-10-2025
1001,Delhi,Rohini,Cafe Seafood Factory,Burgers,198,3.1,1750,128,25344,63,20,Swiggy One,"H.No. 84, Seth Marg, Jammu-230634",22-09-2025
1002,Bangalore,Jayanagar,Delight Biryani Junction,Mughlai,192,4,1261,4761,914112,21,50,Regular Delivery,"86/03, Borah Zila, Narasaraopet 225948",14-02-2026
1003,Mumbai,Powai,House Healthy Food Grill,"Italian, Healthy Food, Bakery, Biryani",632,3.5,10481,1334,843088,49,50,Swiggy One,"24, Ram Ganj, Madurai-951981",10-07-2025
1004,Delhi,Karol Bagh,House Burgers Treats,"Pizza, Healthy Food",646,4.7,6080,3616,2335936,67,0,Swiggy One,"10/16, Setty Nagar, Bhilwara 516978",05-12-2025
1005,Hyderabad,Madhapur,Food Pizza Factory,"Andhra, Bakery, Ice Cream, Biryani",546,4.8,6949,3785,2066610,46,50,Swiggy One,"30, Krishna Zila, Jalgaon 877751",10-06-2025
1006,Mumbai,Dadar,Food Pizza Zone,"Seafood, Burgers, Healthy Food",541,3.3,11725,3057,1653837,32,20,Swiggy One,"H.No. 92, Tripathi Path, Bathinda-223226",17-08-2025
1007,Delhi,Dwarka,Urban Healthy Food Point,"Arabian, Biryani, Fast Food",1046,3.4,13696,496,518816,69,40,Swiggy Genie,"43, Dubey Ganj, Tezpur 832096",13-10-2025
1008,Hyderabad,Kukatpally,Express Andhra Corner,"Mughlai, Italian",1027,2.9,3432,2319,2381613,44,15,Regular Delivery,"H.No. 234, Grewal Street, Kochi-858940",10-06-2025
1009,Delhi,Saket,Kitchen Desserts Corner,"Fast Food, Chinese, Healthy Food, Burgers",1116,3.5,12557,875,976500,59,0,Swiggy Genie,"58/06, Sarin Path, Tenali-637633",27-04-2026
1010,Bangalore,BTM Layout,Biryani Chinese Factory,South Indian,850,3.2,2517,620,527000,33,25,Swiggy One,"541, Ravel Circle, Etawah-658192",11-02-2026
1011,Delhi,Karol Bagh,Street Arabian Point,"Healthy Food, Burgers, Bakery, Chinese",447,4.7,2540,1050,469350,30,40,Regular Delivery,"270, Sehgal Road, Kozhikode 633920",15-02-2026
1012,Delhi,Dwarka,Street Desserts Point,"Healthy Food, Bakery",420,4.7,1640,1190,499800,68,0,Swiggy One,"H.No. 483, Banik Path, Bhavnagar 555969",21-06-2025
1013,Mumbai,Dadar,Cafe Bakery World,"Burgers, Mughlai, North Indian, Arabian",492,3.7,375,2863,1408596,51,30,Swiggy Genie,"55, Gole Nagar, Jehanabad 812028",21-04-2026
1014,Chennai,Anna Nagar,Street Mughlai Corner,"Pizza, Arabian",347,4.9,13009,2707,939329,62,20,Swiggy One,"64, Raval Chowk, Solapur 242369",21-06-2025
1015,Bangalore,Koramangala,Urban Bakery Palace,"North Indian, Arabian, Italian, Fast Food",513,3.9,8576,2689,1379457,21,50,Swiggy Genie,"59/05, Rama Road, Muzaffarpur-294565",08-07-2025
1016,Bangalore,Indiranagar,Biryani South Indian Palace,"Ice Cream, Desserts, Fast Food",1058,4.2,5504,1150,1216700,55,0,Regular Delivery,"H.No. 90, Chawla Nagar, Giridih-736751",14-05-2026
1017,Bangalore,Jayanagar,Food Fast Food World,Arabian,898,3.6,11441,3153,2831394,63,25,Swiggy One,"36, Baral Street, Dehri 484041",20-04-2026
1018,Chennai,OMR,Biryani Ice Cream Zone,"Andhra, Bakery, Burgers, Chinese",515,3.8,4419,774,398610,25,50,Regular Delivery,"21/587, Keer Chowk, Haldia 004963",10-02-2026
1019,Chennai,OMR,Urban Biryani Junction,North Indian,272,3.2,1114,795,216240,29,20,Swiggy Genie,"H.No. 44, Rajagopal Ganj, Shimoga-394495",26-09-2025
1020,Bangalore,BTM Layout,House Italian Factory,"Chinese, Healthy Food, Arabian",336,4.1,970,1714,575904,65,15,Regular Delivery,"560, Dhar Ganj, Madhyamgram-026264",02-07-2025
1021,Bangalore,Indiranagar,Spice Andhra Junction,Chinese,550,2.9,1351,4416,2428800,44,30,Swiggy Genie,"89/75, Sachdev Road, Muzaffarpur 803673",22-04-2026
1022,Mumbai,Bandra,House South Indian World,"Burgers, Desserts, Pizza, Bakery",498,3.9,1353,2236,1113528,31,20,Swiggy Genie,"H.No. 823, Chaudhry Nagar, Purnia 849988",12-02-2026
1023,Delhi,Rohini,Royal Fast Food Corner,"Biryani, Bakery",778,4.4,3780,4932,3837096,30,40,Swiggy One,"31/179, Chaudhuri Nagar, Tezpur 433842",26-07-2025
1024,Delhi,Dwarka,Biryani Desserts Zone,"Fast Food, Healthy Food, Pizza",134,4.2,11248,1401,187734,36,25,Swiggy Genie,"H.No. 13, Chowdhury, Nangloi Jat 543804",24-11-2025
1025,Bangalore,BTM Layout,Delight Andhra Point,"Bakery, Italian, Healthy Food, North Indian",1033,2.8,12244,2688,2776704,63,10,Regular Delivery,"50/95, Uppal Path, Mirzapur 069850",16-12-2025
1026,Chennai,OMR,Cafe Seafood World,Ice Cream,853,4.4,7921,2539,2165767,43,50,Swiggy One,"27, Bhatia, Hospet-540782",28-01-2026
1027,Chennai,OMR,Urban South Indian Factory,"Desserts, Arabian",959,3.8,7613,3878,3719002,40,40,Swiggy One,"95/72, Mangat, Kurnool 859106",28-07-2025
1028,Mumbai,Bandra,Spice Pizza Factory,"Mughlai, Fast Food",901,4.9,10407,3075,2770575,29,40,Swiggy Genie,"41, Krishna Path, Amravati 985211",02-09-2025
1029,Mumbai,Bandra,Royal North Indian Treats,"Burgers, Biryani",1087,3.1,5576,4154,4515398,32,0,Swiggy One,"32/922, Sengupta, Hindupur-356135",06-12-2025
1030,Hyderabad,Kukatpally,Delight Healthy Food Treats,"Desserts, Biryani, Healthy Food",1011,4.8,2668,2974,3006714,51,0,Swiggy Genie,"174, Divan, Siliguri-909364",06-07-2025
1031,Bangalore,Koramangala,Kitchen Fast Food Treats,"Arabian, Chinese, Biryani, Ice Cream",1124,2.8,5096,2853,3206772,60,15,Regular Delivery,"53, Krish Path, Rajkot 630315",07-04-2026
1032,Chennai,OMR,Street Seafood Factory,"Biryani, Arabian, Chinese, Ice Cream",382,3.6,7808,3742,1429444,24,0,Swiggy One,"79, Kapoor Marg, Korba 126056",12-12-2025
1033,Mumbai,Bandra,Tandoori Seafood World,"Seafood, Bakery",694,4,9507,1672,1160368,70,30,Swiggy Genie,"33/50, Sama, Etawah 855210",15-06-2025
1034,Chennai,OMR,Tandoori Healthy Food Grill,"Desserts, Andhra",1082,4.7,5185,3226,3490532,52,10,Swiggy Genie,"94/702, Ramachandran Chowk, Davanagere-481327",07-06-2025
1035,Delhi,Karol Bagh,Kitchen Ice Cream Point,Healthy Food,1040,3.6,3215,1252,1302080,70,25,Swiggy One,"45/160, Buch, Kolhapur 909192",01-12-2025
1036,Bangalore,Whitefield,Spice Seafood Factory,"Desserts, Seafood",1108,4,12889,4050,4487400,37,30,Swiggy One,"17/235, Cherian Zila, Aizawl-960543",11-08-2025
1037,Delhi,Rohini,Delight Biryani Palace,"Fast Food, Italian",244,4.3,3243,2113,515572,53,25,Swiggy One,"60, Rattan Chowk, Bharatpur 573477",18-11-2025
1038,Mumbai,Andheri,Street North Indian Hub,"Ice Cream, Biryani, Chinese",983,3,7667,3739,3675437,69,15,Regular Delivery,"H.No. 13, Chaudhari Ganj, Gulbarga-241550",17-09-2025
1039,Mumbai,Lower Parel,Biryani Biryani Palace,"Italian, Mughlai",1053,3.4,11621,2412,2539836,58,50,Swiggy Genie,"852, Kumer Ganj, Dhule 303018",18-01-2026
1040,Delhi,Saket,Biryani Healthy Food Factory,"North Indian, South Indian, Healthy Food",410,3.5,11854,3637,1491170,44,0,Regular Delivery,"13/796, Bansal Chowk, Tiruchirappalli-979313",13-01-2026
1041,Chennai,Adyar,Spice Arabian Factory,"Seafood, Arabian",200,4.7,965,4148,829600,66,15,Swiggy Genie,"535, Goel, Tirupati 718550",11-01-2026
1042,Bangalore,Indiranagar,Urban Desserts Point,"Biryani, Ice Cream",857,4.8,5590,2894,2480158,25,40,Swiggy Genie,"H.No. 405, Mahajan Street, Bulandshahr 294696",20-08-2025
1043,Mumbai,Dadar,House Mughlai Corner,Andhra,303,4.5,7398,2216,671448,30,10,Swiggy Genie,"65/757, Luthra, Dehri 371245",07-01-2026
1044,Hyderabad,Madhapur,House Desserts World,South Indian,206,2.9,12477,1207,248642,34,15,Regular Delivery,"365, Bala Street, Karawal Nagar-168979",26-04-2026
1045,Chennai,T Nagar,Street Healthy Food Hub,"Mughlai, North Indian, Ice Cream, Healthy Food",969,4,707,1790,1734510,32,0,Swiggy Genie,"H.No. 28, Wable Ganj, Rajpur Sonarpur-321405",31-08-2025
1046,Delhi,Dwarka,Cafe Chinese Grill,Bakery,873,3.9,13632,1823,1591479,30,40,Swiggy Genie,"85/642, Savant Circle, Gandhidham-232677",02-10-2025
1047,Delhi,Connaught Place,Express Mughlai Corner,"Ice Cream, Healthy Food, Burgers",532,4.4,4248,2759,1467788,41,20,Swiggy One,"15/68, Chandra Path, Miryalaguda-439586",09-05-2026
1048,Mumbai,Andheri,Delight Mughlai Junction,"Italian, North Indian, Desserts",498,3,6398,1764,878472,71,10,Swiggy Genie,"H.No. 367, Khurana Marg, Baranagar 208151",27-04-2026
1049,Delhi,Karol Bagh,Kitchen South Indian Junction,"Arabian, Burgers",636,3.3,440,1852,1177872,39,0,Swiggy Genie,"89, Chana, Arrah-972059",13-08-2025
1050,Chennai,Velachery,Food Burgers World,"Mughlai, Bakery, Burgers, Desserts",1103,4,4725,716,789748,70,20,Regular Delivery,"82/169, Bhatt Path, Ahmednagar 200990",28-08-2025
1051,Bangalore,BTM Layout,Spice Ice Cream Hub,South Indian,741,3.7,11989,876,649116,56,15,Swiggy Genie,"95/24, Sehgal Nagar, Sri Ganganagar-148793",25-06-2025
1052,Chennai,Velachery,Biryani Chinese Palace,"Andhra, Bakery",975,4.2,4923,1063,1036425,69,0,Swiggy One,"152, Upadhyay Circle, Dharmavaram 241247",28-04-2026
1053,Hyderabad,Kukatpally,House North Indian World,"Fast Food, South Indian, Seafood, Bakery",477,2.8,1460,3809,1816893,66,20,Regular Delivery,"H.No. 956, Viswanathan Zila, South Dumdum-507090",14-07-2025
1054,Delhi,Karol Bagh,Kitchen Chinese Corner,"North Indian, Bakery, Arabian",561,2.9,11158,384,215424,44,0,Swiggy One,"276, Kapadia Zila, Patiala 012720",04-10-2025
1055,Mumbai,Dadar,House Chinese Palace,"Burgers, North Indian, Arabian, Italian",696,4.3,3371,279,194184,71,25,Regular Delivery,"49/82, Subramaniam Ganj, Kamarhati 506396",17-12-2025
1056,Chennai,Velachery,Spice South Indian Grill,"Italian, Mughlai",1011,4,11567,467,472137,51,20,Swiggy One,"79/52, Dada Path, Panipat 551830",24-01-2026
1057,Chennai,Anna Nagar,Express Burgers Factory,"Italian, Andhra, Desserts",880,4.3,8909,2920,2569600,29,30,Swiggy One,"59/40, Krishna Ganj, Alwar-820562",17-07-2025
1058,Hyderabad,Hitech City,Street Pizza World,"Bakery, Desserts, Burgers, Mughlai",955,3.6,7123,1207,1152685,25,25,Swiggy One,"26, Boase Zila, Rajahmundry-828025",16-01-2026
1059,Chennai,Adyar,Express Pizza Grill,"Burgers, Italian, North Indian, Healthy Food",819,3.9,13681,4779,3914001,67,15,Swiggy Genie,"01, Mane Street, Anantapuram 469583",01-12-2025
1060,Hyderabad,Banjara Hills,Royal South Indian Zone,Andhra,332,4,4223,1937,643084,55,15,Regular Delivery,"H.No. 126, Kanda Zila, Kharagpur-101879",09-12-2025
1061,Chennai,Adyar,Cafe Bakery Zone,Seafood,928,3.9,13474,4806,4459968,45,20,Swiggy One,"33, Kata Marg, Parbhani-255907",12-07-2025
1062,Mumbai,Andheri,Cafe Fast Food Hub,"Italian, Chinese",1153,4.5,8163,2591,2987423,29,10,Swiggy Genie,"25, Sanghvi Nagar, Mira-Bhayandar-500527",14-01-2026
1063,Mumbai,Powai,Tandoori North Indian Hub,"Biryani, Andhra",183,3.4,3442,629,115107,31,10,Swiggy One,"50/062, Lanka, Munger-679394",30-07-2025
1064,Mumbai,Andheri,Cafe Arabian Factory,"Bakery, Seafood, Fast Food, North Indian",914,3.6,5027,4940,4515160,47,50,Swiggy Genie,"309, Magar Nagar, Tumkur-424003",07-07-2025
1065,Mumbai,Andheri,Cafe Healthy Food Treats,"Seafood, Burgers, North Indian, Pizza",320,3.7,9669,4096,1310720,59,30,Swiggy Genie,"836, Doshi Zila, Bhiwani-266454",18-02-2026
1066,Mumbai,Andheri,Royal Chinese Junction,"Chinese, Desserts, Pizza, Ice Cream",312,3.8,12322,3924,1224288,41,20,Swiggy Genie,"942, Boase Street, Dindigul-434448",20-06-2025
1067,Chennai,T Nagar,Spice Pizza Grill,"Fast Food, Arabian, Healthy Food, South Indian",177,4.8,7331,3874,685698,24,15,Swiggy One,"H.No. 129, Garg Path, Jalgaon-763461",14-08-2025
1068,Delhi,Dwarka,Delight Biryani Zone,Ice Cream,1125,3.2,7451,406,456750,38,15,Swiggy One,"999, Chandran Chowk, Raurkela Industrial Township-828113",12-10-2025
1069,Delhi,Karol Bagh,Tandoori Healthy Food World,"Biryani, Seafood, Chinese, South Indian",630,2.8,12759,3166,1994580,67,15,Swiggy Genie,"H.No. 06, Bose Road, Haldia-647719",18-10-2025
1070,Chennai,Velachery,House Healthy Food Junction,"Seafood, Andhra",1030,4.5,14986,1427,1469810,27,10,Swiggy Genie,"313, Kulkarni, Bharatpur 248229",13-12-2025
1071,Hyderabad,Hitech City,Kitchen Bakery Treats,Italian,162,4.3,14757,4532,734184,64,30,Swiggy Genie,"H.No. 862, Toor Zila, Hosur 093349",06-09-2025
1072,Mumbai,Dadar,Food Andhra Point,Ice Cream,253,3,14431,3968,1003904,62,30,Swiggy One,"79, Ben Street, Berhampur 411014",05-08-2025
1073,Delhi,Saket,Urban Chinese Grill,"Biryani, North Indian",502,4.2,7358,4645,2331790,62,30,Swiggy One,"975, Sem Chowk, Ambattur 869802",10-04-2026
1074,Mumbai,Andheri,Express South Indian Junction,"Andhra, South Indian",534,3.1,2232,171,91314,67,40,Swiggy One,"11/27, Chander Ganj, Dibrugarh 742190",13-07-2025
1075,Bangalore,Jayanagar,Express Ice Cream Grill,Biryani,138,3.4,13344,2076,286488,28,30,Swiggy One,"41, Wali Path, Muzaffarnagar-627686",04-03-2026
1076,Hyderabad,Gachibowli,Urban Mughlai Zone,"Healthy Food, Desserts, Biryani, South Indian",265,3.1,2130,637,168805,74,15,Swiggy One,"35/758, Bhagat Circle, Karimnagar 374735",07-08-2025
1077,Delhi,Connaught Place,Food Bakery Junction,"Desserts, Seafood",657,3.7,12376,2705,1777185,47,0,Swiggy One,"61/049, Mahal Path, Thane 216971",12-04-2026
1078,Bangalore,Indiranagar,Tandoori Pizza World,"Mughlai, Desserts, Arabian",1163,4.7,10634,2057,2392291,75,15,Regular Delivery,"84/67, Vala Chowk, Purnia 167322",24-03-2026
1079,Delhi,Karol Bagh,Food Chinese Zone,"Chinese, Fast Food, Arabian, North Indian",293,4.3,12781,3107,910351,29,0,Swiggy One,"464, Garg Chowk, Delhi 632517",03-03-2026
1080,Mumbai,Powai,Delight Seafood Palace,"Seafood, Pizza, Andhra, Ice Cream",1082,3.9,6375,3924,4245768,68,15,Swiggy One,"H.No. 029, Shan Street, Kadapa-821117",15-08-2025
1081,Bangalore,Whitefield,Street Ice Cream Palace,"Chinese, Pizza, Seafood",1171,3.3,14890,4716,5522436,40,20,Swiggy Genie,"10/87, Johal Nagar, Morbi-358469",19-12-2025
1082,Chennai,T Nagar,House Andhra Palace,"Seafood, Ice Cream",660,4.1,11022,1220,805200,62,20,Regular Delivery,"H.No. 20, Dugal Marg, Panipat 454844",27-10-2025
1083,Chennai,Velachery,Kitchen Burgers Point,"Seafood, Biryani, Mughlai",716,4.1,3420,1579,1130564,58,30,Regular Delivery,"59, Kapur, Warangal-997258",21-06-2025
1084,Mumbai,Powai,Cafe Ice Cream Grill,"Mughlai, Desserts",1060,3.9,2447,2148,2276880,36,10,Swiggy Genie,"85/160, Thaker Marg, Farrukhabad-614338",08-12-2025
1085,Mumbai,Lower Parel,Street Healthy Food World,"North Indian, South Indian, Biryani, Mughlai",687,3.9,6939,497,341439,32,25,Swiggy One,"54/626, Goel Path, Dhule-167609",29-11-2025
1086,Mumbai,Lower Parel,Food Mughlai Factory,Healthy Food,364,3.1,2063,416,151424,43,0,Swiggy Genie,"H.No. 43, Karpe Nagar, Gopalpur 970245",04-02-2026
1087,Chennai,Anna Nagar,Cafe Andhra Junction,"Pizza, Mughlai, South Indian",201,4.7,9332,992,199392,23,0,Swiggy One,"H.No. 34, Kanda Road, Anand 280016",01-11-2025
1088,Delhi,Karol Bagh,Tandoori Ice Cream Zone,"Andhra, Biryani, Italian",844,4.6,2535,1881,1587564,21,30,Swiggy Genie,"36/219, Kaur Circle, Amroha-129130",23-04-2026
1089,Mumbai,Bandra,Royal Ice Cream World,Burgers,375,3,13900,2062,773250,46,20,Swiggy One,"74, Sharaf Marg, Bidar 049852",12-09-2025
1090,Delhi,Saket,Royal North Indian Junction,"Desserts, Pizza",751,3.7,14154,3734,2804234,58,40,Swiggy Genie,"04, Mannan Circle, Solapur 839718",27-06-2025
1091,Hyderabad,Madhapur,Cafe Italian World,Andhra,427,4.4,6349,268,114436,74,40,Regular Delivery,"H.No. 317, Walia Zila, Agartala-097810",06-11-2025
1092,Chennai,Velachery,Biryani North Indian World,"Andhra, Mughlai, Ice Cream, Burgers",1159,4.1,13783,3135,3633465,48,20,Swiggy Genie,"H.No. 77, Mand Road, Nagercoil-107560",02-06-2025
1093,Bangalore,Jayanagar,Tandoori Seafood Factory,"Burgers, Mughlai, Fast Food, Biryani",949,3.4,11763,3188,3025412,38,20,Regular Delivery,"24, Ram Marg, Orai 688608",11-09-2025
1094,Mumbai,Andheri,Cafe North Indian Treats,"Chinese, Desserts",826,3.6,385,3728,3079328,51,40,Swiggy One,"37/94, Shenoy Chowk, Khandwa-839042",30-11-2025
1095,Bangalore,Whitefield,Biryani Ice Cream World,"Bakery, Biryani, Pizza",443,3.2,14036,377,167011,57,20,Swiggy One,"H.No. 497, Sastry Zila, Jhansi 798114",31-08-2025
1096,Chennai,Anna Nagar,Urban Chinese Grill,"Chinese, Bakery",222,3.3,8655,1300,288600,36,50,Swiggy One,"H.No. 59, Vig, Raebareli 808474",28-05-2025
1097,Hyderabad,Banjara Hills,Street Burgers Zone,"Burgers, Biryani, Fast Food",256,3.3,1561,4770,1221120,59,0,Regular Delivery,"H.No. 031, Chowdhury Nagar, Bhubaneswar-305886",09-06-2025
1098,Hyderabad,Kukatpally,Spice Fast Food Grill,"Andhra, Italian, Chinese, Biryani",277,2.9,1713,4454,1233758,37,15,Swiggy Genie,"86/30, Balan Ganj, Ballia 408520",04-07-2025
1099,Mumbai,Lower Parel,Urban Desserts Hub,"Burgers, Chinese, Ice Cream",786,4.6,12605,4183,3287838,37,0,Regular Delivery,"40/05, Bose Path, Maheshtala-324734",26-08-2025
1100,Bangalore,Whitefield,Kitchen Pizza Corner,"Burgers, North Indian",615,4.6,13718,3868,2378820,43,25,Swiggy Genie,"61, Cheema Zila, Bokaro-938812",22-06-2025
1101,Mumbai,Bandra,Urban South Indian Point,Desserts,892,3.1,4755,3315,2956980,49,50,Regular Delivery,"H.No. 196, Mahajan Marg, Kadapa-834960",08-09-2025
1102,Delhi,Dwarka,Cafe Mughlai Palace,"Bakery, Mughlai, Arabian, Andhra",1192,4.8,2784,1114,1327888,52,50,Swiggy Genie,"40/49, Thakkar Street, Panihati 655117",29-06-2025
1103,Hyderabad,Madhapur,Food Mughlai Treats,"Arabian, South Indian, Healthy Food",733,3.6,5203,211,154663,51,20,Swiggy Genie,"20, Garg Path, Jhansi 103050",23-10-2025
1104,Mumbai,Bandra,Food Desserts Corner,"Pizza, Seafood, Mughlai, Healthy Food",153,4.7,14855,4067,622251,48,25,Swiggy One,"H.No. 66, Malhotra Path, Aizawl-839696",31-10-2025
1105,Mumbai,Dadar,Food South Indian Junction,"Fast Food, Desserts, Chinese",418,4.7,1709,515,215270,38,30,Swiggy One,"03/87, Bhardwaj Chowk, Guwahati-689735",25-02-2026
1106,Mumbai,Dadar,Express Healthy Food Hub,"Chinese, Arabian, Pizza, Burgers",1101,2.9,5480,4231,4658331,32,25,Swiggy Genie,"H.No. 80, Chahal Zila, Mangalore-836992",22-06-2025
1107,Bangalore,BTM Layout,Spice Fast Food Zone,"Ice Cream, North Indian",880,2.9,6659,2922,2571360,41,50,Regular Delivery,"61, Babu Zila, Asansol 580371",22-12-2025
1108,Chennai,T Nagar,Delight Biryani World,"South Indian, Mughlai, Ice Cream",1118,3.7,8470,1336,1493648,22,10,Swiggy One,"698, Chahal Zila, Bardhaman-718523",12-02-2026
1109,Chennai,Adyar,Tandoori Chinese Grill,"Pizza, Chinese, Mughlai",906,3.4,3658,2561,2320266,22,0,Swiggy Genie,"582, Batra Chowk, Navi Mumbai-947095",02-04-2026
1110,Hyderabad,Gachibowli,Food Ice Cream Junction,"Fast Food, Healthy Food, Mughlai, Chinese",121,4.9,2727,2255,272855,74,0,Regular Delivery,"H.No. 25, Kata Path, Shimoga-515732",06-10-2025
1111,Mumbai,Andheri,Urban Healthy Food Point,"Italian, Healthy Food",283,4.2,13348,3921,1109643,41,30,Swiggy One,"28/275, Sabharwal Street, Satna 507987",25-01-2026
1112,Delhi,Rohini,House Ice Cream Grill,"Seafood, Ice Cream, Chinese",622,3.3,414,2309,1436198,47,50,Swiggy One,"76/83, Choudhury Street, Tadepalligudem 249744",22-02-2026
1113,Delhi,Karol Bagh,Street Biryani Corner,"Mughlai, North Indian, Arabian, Pizza",577,4.6,3637,1335,770295,35,50,Swiggy Genie,"H.No. 274, Ramanathan Circle, Jamshedpur 242173",31-10-2025
1114,Delhi,Rohini,Food Seafood Palace,"Andhra, Bakery, Fast Food",286,3.3,10258,2651,758186,50,10,Swiggy Genie,"H.No. 66, Trivedi Path, Udaipur 903943",08-10-2025
1115,Mumbai,Dadar,Biryani Bakery Point,"Pizza, Fast Food, Desserts, North Indian",750,3.3,14453,4900,3675000,51,40,Swiggy Genie,"H.No. 12, Luthra Ganj, Madhyamgram 751368",08-10-2025
1116,Mumbai,Dadar,Delight Burgers Factory,"Arabian, Biryani",446,4.1,9773,904,403184,44,10,Swiggy Genie,"33, Ramaswamy Street, Bhagalpur-120274",16-09-2025
1117,Bangalore,BTM Layout,Royal Pizza Hub,"Andhra, Desserts",124,3.8,585,3084,382416,28,25,Regular Delivery,"69/582, Swamy Street, Hajipur 050223",28-01-2026
1118,Chennai,OMR,Urban Arabian Factory,South Indian,324,2.9,9599,81,26244,25,0,Swiggy Genie,"H.No. 85, D’Alia Road, Malda 925365",31-08-2025
1119,Hyderabad,Banjara Hills,Delight Chinese Grill,"Biryani, Pizza, Arabian, Italian",702,3.1,7624,1369,961038,58,25,Regular Delivery,"62/853, Swaminathan Street, Aligarh 800104",15-12-2025
1120,Delhi,Connaught Place,Food Seafood Corner,"Desserts, Bakery, Pizza, North Indian",1088,4.5,5927,2485,2703680,52,25,Regular Delivery,"H.No. 93, Grewal, Shimla-917998",04-09-2025
1121,Mumbai,Dadar,Biryani Fast Food Junction,"Arabian, Seafood",1064,3.1,2593,561,596904,22,10,Regular Delivery,"73/29, Chaudhuri Road, Hosur-224618",01-09-2025
1122,Bangalore,Indiranagar,Urban Pizza Point,Italian,698,4.4,11317,4025,2809450,40,20,Swiggy One,"29/687, Raja Zila, Vellore-059545",17-11-2025
1123,Mumbai,Andheri,House South Indian Factory,"Fast Food, Italian, Desserts",440,3.6,5703,337,148280,24,0,Swiggy One,"H.No. 693, Brahmbhatt Circle, Rajpur Sonarpur-167326",29-05-2025
1124,Mumbai,Bandra,Cafe Seafood World,"Italian, Seafood, Fast Food, Mughlai",392,4.5,12260,2658,1041936,65,40,Regular Delivery,"H.No. 631, Reddy Circle, Anantapuram-852583",06-04-2026
1125,Hyderabad,Madhapur,Royal Healthy Food Factory,"Ice Cream, Fast Food",423,2.9,2349,2356,996588,35,50,Swiggy Genie,"22/432, Vala Nagar, Berhampore 840767",12-01-2026
1126,Hyderabad,Banjara Hills,House Bakery Factory,North Indian,883,3.5,1763,1809,1597347,50,20,Swiggy Genie,"H.No. 116, Swamy Chowk, Vadodara 589932",21-05-2026
1127,Chennai,OMR,Delight Fast Food Treats,"Mughlai, Italian, Ice Cream",200,3.8,11831,4493,898600,57,25,Swiggy One,"90/656, Behl Street, Sambhal-359460",31-08-2025
1128,Bangalore,Koramangala,House Chinese World,"North Indian, Fast Food, Arabian",974,4.8,14539,2661,2591814,58,20,Regular Delivery,"18/99, Manne Marg, Bharatpur-262632",20-05-2026
1129,Hyderabad,Banjara Hills,Spice Desserts Grill,"Arabian, Italian, Seafood",640,3.6,120,412,263680,53,20,Swiggy Genie,"85/654, Ratti Circle, Ghaziabad 794078",13-05-2026
1130,Mumbai,Bandra,Street Andhra Hub,"North Indian, Fast Food, Healthy Food, South Indian",1147,4.6,12055,4997,5731559,70,25,Regular Delivery,"H.No. 74, Rajan Path, Delhi 497339",05-02-2026
1131,Bangalore,Whitefield,Royal Desserts Treats,"Arabian, Mughlai",792,3.2,10799,3598,2849616,32,0,Swiggy Genie,"70/54, Arora Street, Danapur 530824",23-10-2025
1132,Chennai,Velachery,Cafe Ice Cream Corner,"North Indian, South Indian, Chinese, Bakery",718,4.2,6858,1751,1257218,30,40,Regular Delivery,"H.No. 155, Sathe Path, Amritsar 438073",23-01-2026
1133,Hyderabad,Kukatpally,Street Chinese Point,Arabian,438,4.6,14026,620,271560,20,20,Swiggy One,"54/20, Bhattacharyya Zila, Begusarai 806667",03-12-2025
1134,Hyderabad,Madhapur,Express Italian Zone,"Seafood, South Indian, Ice Cream, Mughlai",370,3.8,10115,2998,1109260,37,10,Swiggy Genie,"31, Kari Chowk, Ludhiana-269453",04-11-2025
1135,Chennai,Velachery,Spice Chinese Point,"Fast Food, Ice Cream, Pizza, Bakery",452,3.1,2677,4001,1808452,53,20,Regular Delivery,"30/275, Hari Street, Ramgarh-399515",16-09-2025
1136,Chennai,Anna Nagar,Food Biryani Zone,"Mughlai, Healthy Food, Italian",944,3.2,3165,4883,4609552,59,50,Regular Delivery,"15/87, Kara Marg, Bettiah 444405",18-07-2025
1137,Bangalore,Indiranagar,Biryani Fast Food Hub,"Italian, Fast Food, Burgers, Seafood",194,3.8,110,220,42680,56,30,Regular Delivery,"14/93, Swaminathan Road, Gangtok 879250",05-11-2025
1138,Chennai,T Nagar,Royal Pizza Point,"North Indian, Burgers, Andhra, Desserts",1186,4,1958,3958,4694188,57,15,Swiggy One,"H.No. 44, Ghose Road, Bhiwandi-839198",28-04-2026
1139,Delhi,Rohini,Spice Seafood Junction,"Biryani, Arabian, Mughlai",759,3.9,7023,953,723327,38,0,Swiggy Genie,"H.No. 815, Thakkar Nagar, Muzaffarpur 531775",21-04-2026
1140,Chennai,Velachery,Biryani Andhra Point,"Mughlai, Chinese, Pizza",865,3,5102,3413,2952245,67,25,Swiggy Genie,"57, Buch Road, Nizamabad 762814",06-07-2025
1141,Bangalore,Koramangala,Urban Biryani Factory,"Burgers, Bakery, South Indian",352,3,4378,2687,945824,69,30,Swiggy Genie,"70, Goel Street, Medininagar-553254",04-06-2025
1142,Hyderabad,Hitech City,Spice Ice Cream Palace,"Chinese, Biryani",283,4.5,9043,4604,1302932,56,25,Regular Delivery,"26/781, Gaba Path, Bulandshahr-176730",17-06-2025
1143,Chennai,Anna Nagar,House Seafood Palace,"South Indian, Pizza, Fast Food, Healthy Food",226,3.1,1595,955,215830,57,0,Swiggy One,"598, Mallick Chowk, Rajahmundry-004085",10-03-2026
1144,Bangalore,Whitefield,Street Burgers Grill,"Mughlai, Ice Cream, South Indian",627,3,2808,217,136059,31,10,Swiggy One,"38, Venkatesh Ganj, Amritsar-567600",21-06-2025
1145,Hyderabad,Gachibowli,Spice Ice Cream Grill,"Desserts, Fast Food",504,3.8,3947,1808,911232,23,40,Regular Delivery,"465, Venkataraman Road, Pudukkottai-991584",10-12-2025
1146,Mumbai,Bandra,Delight Andhra Grill,"Bakery, Chinese, Fast Food",709,3.4,10148,3522,2497098,74,10,Swiggy One,"72, Kar Circle, Aizawl-681281",09-08-2025
1147,Delhi,Dwarka,Food Fast Food Palace,Biryani,382,4,13393,2118,809076,61,10,Swiggy Genie,"H.No. 761, Ratta Circle, Deoghar-014818",17-05-2026
1148,Bangalore,Indiranagar,Royal Mughlai Corner,"South Indian, Bakery",566,3.4,1895,1801,1019366,56,0,Regular Delivery,"40/24, Bail Road, Faridabad 888390",22-01-2026
1149,Bangalore,BTM Layout,Urban Pizza Point,"Biryani, Burgers, Healthy Food, Desserts",875,3.5,6785,3712,3248000,44,25,Regular Delivery,"85/655, Jayaraman Road, Nashik 802283",25-10-2025
1150,Hyderabad,Gachibowli,Tandoori Desserts World,"Mughlai, Burgers",1121,4.8,7217,105,117705,23,25,Swiggy One,"95/840, Talwar Road, Tumkur-359088",30-07-2025
1151,Mumbai,Bandra,Cafe Italian Zone,South Indian,712,3.2,1859,2401,1709512,38,15,Swiggy One,"71/52, Taneja, Sultan Pur Majra-691726",12-01-2026
1152,Hyderabad,Banjara Hills,Express Chinese Grill,Healthy Food,1050,3.5,10605,1725,1811250,34,50,Regular Delivery,"14/475, Lad Circle, Bhiwandi 875063",28-03-2026
1153,Chennai,Adyar,Kitchen Pizza Hub,"Ice Cream, Chinese, Desserts, Biryani",600,4.2,6350,979,587400,34,15,Swiggy One,"73, Zachariah Path, South Dumdum-371245",13-09-2025
1154,Chennai,OMR,House Arabian Treats,"Biryani, Pizza, Andhra",161,2.9,14546,2396,385756,26,20,Swiggy One,"750, Viswanathan Chowk, Indore 475289",11-08-2025
1155,Hyderabad,Hitech City,Spice Pizza Hub,"Healthy Food, Ice Cream",790,4.4,12660,4732,3738280,55,40,Swiggy One,"H.No. 51, Grewal Chowk, Chittoor-004879",02-08-2025
1156,Bangalore,Whitefield,Cafe Arabian Treats,"Burgers, South Indian",634,4.3,4505,3372,2137848,57,20,Regular Delivery,"H.No. 77, Buch Marg, Raipur 968553",10-06-2025
1157,Delhi,Rohini,Delight Fast Food Junction,"Biryani, Fast Food, Desserts",785,2.9,5557,2055,1613175,42,50,Regular Delivery,"H.No. 31, Cherian Nagar, Hazaribagh-311229",30-09-2025
1158,Chennai,Adyar,Spice Chinese Point,"Andhra, Ice Cream",400,3.3,14247,3906,1562400,22,20,Swiggy One,"400, Dewan Zila, Bangalore 740592",18-01-2026
1159,Delhi,Connaught Place,Cafe Pizza Junction,Italian,559,3.3,1636,175,97825,22,25,Regular Delivery,"H.No. 67, Bala Nagar, Kolkata-827528",19-10-2025
1160,Mumbai,Andheri,Royal Seafood Junction,"Italian, Healthy Food, Biryani",363,3,4151,441,160083,70,20,Swiggy One,"94, Trivedi Circle, Uluberia 170227",22-08-2025
1161,Chennai,OMR,Kitchen Fast Food Treats,"North Indian, Italian",797,3,8302,4795,3821615,57,20,Swiggy One,"H.No. 553, Dasgupta Nagar, Dindigul 606868",24-05-2025
1162,Bangalore,Whitefield,Express Burgers Hub,"Bakery, Mughlai, Desserts",319,4.9,9416,1657,528583,21,25,Swiggy Genie,"283, Barad Street, Varanasi 712523",13-10-2025
1163,Hyderabad,Gachibowli,Tandoori Fast Food Junction,Burgers,391,3.4,1053,1928,753848,62,50,Regular Delivery,"54/75, Soni Marg, Chandrapur 421832",30-09-2025
1164,Hyderabad,Madhapur,Biryani Arabian Treats,Fast Food,435,4.2,13708,3177,1381995,30,50,Swiggy Genie,"32, Rajagopalan Circle, Bahraich-189980",26-01-2026
1165,Hyderabad,Kukatpally,House Andhra Point,Burgers,293,4.4,3519,3480,1019640,24,15,Swiggy Genie,"22/809, Kakar Chowk, Motihari-461511",02-11-2025
1166,Mumbai,Bandra,Express Seafood World,"Ice Cream, Bakery",442,4.5,9786,3758,1661036,54,20,Swiggy One,"H.No. 240, Gara Street, Bhatpara 555096",15-06-2025
1167,Hyderabad,Hitech City,Tandoori North Indian Junction,"Ice Cream, Burgers, Pizza, Arabian",951,3.4,12707,825,784575,54,50,Regular Delivery,"86, Sarraf, Amravati-884434",09-07-2025
1168,Bangalore,Indiranagar,Cafe Biryani Zone,Desserts,1101,3.6,10693,512,563712,57,15,Regular Delivery,"H.No. 72, Karnik Marg, Kavali-608308",01-05-2026
1169,Hyderabad,Hitech City,Spice Chinese Junction,"Pizza, Biryani",291,3.5,8857,2219,645729,25,25,Swiggy One,"46, Aurora Chowk, Ambattur-127351",19-04-2026
1170,Delhi,Saket,Kitchen Fast Food Corner,"South Indian, Fast Food",571,4.3,1514,3703,2114413,53,15,Swiggy Genie,"84, Ramesh Marg, Muzaffarnagar 692891",08-09-2025
1171,Mumbai,Lower Parel,Kitchen Burgers Palace,Seafood,811,2.9,12591,278,225458,20,0,Regular Delivery,"H.No. 59, Amble Zila, Phusro 397871",24-05-2025
1172,Bangalore,BTM Layout,House Chinese Point,"Burgers, Mughlai, Bakery",509,3.8,13245,4495,2287955,26,50,Regular Delivery,"75/87, Mahajan Nagar, Mangalore-343815",05-04-2026
1173,Chennai,Anna Nagar,Biryani Seafood Treats,Pizza,355,4.5,8307,2473,877915,61,25,Swiggy One,"H.No. 167, Bhardwaj Nagar, Parbhani-672298",11-07-2025
1174,Hyderabad,Madhapur,Kitchen Chinese Corner,"Healthy Food, Pizza",479,4.5,4784,2653,1270787,52,0,Swiggy One,"H.No. 190, Kara Nagar, Bidar 050807",17-03-2026
1175,Mumbai,Andheri,Spice North Indian Palace,"Italian, North Indian, Healthy Food, Arabian",623,3.6,10481,3041,1894543,41,10,Regular Delivery,"15, Chander Marg, Jammu 590280",08-08-2025
1176,Delhi,Karol Bagh,Delight Biryani Junction,"Mughlai, Fast Food",965,3.1,4464,2714,2619010,52,20,Swiggy One,"417, Dasgupta Nagar, Coimbatore-557481",02-02-2026
1177,Bangalore,Koramangala,Food South Indian Zone,"Burgers, Mughlai, Arabian",200,4.1,918,2049,409800,46,20,Swiggy One,"99, Gill Road, Jodhpur 009496",26-08-2025
1178,Delhi,Rohini,Delight Burgers Corner,"Bakery, Mughlai, North Indian, Italian",252,2.9,13189,3288,828576,23,10,Swiggy One,"37/187, Dhar, Muzaffarpur-240357",24-03-2026
1179,Delhi,Connaught Place,House Ice Cream Corner,Ice Cream,1090,3.8,4129,3177,3462930,53,20,Regular Delivery,"858, Madan Chowk, Bihar Sharif-908546",30-03-2026
1180,Hyderabad,Hitech City,Street Desserts Corner,Mughlai,254,3.1,6604,1479,375666,59,25,Regular Delivery,"H.No. 07, Gole Ganj, Siwan 139633",18-05-2026
1181,Delhi,Karol Bagh,Food Pizza Factory,"Arabian, Chinese, North Indian, Biryani",1002,3.2,5122,753,754506,69,25,Swiggy One,"99, Lad Circle, Thanjavur-834528",31-03-2026
1182,Bangalore,Whitefield,Biryani Arabian Hub,"Mughlai, Chinese, Burgers",502,3.6,3803,2864,1437728,66,30,Regular Delivery,"H.No. 864, Khanna Ganj, Ambattur-221347",06-04-2026
1183,Hyderabad,Kukatpally,Royal Healthy Food Treats,"North Indian, Seafood",750,3.7,4634,4282,3211500,75,25,Regular Delivery,"32, Kakar Nagar, Faridabad-676790",14-04-2026
1184,Delhi,Rohini,Cafe Biryani Factory,Desserts,614,4,8257,2336,1434304,53,15,Swiggy One,"65/09, Wadhwa, Coimbatore 957178",24-05-2025
1185,Hyderabad,Banjara Hills,Spice Arabian Hub,Seafood,716,3.3,3591,1671,1196436,33,30,Regular Delivery,"76/89, Kibe Path, Bulandshahr 246954",01-10-2025
1186,Chennai,OMR,Tandoori Pizza Point,"Biryani, Fast Food, Bakery",304,3,9878,1093,332272,49,50,Regular Delivery,"78, Seshadri Circle, Srinagar-059645",07-03-2026
1187,Bangalore,Jayanagar,Royal Fast Food World,"Desserts, Arabian",563,3.1,10601,401,225763,40,20,Swiggy One,"23/91, Yadav Road, Kottayam-049977",22-01-2026
1188,Bangalore,BTM Layout,Biryani Mughlai Point,Healthy Food,1065,4.8,14113,167,177855,46,0,Swiggy Genie,"H.No. 39, Chana Street, Rajpur Sonarpur 295973",06-12-2025
1189,Hyderabad,Madhapur,Biryani Andhra Point,Biryani,381,4.6,8633,3170,1207770,20,20,Swiggy One,"48, Dani Path, Bidar 850954",04-01-2026
1190,Mumbai,Dadar,Royal Andhra Hub,"Arabian, Andhra, Healthy Food",557,3.6,10040,1177,655589,70,30,Swiggy Genie,"43, Chandran Nagar, Chittoor-044986",22-10-2025
1191,Bangalore,Koramangala,Express Arabian Point,Biryani,718,3.3,6554,2889,2074302,53,50,Swiggy Genie,"16/234, Keer Road, Burhanpur 672632",17-09-2025
1192,Delhi,Saket,Urban Fast Food Grill,"Fast Food, Chinese, Andhra, Bakery",1155,3.1,3984,2825,3262875,48,25,Swiggy One,"89/99, Kade Road, Pimpri-Chinchwad-853992",16-04-2026
1193,Mumbai,Andheri,Spice Arabian Corner,Ice Cream,1184,3.9,12291,254,300736,22,30,Swiggy One,"44/016, Subramaniam Road, Kumbakonam-528628",22-12-2025
1194,Hyderabad,Banjara Hills,Spice Biryani Point,"Andhra, Fast Food, Mughlai, Bakery",383,3.7,13919,1660,635780,21,0,Swiggy Genie,"45, Mane Road, Noida-954695",05-11-2025
1195,Delhi,Saket,Royal North Indian Treats,"Mughlai, Fast Food, Arabian",435,4.2,1240,898,390630,40,20,Swiggy Genie,"H.No. 21, Andra Street, Medininagar-226369",16-07-2025
1196,Hyderabad,Kukatpally,Food Burgers Treats,"Bakery, North Indian, Andhra",342,3.8,13934,4678,1599876,51,40,Regular Delivery,"H.No. 52, Keer Zila, Shimla 317111",29-06-2025
1197,Hyderabad,Hitech City,Cafe South Indian Point,"Ice Cream, Pizza",615,3.4,9135,1669,1026435,20,50,Swiggy One,"63/862, Saxena, Bareilly 328283",11-01-2026
1198,Chennai,Velachery,Tandoori Bakery Grill,"Pizza, Fast Food, North Indian, Biryani",374,2.9,10978,227,84898,43,50,Regular Delivery,"H.No. 88, Virk Street, Gorakhpur 524107",07-06-2025
1199,Bangalore,Jayanagar,Street Burgers Hub,"Chinese, Mughlai, Pizza",1047,4.9,9600,3380,3538860,71,15,Regular Delivery,"H.No. 707, Sane Marg, Mumbai-554133",28-01-2026
1200,Delhi,Rohini,Street Italian Point,"Mughlai, Andhra, Healthy Food, Seafood",1189,3.4,8819,4825,5736925,70,30,Swiggy One,"53/61, Johal Marg, Amritsar 049239",04-01-2026
1201,Delhi,Saket,Royal Arabian Hub,"Seafood, Arabian",1144,4.7,9380,1514,1732016,59,20,Swiggy Genie,"17/00, Yogi Marg, Kharagpur-632522",27-07-2025
1202,Bangalore,Indiranagar,Urban Andhra Treats,"Arabian, Mughlai",232,3.7,11513,1349,312968,21,50,Swiggy One,"814, Banerjee Nagar, Tadipatri 581214",21-07-2025
1203,Bangalore,Whitefield,Cafe Fast Food Palace,"North Indian, Seafood, Desserts, Chinese",587,3.9,3660,2078,1219786,40,30,Regular Delivery,"H.No. 81, Ghosh Ganj, Ambarnath-993548",11-12-2025
1204,Hyderabad,Hitech City,Spice Bakery Treats,Arabian,361,4.9,14832,2876,1038236,64,40,Swiggy Genie,"41/79, Saran Nagar, Jehanabad-403205",05-07-2025
1205,Delhi,Saket,Food Ice Cream Point,"Bakery, Ice Cream, Seafood, Chinese",903,4,5697,1854,1674162,46,10,Swiggy Genie,"96/45, Chaudhuri Circle, Gudivada-641306",11-01-2026
1206,Delhi,Dwarka,Urban Fast Food Zone,"Biryani, Seafood, Andhra, Italian",762,4,12344,1653,1259586,27,25,Swiggy One,"36/20, Sahota, Hospet-409345",22-01-2026
1207,Mumbai,Lower Parel,Street Ice Cream Hub,"Desserts, Arabian",180,4.5,2740,88,15840,50,20,Swiggy Genie,"773, Amble Path, Medininagar 930941",15-12-2025
1208,Delhi,Dwarka,Food Fast Food Point,"Mughlai, South Indian, North Indian, Italian",286,4.2,13391,288,82368,59,30,Swiggy Genie,"804, Ramanathan Circle, Anantapur 151369",02-08-2025
1209,Bangalore,Whitefield,Royal Arabian Grill,Ice Cream,269,4.6,5315,3420,919980,23,50,Swiggy Genie,"611, Mahal Circle, Mehsana 465899",26-03-2026
1210,Delhi,Saket,Cafe Bakery Junction,"Andhra, Seafood, Chinese, North Indian",693,3.4,14725,3706,2568258,51,50,Regular Delivery,"36/154, Agarwal Path, Bongaigaon-068507",08-08-2025
1211,Chennai,Adyar,Kitchen Pizza Treats,"South Indian, Bakery",963,4.2,9819,239,230157,28,30,Regular Delivery,"35/523, Krishnan Street, Sasaram 333393",04-03-2026
1212,Bangalore,Whitefield,Delight Chinese Palace,"Mughlai, Italian, North Indian, Chinese",166,3.6,8634,630,104580,63,25,Swiggy Genie,"H.No. 83, Rana Marg, Bidhannagar-259608",14-03-2026
1213,Hyderabad,Gachibowli,Biryani Burgers Junction,"Desserts, South Indian, Chinese, Burgers",826,4.7,6625,4542,3751692,26,50,Swiggy Genie,"517, Doctor Chowk, Yamunanagar-455941",25-03-2026
1214,Mumbai,Andheri,Royal Chinese Grill,"Burgers, Seafood",454,2.8,1895,2029,921166,34,40,Regular Delivery,"H.No. 529, Kala Path, Munger 863540",15-12-2025
1215,Chennai,Velachery,Food Biryani Junction,"Healthy Food, Ice Cream, Arabian, Burgers",566,3.7,14654,2595,1468770,62,25,Swiggy One,"H.No. 75, Rege Marg, Danapur-067740",20-04-2026
1216,Delhi,Connaught Place,Urban Mughlai Palace,"Seafood, North Indian",1165,2.9,13443,2336,2721440,26,40,Swiggy One,"13/513, Madan Circle, Panchkula 088330",25-05-2025
1217,Bangalore,Indiranagar,Food Healthy Food Zone,"Fast Food, Seafood, Pizza, South Indian",341,4.7,14878,4285,1461185,49,50,Swiggy Genie,"93/69, Goyal Zila, Alappuzha 954632",12-09-2025
1218,Hyderabad,Madhapur,House Chinese World,Burgers,493,3,3218,1485,732105,36,40,Regular Delivery,"48/379, Yogi Zila, Warangal 062846",18-03-2026
1219,Delhi,Karol Bagh,Tandoori Desserts Point,"Italian, Biryani, Mughlai, Fast Food",1175,3.2,11216,318,373650,40,40,Swiggy One,"01/04, Vala Ganj, Gurgaon 985125",27-08-2025
1220,Hyderabad,Hitech City,Delight Andhra Treats,"North Indian, Desserts, Mughlai, Bakery",363,3.8,11520,4147,1505361,23,40,Swiggy Genie,"60/920, Din Ganj, Surat-082925",09-11-2025
1221,Mumbai,Lower Parel,Spice Mughlai Zone,"North Indian, Burgers",414,3,13823,1914,792396,30,15,Regular Delivery,"H.No. 112, Shroff Ganj, Saharanpur-875014",04-10-2025
1222,Chennai,T Nagar,House Bakery Hub,"Chinese, Fast Food",806,3.9,7378,3397,2737982,26,25,Regular Delivery,"58/85, Loyal Street, Amaravati 668967",31-07-2025
1223,Hyderabad,Madhapur,Urban Seafood Grill,"Chinese, Arabian",934,4.8,12419,4647,4340298,58,0,Regular Delivery,"H.No. 202, Seshadri, Kota-417863",21-02-2026
1224,Delhi,Karol Bagh,Delight Arabian Zone,"Andhra, Arabian",153,4.8,2128,357,54621,22,30,Regular Delivery,"72/08, Gill Nagar, Noida 857326",07-02-2026
1225,Hyderabad,Hitech City,Urban Arabian Grill,"Ice Cream, Healthy Food, Pizza, Seafood",811,4.6,10039,768,622848,52,10,Swiggy One,"H.No. 886, Taneja, Lucknow-253652",27-07-2025
1226,Chennai,Adyar,Royal Bakery Corner,"South Indian, Bakery, Seafood, Desserts",601,4.7,6630,3992,2399192,48,40,Swiggy Genie,"40/543, Kanda Ganj, Ramgarh 794541",31-05-2025
1227,Delhi,Saket,Street Mughlai Point,Italian,250,4.3,10923,4439,1109750,49,50,Swiggy One,"H.No. 46, Lata Marg, Eluru-682657",15-11-2025
1228,Mumbai,Lower Parel,Kitchen Pizza Corner,"Andhra, Ice Cream",775,3.9,3263,4439,3440225,51,0,Swiggy One,"722, Seshadri Zila, Muzaffarnagar 106314",25-09-2025
1229,Delhi,Connaught Place,Tandoori Bakery Hub,"Burgers, Seafood, Italian, Mughlai",671,4.7,10921,3276,2198196,75,30,Swiggy One,"53, Sandal Road, Karawal Nagar-961165",26-07-2025
1230,Delhi,Karol Bagh,Urban Ice Cream Zone,"South Indian, North Indian, Seafood, Healthy Food",480,4.4,5663,2278,1093440,74,30,Swiggy One,"53, Bera Path, Moradabad-277089",20-02-2026
1231,Hyderabad,Hitech City,Urban Bakery Grill,"Italian, Arabian, Fast Food, Biryani",722,3.2,4090,4443,3207846,60,15,Regular Delivery,"91/681, Sarraf Road, Orai 165647",26-06-2025
1232,Delhi,Karol Bagh,Delight Biryani Factory,"Desserts, Andhra, Biryani, Ice Cream",949,3.1,1354,1608,1525992,63,30,Regular Delivery,"H.No. 469, Bir Nagar, Kalyan-Dombivli-784790",07-07-2025
1233,Chennai,Adyar,Urban Burgers Treats,"Seafood, Fast Food",573,4.6,3691,917,525441,41,30,Swiggy Genie,"67/039, Krish Ganj, Bellary-921710",28-11-2025
1234,Delhi,Connaught Place,Kitchen Ice Cream Treats,"Bakery, Burgers, North Indian, Seafood",784,2.8,5300,2433,1907472,68,50,Swiggy One,"33/78, Dada Zila, Bhavnagar 293050",22-11-2025
1235,Hyderabad,Madhapur,Delight Biryani Zone,"Arabian, Seafood",272,4.7,1904,1430,388960,50,50,Swiggy Genie,"21, Trivedi Chowk, Panihati 695637",19-08-2025
1236,Hyderabad,Hitech City,Spice Chinese Factory,"Desserts, Pizza, Mughlai",550,3.6,1495,3796,2087800,40,25,Swiggy Genie,"66/328, Gera Road, Aurangabad-962963",01-02-2026
1237,Chennai,T Nagar,Cafe Burgers Factory,"Biryani, Healthy Food",559,4.5,7846,2030,1134770,66,10,Swiggy One,"825, Bajaj Marg, Anantapuram 766644",27-05-2025
1238,Mumbai,Powai,Delight Ice Cream Corner,North Indian,343,3.4,12661,368,126224,70,10,Swiggy One,"145, Balay Road, Vellore 942669",03-04-2026
1239,Hyderabad,Banjara Hills,Kitchen South Indian Grill,"Biryani, Bakery, Arabian, Ice Cream",389,4.4,160,1143,444627,37,30,Swiggy Genie,"H.No. 493, Ratti, Junagadh-521561",15-04-2026
1240,Delhi,Rohini,Biryani Andhra Treats,"Mughlai, Chinese, Italian",239,4.8,14206,3764,899596,69,40,Regular Delivery,"H.No. 959, Dara Path, Warangal-570549",02-04-2026
1241,Mumbai,Powai,Cafe Seafood Zone,"Burgers, Chinese, Desserts",810,4.9,14683,4514,3656340,62,25,Regular Delivery,"46, Devan, Satna-280197",19-12-2025
1242,Chennai,OMR,Cafe Arabian Corner,"Bakery, Mughlai, Andhra, Burgers",1148,3.1,10116,3587,4117876,27,10,Swiggy One,"96/397, Khosla Ganj, Aligarh 750686",13-09-2025
1243,Bangalore,Indiranagar,Spice Pizza Palace,South Indian,882,4.1,9656,675,595350,61,20,Swiggy Genie,"33, Dhawan Path, Korba-874734",13-04-2026
1244,Hyderabad,Madhapur,Spice Seafood Factory,"Seafood, South Indian, Biryani",1104,2.9,3393,4631,5112624,60,40,Regular Delivery,"H.No. 684, Doshi Zila, Hindupur 350902",11-04-2026
1245,Hyderabad,Madhapur,Express Mughlai Treats,"Arabian, Pizza, Andhra",1124,3.1,13982,3545,3984580,64,20,Swiggy One,"22/354, Ramanathan Street, Karnal-229795",09-06-2025
1246,Mumbai,Powai,Biryani Burgers Factory,"Pizza, Bakery, North Indian, Chinese",709,3.2,1190,1496,1060664,53,20,Regular Delivery,"H.No. 73, Anand Chowk, Warangal 434250",12-12-2025
1247,Delhi,Connaught Place,Royal Pizza Junction,"Fast Food, Andhra",413,4.6,10620,838,346094,20,25,Swiggy Genie,"759, Solanki Zila, Rohtak-625374",25-07-2025
1248,Mumbai,Andheri,Food Ice Cream World,Desserts,447,3.2,9106,278,124266,49,30,Regular Delivery,"H.No. 217, Wadhwa Nagar, Phagwara-013926",08-03-2026
1249,Hyderabad,Banjara Hills,Urban Bakery World,"Chinese, Seafood, Desserts, Healthy Food",1070,3.5,12286,4043,4326010,43,25,Swiggy Genie,"59, Das Zila, Kolhapur 125040",19-06-2025
1250,Mumbai,Bandra,Urban Chinese Zone,Seafood,1048,3.6,10825,917,961016,55,20,Swiggy One,"H.No. 094, Mani Street, Thiruvananthapuram 219476",18-10-2025
1251,Bangalore,Jayanagar,House Healthy Food Corner,"Italian, South Indian",249,3.8,3573,1859,462891,32,50,Regular Delivery,"88, Jhaveri Ganj, Junagadh 902037",11-03-2026
1252,Delhi,Saket,Urban Burgers Corner,Seafood,558,4.4,14493,3578,1996524,30,10,Swiggy One,"H.No. 379, Gulati Road, Hospet-187763",26-09-2025
1253,Delhi,Connaught Place,Urban Desserts Corner,"Desserts, Ice Cream, Italian",785,4.2,11559,2703,2121855,35,20,Regular Delivery,"805, Hora Nagar, Bidar-851143",17-08-2025
1254,Chennai,T Nagar,Kitchen Healthy Food Junction,"Biryani, Desserts, Bakery, Seafood",450,4.5,4798,4757,2140650,35,0,Swiggy One,"36/32, Sibal Nagar, Avadi-478399",07-11-2025
1255,Chennai,T Nagar,Delight Italian Hub,"Biryani, Chinese, Desserts, Arabian",502,4,7261,534,268068,24,15,Swiggy One,"H.No. 168, Jain Chowk, Agartala 134843",28-02-2026
1256,Hyderabad,Hitech City,Kitchen Seafood Corner,"Healthy Food, Bakery, South Indian, Biryani",1182,3.3,2495,1183,1398306,21,10,Swiggy One,"H.No. 83, Rattan Chowk, Raichur 076094",11-06-2025
1257,Mumbai,Andheri,Spice Ice Cream Zone,"Burgers, North Indian",1121,4.1,11289,2941,3296861,49,50,Regular Delivery,"55/75, Bose Chowk, Tadipatri 028020",11-03-2026
1258,Hyderabad,Kukatpally,Express Mughlai Hub,"Burgers, Biryani, Seafood",202,3.2,4606,3257,657914,39,20,Regular Delivery,"87/18, Manne Nagar, Bikaner 235247",04-08-2025
1259,Bangalore,Jayanagar,Biryani Burgers Junction,"Biryani, Desserts, South Indian",311,2.8,2494,4887,1519857,61,15,Regular Delivery,"70/565, Khalsa Ganj, Gudivada-414387",12-05-2026
1260,Chennai,Anna Nagar,Tandoori Healthy Food Palace,Arabian,1167,3.2,10078,120,140040,72,20,Regular Delivery,"38/632, Tripathi Street, Parbhani-291974",19-10-2025
1261,Mumbai,Dadar,House Healthy Food Point,Fast Food,355,3.1,843,1323,469665,60,15,Swiggy Genie,"H.No. 970, Gopal, Karimnagar-139554",19-11-2025
1262,Hyderabad,Gachibowli,Food Italian Corner,Italian,229,3,12688,1029,235641,67,10,Swiggy Genie,"00/66, Ramaswamy Street, Sagar 730381",04-01-2026
1263,Mumbai,Dadar,Urban South Indian Point,Pizza,185,3.7,11895,2117,391645,41,50,Swiggy Genie,"H.No. 76, Sandal Zila, Thoothukudi-176860",04-01-2026
1264,Delhi,Saket,Delight Fast Food Treats,Arabian,898,3.5,8834,3810,3421380,20,15,Regular Delivery,"48, Chatterjee Marg, Kanpur 194785",06-11-2025
1265,Chennai,OMR,Street Burgers Point,Pizza,304,3.4,12990,4379,1331216,55,40,Swiggy Genie,"662, Chana Marg, Panihati-098986",18-07-2025
1266,Chennai,Anna Nagar,Street Mughlai Corner,"Pizza, Chinese, Arabian",155,4.6,9739,2946,456630,32,30,Regular Delivery,"12/05, Amble Zila, Anantapur-714114",11-01-2026
1267,Mumbai,Andheri,Cafe Bakery Corner,Fast Food,1136,4.5,12769,3796,4312256,26,20,Swiggy Genie,"30/29, Bawa Path, Jammu-764479",29-11-2025
1268,Hyderabad,Kukatpally,Biryani Seafood Zone,"Andhra, Italian",870,3.6,12543,301,261870,28,20,Swiggy One,"404, Hayer Zila, Imphal-537422",06-08-2025
1269,Bangalore,Indiranagar,Kitchen South Indian Treats,Pizza,372,3.6,2703,4647,1728684,50,20,Swiggy One,"25/565, Arora Nagar, Bangalore-337695",19-10-2025
1270,Chennai,Anna Nagar,Cafe Chinese Treats,"South Indian, Desserts",992,4.6,416,1144,1134848,46,20,Swiggy Genie,"84, Raman Road, Thane-736316",12-07-2025
1271,Chennai,OMR,Biryani Ice Cream Corner,Seafood,135,3.3,11688,345,46575,75,25,Swiggy Genie,"10/515, Wali Nagar, Bally-552288",20-02-2026
1272,Bangalore,BTM Layout,Food Healthy Food Grill,Bakery,1044,3.6,14681,611,637884,70,25,Swiggy One,"86/172, Batra, Tinsukia 034905",30-01-2026
1273,Mumbai,Lower Parel,Urban Desserts Palace,"Bakery, Pizza, Fast Food",1102,4.6,2292,3862,4255924,73,25,Swiggy One,"831, Chaudhuri Marg, Tiruppur 383842",07-02-2026
1274,Bangalore,BTM Layout,Royal Biryani Hub,South Indian,544,2.9,14983,4617,2511648,67,40,Swiggy Genie,"15, Raval Street, Alappuzha-320934",22-06-2025
1275,Bangalore,Whitefield,Urban Andhra Zone,"Ice Cream, Mughlai, South Indian, Desserts",207,3.9,8518,3748,775836,26,30,Swiggy Genie,"H.No. 479, Kaul Nagar, Loni-875463",16-07-2025
1276,Hyderabad,Hitech City,Biryani South Indian World,Biryani,292,3.2,745,912,266304,46,50,Swiggy Genie,"72, Hans, Chinsurah 332438",11-07-2025
1277,Bangalore,Whitefield,Spice Arabian Factory,"Seafood, South Indian",684,3.8,3318,1513,1034892,71,40,Swiggy Genie,"H.No. 232, Saran Zila, Munger 948155",22-03-2026
1278,Hyderabad,Madhapur,Urban Bakery Zone,Andhra,847,3.7,11574,4144,3509968,47,25,Swiggy Genie,"70/02, Khurana Chowk, Amaravati-094347",21-04-2026
1279,Hyderabad,Madhapur,Tandoori Fast Food Grill,Seafood,944,3.1,13318,3663,3457872,48,25,Swiggy One,"35, Yadav Nagar, Giridih 014837",28-09-2025
1280,Mumbai,Bandra,Delight Chinese Zone,Bakery,612,4.5,11510,235,143820,74,50,Swiggy Genie,"02/15, Kapoor Circle, Rajpur Sonarpur 404906",16-09-2025
1281,Bangalore,Koramangala,Biryani North Indian Point,"Andhra, Fast Food, South Indian, Pizza",358,2.9,9692,1098,393084,51,50,Swiggy One,"49, Ravel Ganj, Hyderabad 882036",02-03-2026
1282,Bangalore,BTM Layout,Express Chinese Grill,"Desserts, Ice Cream, Mughlai",672,4,5211,2674,1796928,35,10,Swiggy Genie,"019, Kothari Marg, Baranagar 691391",06-10-2025
1283,Bangalore,Koramangala,House Healthy Food Treats,Arabian,1129,4.1,10667,3874,4373746,24,20,Regular Delivery,"H.No. 14, Rege, Sangli-Miraj & Kupwad-048797",23-08-2025
1284,Mumbai,Andheri,Street Biryani Treats,"Mughlai, Arabian, Ice Cream, Bakery",902,4.8,2482,2428,2190056,33,50,Swiggy Genie,"H.No. 58, Buch, Navi Mumbai-541284",23-04-2026
1285,Mumbai,Dadar,Urban Seafood Treats,"Desserts, Biryani, Andhra",494,3.2,11336,4854,2397876,52,25,Regular Delivery,"H.No. 17, Goyal Road, Ballia 237921",11-03-2026
1286,Bangalore,Jayanagar,Urban Andhra Corner,"North Indian, South Indian, Bakery, Pizza",173,3.3,885,4508,779884,52,50,Swiggy Genie,"H.No. 89, Contractor Path, Berhampur-091978",22-09-2025
1287,Bangalore,BTM Layout,House North Indian Palace,"South Indian, Andhra, Chinese, Seafood",314,4.6,14827,2006,629884,54,10,Swiggy One,"95/48, Batta Marg, Nangloi Jat-294526",12-05-2026
1288,Delhi,Rohini,Kitchen North Indian Zone,"Pizza, Italian, South Indian, Andhra",1151,4.1,4797,658,757358,62,0,Regular Delivery,"H.No. 713, Dada Nagar, Rourkela-250680",31-03-2026
1289,Mumbai,Powai,Royal Italian Factory,"Pizza, Chinese, Mughlai",1188,3.9,3869,4232,5027616,56,50,Swiggy One,"92/03, Mangat Street, Madhyamgram-914428",14-11-2025
1290,Mumbai,Andheri,Spice Ice Cream Zone,"South Indian, Mughlai",215,3.7,5296,1553,333895,50,10,Swiggy Genie,"90/023, Soman Path, Chinsurah-183251",24-08-2025
1291,Mumbai,Lower Parel,Delight Mughlai Point,Arabian,292,4.8,8420,1434,418728,51,25,Regular Delivery,"631, Agarwal Nagar, Kirari Suleman Nagar 267416",01-02-2026
1292,Mumbai,Lower Parel,Food Healthy Food Hub,"Italian, Bakery",667,2.9,5860,2198,1466066,34,10,Swiggy Genie,"H.No. 045, Saini Circle, Jodhpur-581668",08-03-2026
1293,Delhi,Dwarka,Food South Indian World,Bakery,628,3.2,4704,2810,1764680,63,20,Regular Delivery,"H.No. 494, Talwar Circle, Faridabad-523403",23-05-2026
1294,Mumbai,Powai,Delight Mughlai Corner,Italian,719,4.1,14546,2398,1724162,58,40,Regular Delivery,"12/910, Sibal Nagar, Bhilai 801315",05-02-2026
1295,Mumbai,Dadar,Delight Andhra Hub,"Ice Cream, Italian",664,3.8,5168,3716,2467424,29,10,Swiggy Genie,"H.No. 11, Gola Road, Nagercoil 125098",16-04-2026
1296,Hyderabad,Hitech City,Urban Bakery Grill,"Biryani, Fast Food, Chinese",617,4.5,6712,82,50594,37,15,Regular Delivery,"H.No. 390, Manne Circle, Bellary-584009",10-09-2025
1297,Delhi,Saket,Express Desserts Grill,"Mughlai, Ice Cream, Bakery",204,4.6,2302,4008,817632,36,40,Swiggy Genie,"02/14, Yadav Ganj, Burhanpur-832676",31-08-2025
1298,Delhi,Dwarka,Spice Chinese Point,Andhra,734,3,13643,3010,2209340,27,20,Regular Delivery,"24/465, Bhatti Street, Suryapet 512783",21-03-2026
1299,Delhi,Saket,Tandoori Fast Food World,"Andhra, South Indian",954,4.7,5648,438,417852,31,20,Swiggy One,"40/71, Dubey, Ratlam 724602",23-06-2025
1300,Chennai,OMR,Biryani North Indian Corner,Mughlai,857,4.7,4611,4139,3547123,68,25,Swiggy Genie,"687, Bawa Path, Karnal 067252",27-02-2026
1301,Chennai,Anna Nagar,Biryani South Indian Junction,Andhra,712,3.4,12955,3373,2401576,56,40,Swiggy Genie,"15/207, Sani Nagar, Singrauli-163698",30-08-2025
1302,Mumbai,Dadar,Cafe Ice Cream Grill,Pizza,205,3.9,14919,3362,689210,66,0,Swiggy One,"62/837, Gaba Nagar, Secunderabad 930629",05-09-2025
1303,Delhi,Saket,Royal Italian Palace,Ice Cream,967,3.9,1763,2754,2663118,70,20,Regular Delivery,"H.No. 27, Iyengar, Kurnool-062464",01-07-2025
1304,Hyderabad,Banjara Hills,House Desserts Grill,"Ice Cream, Healthy Food, Fast Food, Arabian",930,4.3,9053,4231,3934830,48,25,Swiggy One,"75, Agarwal Circle, Khandwa-727575",19-10-2025
1305,Delhi,Karol Bagh,Biryani Ice Cream Factory,Seafood,220,3,10104,559,122980,28,15,Regular Delivery,"384, Chopra Zila, Hazaribagh-850487",31-08-2025
1306,Mumbai,Powai,Cafe South Indian Factory,"Mughlai, Italian",352,2.9,1337,1940,682880,47,0,Regular Delivery,"07/09, Issac Nagar, Shahjahanpur 200004",10-04-2026
1307,Delhi,Rohini,Food Pizza Point,"Fast Food, Healthy Food, Burgers, Biryani",1174,4,5418,3184,3738016,43,0,Swiggy One,"68, Kunda Marg, South Dumdum-790303",17-08-2025
1308,Bangalore,BTM Layout,Urban Arabian Zone,Arabian,632,3.2,4855,2324,1468768,44,40,Regular Delivery,"H.No. 856, Divan Street, Durg-484033",01-08-2025
1309,Delhi,Rohini,Biryani Andhra Palace,"Andhra, Desserts, Fast Food, North Indian",451,2.8,13001,3550,1601050,39,30,Swiggy One,"H.No. 13, Dugal Ganj, Bhavnagar 852529",11-05-2026
1310,Mumbai,Dadar,Street Seafood Junction,"North Indian, Arabian, Desserts",513,4.4,13243,3562,1827306,58,0,Swiggy Genie,"42/16, Bumb Road, Aligarh-949766",14-01-2026
1311,Hyderabad,Kukatpally,Urban Burgers Treats,"Mughlai, Italian, Fast Food",809,4.3,937,2816,2278144,26,40,Regular Delivery,"57/30, Lall Circle, Kozhikode 509809",13-04-2026
1312,Delhi,Karol Bagh,Cafe Andhra Corner,"South Indian, North Indian",502,3,2542,3782,1898564,38,15,Swiggy One,"H.No. 800, Chawla Street, Navi Mumbai-086449",26-10-2025
1313,Mumbai,Dadar,Biryani Chinese Treats,"Mughlai, Chinese, Healthy Food",176,3,2947,836,147136,37,10,Swiggy One,"56/566, Kadakia Chowk, Kota-984477",15-10-2025
1314,Delhi,Karol Bagh,Spice Biryani World,"South Indian, North Indian, Mughlai, Ice Cream",1177,4.9,7933,4657,5481289,65,50,Swiggy Genie,"706, Tara Chowk, Raebareli-799761",17-05-2026
1315,Hyderabad,Madhapur,Spice Ice Cream World,"Bakery, Desserts",396,4.9,6743,1424,563904,70,25,Regular Delivery,"H.No. 80, Keer Path, Guntakal 473760",18-02-2026
1316,Mumbai,Andheri,Urban South Indian Junction,"Biryani, Italian",634,3.3,12497,1947,1234398,50,30,Swiggy One,"32, Solanki Nagar, Shivpuri-260320",05-04-2026
1317,Chennai,OMR,House Burgers Factory,"South Indian, Desserts, Ice Cream, Burgers",662,4.8,2914,1090,721580,39,15,Regular Delivery,"H.No. 01, Taneja Path, Gudivada 366109",18-06-2025
1318,Delhi,Saket,Street South Indian Hub,"Ice Cream, Burgers, Mughlai",999,3.3,10745,3907,3903093,43,25,Swiggy One,"H.No. 46, Chokshi Marg, Surendranagar Dudhrej 605768",19-02-2026
1319,Hyderabad,Gachibowli,Urban Fast Food Corner,Biryani,1036,3.4,8852,775,802900,59,50,Swiggy One,"43/76, Anand, Tenali-366158",13-03-2026
1320,Mumbai,Dadar,Street Burgers World,"Desserts, Seafood",467,2.9,14264,1470,686490,73,40,Swiggy Genie,"H.No. 649, Kade Nagar, Bhimavaram 631211",04-04-2026
1321,Mumbai,Powai,Royal Mughlai Junction,South Indian,205,3.3,11760,351,71955,60,20,Swiggy One,"H.No. 55, Master Nagar, Ambattur 285998",20-04-2026
1322,Delhi,Saket,Tandoori Seafood Junction,"Pizza, Healthy Food, Arabian",745,2.8,14104,4296,3200520,75,10,Swiggy Genie,"924, Date Circle, Bhind 404868",30-12-2025
1323,Mumbai,Dadar,Biryani Burgers Palace,"Arabian, Ice Cream, South Indian, Fast Food",640,3.3,11027,2225,1424000,43,25,Swiggy One,"H.No. 32, Deshpande Street, Ludhiana 690347",18-04-2026
1324,Bangalore,Jayanagar,Royal Healthy Food Grill,"Bakery, Healthy Food",565,3.7,12899,207,116955,55,10,Regular Delivery,"462, Dalal Circle, Bhavnagar-235955",15-09-2025
1325,Chennai,Velachery,Express Italian Zone,Pizza,1169,4.2,14371,4732,5531708,54,40,Regular Delivery,"H.No. 20, Sarma Ganj, Durgapur-926283",16-03-2026
1326,Mumbai,Lower Parel,Biryani Healthy Food Grill,"South Indian, Pizza",392,4.6,1764,1206,472752,37,50,Swiggy One,"H.No. 382, Gulati Circle, Chittoor-621025",25-03-2026
1327,Mumbai,Bandra,Cafe Mughlai Palace,Chinese,478,3.4,14870,4932,2357496,33,20,Swiggy One,"806, Dara Nagar, Jaipur-597220",17-10-2025
1328,Hyderabad,Hitech City,Royal Pizza Point,"Desserts, Arabian",1143,2.9,13434,1492,1705356,30,20,Regular Delivery,"63/831, Sharaf Road, Bijapur 796764",30-07-2025
1329,Delhi,Connaught Place,Royal South Indian Point,"Burgers, Chinese",150,3.2,2929,596,89400,20,0,Regular Delivery,"H.No. 56, Deo Marg, Shimla-799060",31-07-2025
1330,Delhi,Dwarka,Spice Healthy Food Treats,"Andhra, Fast Food, South Indian, North Indian",369,2.8,1419,1631,601839,72,25,Swiggy One,"61, Bawa Zila, Sambhal-291140",11-06-2025
1331,Mumbai,Andheri,Tandoori Arabian Factory,"South Indian, Italian, Bakery",619,4.1,1443,4033,2496427,57,0,Swiggy One,"27/931, Guha Street, Bhind 511446",11-02-2026
1332,Mumbai,Lower Parel,Street Andhra Grill,"Fast Food, Burgers",767,4.5,12995,109,83603,26,0,Swiggy Genie,"47/882, Kara Nagar, Bhubaneswar 417252",02-07-2025
1333,Bangalore,Whitefield,Biryani Mughlai World,"Burgers, North Indian, Healthy Food, Pizza",272,3.5,14843,3650,992800,64,0,Swiggy One,"H.No. 799, Chhabra, Raiganj-309382",30-09-2025
1334,Mumbai,Dadar,House Mughlai Factory,"Chinese, South Indian, North Indian",732,4.6,11665,2391,1750212,25,20,Swiggy Genie,"H.No. 70, Tella Path, Shahjahanpur 466763",23-08-2025
1335,Mumbai,Lower Parel,Delight Ice Cream Grill,"Biryani, Fast Food, Arabian",1081,2.9,10129,4681,5060161,20,30,Swiggy Genie,"H.No. 842, Bava Road, Karimnagar 172471",23-01-2026
1336,Mumbai,Dadar,Urban Mughlai Zone,"Arabian, Ice Cream",949,3.1,9993,4405,4180345,49,0,Swiggy Genie,"47, Bera Nagar, Thiruvananthapuram 831416",23-10-2025
1337,Delhi,Dwarka,Express Healthy Food Grill,Healthy Food,268,3.6,6128,1559,417812,71,40,Swiggy One,"59/719, Sheth, Jamalpur-256212",30-01-2026
1338,Mumbai,Andheri,Tandoori Pizza Hub,"Mughlai, North Indian, Bakery, Arabian",298,3.1,14487,3803,1133294,64,30,Regular Delivery,"H.No. 460, Dugar Chowk, Karimnagar 667700",26-07-2025
1339,Delhi,Rohini,Street Chinese Zone,"Mughlai, North Indian",131,4.4,14751,1220,159820,56,30,Swiggy Genie,"36, Tripathi Circle, Thrissur 104461",30-10-2025
1340,Mumbai,Powai,Kitchen Italian Palace,"Seafood, South Indian, Desserts",304,4.2,2310,3234,983136,51,25,Regular Delivery,"322, Kumer, Guwahati 017506",07-12-2025
1341,Hyderabad,Madhapur,Street Chinese Grill,Pizza,944,4.8,7189,1412,1332928,37,15,Swiggy Genie,"232, Sabharwal Road, Kamarhati 396143",25-07-2025
1342,Delhi,Dwarka,Cafe Ice Cream Factory,"Chinese, Desserts, North Indian",665,4.7,1774,2485,1652525,72,30,Swiggy One,"36/426, Comar Road, Sirsa 085860",22-12-2025
1343,Mumbai,Andheri,Urban North Indian Grill,"Andhra, Mughlai, Ice Cream",409,3.1,14298,80,32720,43,50,Regular Delivery,"98/34, Sridhar Ganj, New Delhi 190613",26-01-2026
1344,Delhi,Connaught Place,House Mughlai Junction,Chinese,820,3.7,915,1810,1484200,49,15,Swiggy Genie,"12/36, Rama Marg, Tenali 918480",25-12-2025
1345,Chennai,Adyar,Express Seafood Palace,"Burgers, Italian",130,2.9,8004,1398,181740,53,15,Regular Delivery,"09, Goda Road, Pondicherry-735720",24-03-2026
1346,Chennai,Adyar,Food Chinese Treats,"Chinese, Healthy Food",884,2.8,1129,4687,4143308,23,30,Regular Delivery,"574, Varma Road, Panvel 422427",07-04-2026
1347,Bangalore,BTM Layout,Spice Burgers World,Bakery,343,4.9,10813,1603,549829,25,30,Swiggy One,"H.No. 223, Ranganathan, Anantapur-207215",18-05-2026
1348,Bangalore,BTM Layout,Kitchen South Indian Grill,"Desserts, Andhra, Italian",398,3.2,587,3604,1434392,49,10,Regular Delivery,"41/008, Soman Street, Etawah 336382",18-04-2026
1349,Chennai,Anna Nagar,Street Chinese Zone,Healthy Food,759,4,5411,1939,1471701,64,25,Regular Delivery,"H.No. 23, Bhandari Marg, Udupi 156338",03-05-2026
1350,Hyderabad,Hitech City,Tandoori Andhra Factory,"Andhra, Arabian, Ice Cream, Italian",389,4,4621,3466,1348274,50,10,Regular Delivery,"13/435, Chakraborty Street, Jaipur-309579",18-01-2026
1351,Bangalore,Jayanagar,Street Chinese Junction,"Healthy Food, Biryani",264,2.9,5494,2961,781704,22,15,Regular Delivery,"456, Babu Circle, Jaipur-980532",14-06-2025
1352,Delhi,Dwarka,Kitchen Arabian Junction,"Burgers, South Indian",857,3.7,8635,2843,2436451,68,20,Swiggy Genie,"H.No. 111, Viswanathan Street, Jabalpur 935622",15-11-2025
1353,Mumbai,Lower Parel,Street Andhra Hub,Mughlai,999,3.7,9688,2139,2136861,55,20,Swiggy One,"41/315, Kala Circle, Varanasi-525682",01-05-2026
1354,Delhi,Rohini,Biryani Desserts Treats,"Arabian, Chinese",730,3.7,2309,2790,2036700,54,0,Swiggy One,"H.No. 70, Balay Road, Dewas 767901",05-09-2025
1355,Bangalore,Whitefield,Biryani Italian Grill,"Ice Cream, Bakery, North Indian, Fast Food",807,3.5,6017,1767,1425969,45,15,Regular Delivery,"56/391, Ghosh Road, Kanpur 621396",31-01-2026
1356,Hyderabad,Madhapur,Biryani Biryani Hub,Seafood,1130,4.1,5120,4995,5644350,66,0,Swiggy Genie,"08/97, Chakrabarti Street, Jhansi-976873",18-01-2026
1357,Hyderabad,Madhapur,Kitchen Mughlai Point,Biryani,159,3.1,13246,3267,519453,38,50,Swiggy Genie,"H.No. 66, Bakshi Nagar, Avadi-538760",19-04-2026
1358,Hyderabad,Gachibowli,Cafe Bakery Junction,Mughlai,765,4.5,4441,1531,1171215,64,10,Swiggy Genie,"945, Kadakia Marg, Parbhani 215688",16-10-2025
1359,Bangalore,Indiranagar,Biryani Bakery Hub,"Italian, Healthy Food",141,3.1,6893,726,102366,68,0,Swiggy One,"18/783, Deshpande Marg, Shahjahanpur-851106",24-02-2026
1360,Bangalore,Koramangala,Biryani Ice Cream World,"Burgers, Italian",815,2.9,4678,898,731870,22,50,Swiggy One,"640, Talwar Circle, Jodhpur-930366",02-02-2026
1361,Hyderabad,Gachibowli,Cafe Bakery Hub,"South Indian, Italian, Burgers, Bakery",592,4.2,13636,159,94128,24,0,Swiggy One,"55/180, Sehgal Zila, Ichalkaranji-077800",26-01-2026
1362,Chennai,OMR,Cafe North Indian Junction,"Arabian, Mughlai",362,2.8,5755,1837,664994,28,0,Swiggy One,"36/819, Mall Road, Vijayawada 122664",23-09-2025
1363,Bangalore,Jayanagar,Street Biryani Junction,"Chinese, South Indian, Ice Cream",809,4.6,10152,2915,2358235,31,30,Swiggy Genie,"H.No. 16, Upadhyay Road, Gandhinagar 939485",18-06-2025
1364,Chennai,OMR,Food Chinese Hub,"Pizza, North Indian, Burgers",241,3.7,8027,237,57117,56,0,Swiggy One,"H.No. 08, Chandra, Raebareli 245226",12-06-2025
1365,Delhi,Dwarka,Express Mughlai World,Chinese,1097,3.4,12801,4003,4391291,64,20,Regular Delivery,"855, Basu Chowk, Coimbatore-346761",29-03-2026
1366,Chennai,Velachery,Street Arabian Grill,"Fast Food, Arabian",887,4.6,386,4100,3636700,20,40,Swiggy One,"66/721, Khanna Path, Ludhiana-846054",29-10-2025
1367,Mumbai,Bandra,Urban Bakery Hub,"Seafood, North Indian, Biryani",269,3.8,6267,1145,308005,40,25,Swiggy One,"67/764, Dyal Nagar, Bathinda-541930",30-03-2026
1368,Hyderabad,Kukatpally,Express Ice Cream Corner,Italian,245,4.1,10887,1872,458640,56,15,Swiggy Genie,"77, Sehgal Zila, Mirzapur-626881",15-09-2025
1369,Chennai,T Nagar,Spice South Indian Grill,Chinese,201,4.2,14670,2997,602397,46,0,Swiggy Genie,"697, Rastogi Circle, Narasaraopet 041272",16-06-2025
1370,Bangalore,Jayanagar,Royal Chinese Treats,"Ice Cream, Biryani, North Indian, Chinese",924,3.7,13068,2386,2204664,28,0,Regular Delivery,"68, Loke, Allahabad-079040",27-10-2025
1371,Chennai,Adyar,Delight Burgers Point,"Italian, Burgers, Andhra",470,4,9775,2633,1237510,69,40,Swiggy Genie,"04/56, Brahmbhatt Ganj, Satara 753556",20-04-2026
1372,Mumbai,Andheri,House Burgers Hub,"Desserts, Fast Food",409,3.8,5845,716,292844,53,15,Swiggy One,"736, Dada Nagar, Buxar 024864",08-08-2025
1373,Mumbai,Dadar,Spice Italian Point,Pizza,306,4.5,13842,4591,1404846,30,20,Swiggy Genie,"763, Srivastava Path, Jalgaon 710722",11-02-2026
1374,Hyderabad,Gachibowli,Delight Burgers Point,"Burgers, South Indian, Seafood, Mughlai",842,4.7,8642,4358,3669436,70,10,Regular Delivery,"74, Kade Nagar, Jhansi 621471",17-05-2026
1375,Mumbai,Andheri,Royal Andhra Junction,"Biryani, Fast Food, South Indian",880,3.5,9071,4741,4172080,25,30,Regular Delivery,"19/278, Vora Path, Ambala 784577",24-02-2026
1376,Mumbai,Dadar,Express South Indian Hub,"Biryani, Fast Food",815,4.7,7893,630,513450,54,20,Regular Delivery,"H.No. 385, Sagar Marg, Bhiwani 265809",07-02-2026
1377,Mumbai,Lower Parel,Urban Ice Cream Factory,"Healthy Food, Italian",756,4.6,10820,1457,1101492,26,15,Regular Delivery,"75, Tata Path, Bulandshahr-333294",06-03-2026
1378,Mumbai,Bandra,Urban Fast Food Grill,South Indian,723,3.9,10294,1188,858924,73,20,Regular Delivery,"98, Sood, Malegaon-476567",13-02-2026
1379,Hyderabad,Madhapur,Kitchen Ice Cream Junction,"Chinese, Pizza, Italian",389,4.7,14144,620,241180,53,10,Swiggy One,"H.No. 62, Dhawan Nagar, Karawal Nagar-957085",07-07-2025
1380,Chennai,OMR,Urban North Indian Corner,"North Indian, Seafood",193,4.1,880,1874,361682,37,15,Swiggy Genie,"31/70, Krish Nagar, Aligarh 899770",08-10-2025
1381,Hyderabad,Banjara Hills,Royal Desserts Factory,"Bakery, Andhra, Chinese, Healthy Food",517,2.9,12777,4203,2172951,68,15,Swiggy Genie,"62/53, Dhar Ganj, Tumkur-897415",13-10-2025
1382,Mumbai,Powai,Street Mughlai Junction,Andhra,125,4.2,13564,4953,619125,23,30,Swiggy Genie,"50/832, Badal Marg, Mathura-041622",20-11-2025
1383,Mumbai,Dadar,Delight Desserts Corner,"Bakery, Fast Food, Arabian, South Indian",265,4.2,10728,3485,923525,30,10,Regular Delivery,"H.No. 154, Kakar Zila, Raichur-890538",27-12-2025
1384,Bangalore,Whitefield,Spice Burgers Grill,"Mughlai, Andhra, Arabian",566,3.1,12914,2111,1194826,21,25,Regular Delivery,"617, Chanda Path, Ranchi 930666",10-04-2026
1385,Delhi,Karol Bagh,Food Burgers Corner,Mughlai,286,4.5,3376,4068,1163448,27,40,Swiggy Genie,"52/101, Badal, Tenali-328479",02-02-2026
1386,Delhi,Connaught Place,Food Mughlai World,"Mughlai, Ice Cream, Burgers",203,3.6,11525,769,156107,45,15,Regular Delivery,"16/51, Dewan Chowk, Vadodara-764799",23-05-2026
1387,Delhi,Dwarka,Delight Arabian Palace,"Bakery, North Indian, Pizza",735,4.2,7274,1688,1240680,47,40,Regular Delivery,"H.No. 469, Dhingra Street, Silchar-466536",25-05-2025
1388,Chennai,OMR,Food Bakery Hub,"Desserts, Arabian",739,4.2,6225,1634,1207526,30,50,Swiggy Genie,"889, Viswanathan Nagar, Sambhal-845865",02-12-2025
1389,Hyderabad,Banjara Hills,Royal Chinese Palace,"Andhra, Italian",420,3.3,12925,2894,1215480,46,15,Regular Delivery,"H.No. 35, Din Chowk, Suryapet-533865",09-07-2025
1390,Delhi,Karol Bagh,Express South Indian Zone,"Pizza, South Indian, Seafood",1129,4.8,9784,3418,3858922,63,10,Swiggy Genie,"33/572, Sur Ganj, Pondicherry-266497",09-07-2025
1391,Hyderabad,Kukatpally,Street Desserts Junction,Mughlai,813,4.5,14588,3855,3134115,28,25,Swiggy Genie,"89/575, Sandhu Path, Aizawl-154680",10-07-2025
1392,Chennai,Anna Nagar,Street Fast Food Hub,"Desserts, Biryani, Italian",613,3,11623,4413,2705169,73,30,Swiggy One,"29/61, Contractor, Thrissur-058509",03-04-2026
1393,Mumbai,Andheri,Kitchen Mughlai Grill,"Ice Cream, Burgers, Andhra",670,3.8,13092,4887,3274290,49,40,Regular Delivery,"99/09, Brar Zila, Jorhat 504142",21-09-2025
1394,Chennai,T Nagar,Food Bakery Grill,"Bakery, Biryani",1087,4.9,4487,4951,5381737,45,40,Regular Delivery,"H.No. 264, Balan Zila, Jabalpur 345628",02-10-2025
1395,Mumbai,Andheri,Royal Burgers Factory,"Fast Food, Italian, Pizza, Chinese",704,3.6,8823,4771,3358784,64,0,Swiggy One,"16/84, Sur, Ballia 279048",17-08-2025
1396,Delhi,Karol Bagh,Urban Mughlai Grill,Seafood,412,3.5,6131,3332,1372784,56,40,Swiggy One,"584, Tripathi Path, Bally-147845",27-05-2025
1397,Mumbai,Bandra,Spice Italian Palace,Desserts,399,3.3,12779,2256,900144,65,10,Swiggy Genie,"79, Gill Road, New Delhi 118087",29-05-2025
1398,Mumbai,Andheri,House Fast Food Junction,"South Indian, Seafood, Pizza",442,4.8,13428,2674,1181908,27,25,Swiggy One,"21, Contractor Road, Firozabad-802234",28-12-2025
1399,Hyderabad,Madhapur,Kitchen Desserts Point,"Andhra, Biryani, Seafood, Mughlai",157,2.9,10627,4140,649980,63,10,Regular Delivery,"H.No. 89, Tripathi Nagar, Bahraich-523993",14-10-2025
1400,Chennai,Velachery,Biryani Italian Point,"Biryani, South Indian",695,3.5,3476,1523,1058485,43,25,Swiggy One,"10/77, Ramaswamy Ganj, Panihati 773864",01-04-2026
1401,Delhi,Dwarka,House Healthy Food Hub,"Ice Cream, Andhra, Seafood",350,3.8,10581,4413,1544550,30,0,Swiggy One,"H.No. 57, Solanki Chowk, Durgapur 077560",03-07-2025
1402,Chennai,Velachery,Kitchen Pizza Grill,"Italian, Desserts",1000,3.6,5357,1677,1677000,46,20,Swiggy One,"97/99, Goel Circle, Hajipur 365786",13-11-2025
1403,Bangalore,BTM Layout,Spice Bakery Corner,"South Indian, Seafood, Andhra",1019,4.8,1080,2746,2798174,21,30,Regular Delivery,"60/53, Dhawan Zila, Dhanbad-723882",14-09-2025
1404,Delhi,Connaught Place,Urban Healthy Food Corner,North Indian,382,2.9,3102,1676,640232,40,50,Swiggy Genie,"59/094, Sur, Akola 994236",12-09-2025
1405,Mumbai,Andheri,Royal Fast Food Treats,"Desserts, Arabian, Bakery",297,3.8,2744,1076,319572,22,20,Swiggy Genie,"97/09, Lad Zila, Ludhiana-764883",09-06-2025
1406,Mumbai,Lower Parel,Express Mughlai Corner,"Bakery, Healthy Food, Chinese",174,4.1,3105,2096,364704,56,50,Swiggy One,"H.No. 374, Amble, Ichalkaranji 070751",10-02-2026
1407,Hyderabad,Kukatpally,Urban Burgers Corner,"Fast Food, Italian, Biryani",1026,3.3,10141,91,93366,32,15,Swiggy One,"053, Devan Nagar, Bhopal 455949",14-08-2025
1408,Chennai,Adyar,Urban Desserts Treats,"Bakery, Biryani",994,3,5784,3333,3313002,22,50,Swiggy Genie,"437, Chaudry Ganj, Hyderabad 967637",25-12-2025
1409,Bangalore,Jayanagar,Delight Healthy Food Point,"South Indian, Ice Cream, Chinese, Fast Food",1155,4.5,13644,3202,3698310,74,20,Swiggy Genie,"895, Rajagopalan Nagar, Karaikudi-234809",25-05-2025
1410,Bangalore,BTM Layout,Biryani Desserts Zone,"Biryani, Chinese, Fast Food, South Indian",494,4.3,14124,2227,1100138,51,40,Regular Delivery,"H.No. 407, Balasubramanian Road, North Dumdum 743104",12-06-2025
1411,Chennai,Adyar,Street Pizza Corner,"Fast Food, Burgers, Desserts, Mughlai",549,4.9,3600,1240,680760,64,15,Swiggy Genie,"11/558, Walia Street, Hajipur 658680",31-03-2026
1412,Delhi,Connaught Place,Street Pizza Factory,Arabian,435,4.3,10945,1543,671205,63,15,Regular Delivery,"67, Kade Nagar, Naihati-030314",02-12-2025
1413,Chennai,Adyar,Urban Seafood Junction,Mughlai,881,4.2,14799,4002,3525762,44,20,Swiggy Genie,"826, Kapadia Road, Siliguri 268542",12-09-2025
1414,Bangalore,BTM Layout,Food Healthy Food Palace,Ice Cream,334,4.5,153,1956,653304,51,30,Regular Delivery,"H.No. 69, Balan Nagar, Sambalpur 742973",01-05-2026
1415,Chennai,Anna Nagar,Royal Desserts Treats,"Pizza, North Indian, Seafood",477,3.6,989,3351,1598427,52,25,Swiggy Genie,"H.No. 704, Sandhu Marg, Lucknow 318924",26-02-2026
1416,Delhi,Dwarka,Cafe Ice Cream World,"Mughlai, South Indian, Burgers",212,3.6,4169,1507,319484,56,10,Regular Delivery,"46/76, Raj Road, Ahmedabad 577273",11-07-2025
1417,Bangalore,Koramangala,Cafe Ice Cream Point,Andhra,278,4,11080,3588,997464,41,30,Swiggy One,"36, De Road, Tezpur 940240",29-09-2025
1418,Bangalore,Jayanagar,Delight Fast Food Grill,Mughlai,777,3.7,8187,573,445221,42,15,Swiggy One,"96/171, Konda Street, Dhanbad-702917",09-02-2026
1419,Bangalore,Indiranagar,Urban Andhra Corner,Ice Cream,150,2.9,14252,867,130050,61,50,Swiggy Genie,"58/004, Sen Circle, Bhubaneswar-452383",31-03-2026
1420,Bangalore,Indiranagar,Tandoori Andhra Grill,"Chinese, Biryani, Arabian",946,3.8,9332,3405,3221130,61,50,Swiggy Genie,"285, Kakar, Tiruchirappalli-613492",03-01-2026
1421,Delhi,Rohini,Kitchen Healthy Food Junction,"Fast Food, South Indian, Chinese, Healthy Food",283,4.5,12673,3666,1037478,31,15,Regular Delivery,"H.No. 738, Chokshi Street, Khandwa 548806",03-04-2026
1422,Mumbai,Andheri,Express Healthy Food Zone,"Seafood, Bakery, Arabian, Ice Cream",980,3.5,13823,4763,4667740,60,20,Regular Delivery,"H.No. 792, Vig Ganj, Bangalore-106540",26-10-2025
1423,Chennai,Velachery,House Mughlai Factory,Chinese,752,3.2,8446,1568,1179136,63,30,Swiggy Genie,"01/25, Grover Nagar, Ballia 253532",07-10-2025
1424,Bangalore,Indiranagar,Royal Chinese Factory,Burgers,168,4.4,8017,2310,388080,71,40,Swiggy One,"084, Dayal Circle, Ballia 222289",29-04-2026
1425,Delhi,Dwarka,Spice North Indian Corner,"Healthy Food, North Indian, Bakery",981,4.8,7656,2612,2562372,45,25,Regular Delivery,"H.No. 733, Jhaveri Chowk, Moradabad-644674",23-01-2026
1426,Mumbai,Dadar,Kitchen Arabian Point,"Arabian, Healthy Food, Desserts, Italian",979,4.5,6368,356,348524,42,40,Swiggy One,"84, Sampath Circle, Farrukhabad 443957",27-12-2025
1427,Chennai,Anna Nagar,Tandoori Bakery Factory,Andhra,571,3.8,666,2311,1319581,57,40,Regular Delivery,"H.No. 26, Agate Road, Amroha 161856",25-10-2025
1428,Mumbai,Lower Parel,Royal Biryani Grill,"Italian, Desserts",853,3.1,11452,2710,2311630,44,20,Swiggy Genie,"41, Shetty Path, Panvel 353830",22-02-2026
1429,Bangalore,Koramangala,Royal Burgers Zone,"North Indian, Chinese, Burgers, Andhra",449,3.8,11099,2535,1138215,33,40,Swiggy Genie,"H.No. 72, Babu Marg, Tiruvottiyur 968350",18-06-2025
1430,Bangalore,Koramangala,Biryani Arabian Treats,"Seafood, Arabian, Fast Food",1010,3.3,5463,2473,2497730,68,25,Regular Delivery,"85/798, Das Ganj, Jehanabad 759769",11-01-2026
1431,Hyderabad,Kukatpally,Delight Biryani Treats,"Chinese, Mughlai, Pizza",620,4.4,4022,2339,1450180,73,25,Regular Delivery,"80/818, Guha Zila, Bidar-413004",02-05-2026
1432,Mumbai,Powai,Food Ice Cream Hub,"Ice Cream, Italian",1196,4.4,13759,1276,1526096,62,15,Swiggy Genie,"69/999, Atwal Path, Nagercoil 739065",06-06-2025
1433,Bangalore,Jayanagar,Cafe Healthy Food Junction,"Andhra, Chinese, Arabian",1189,4,4467,1371,1630119,26,20,Swiggy Genie,"H.No. 585, Kothari Ganj, Khammam-453142",12-05-2026
1434,Bangalore,Jayanagar,Royal Healthy Food Hub,"Pizza, North Indian, Bakery, Chinese",1100,3.5,14783,1658,1823800,74,30,Swiggy One,"75/540, Bhardwaj Ganj, Bulandshahr 885443",09-09-2025
1435,Mumbai,Powai,Urban Pizza Hub,"Healthy Food, Mughlai, Arabian",620,2.8,4994,2573,1595260,37,40,Swiggy One,"540, Setty Street, Korba 925531",16-09-2025
1436,Bangalore,Indiranagar,Spice Pizza Factory,"South Indian, Andhra",338,3.1,1930,2810,949780,33,50,Swiggy One,"H.No. 44, Dugar Street, Madurai-078404",10-02-2026
1437,Chennai,OMR,House Healthy Food Hub,"Fast Food, Burgers, Arabian, Italian",1001,4.8,1342,643,643643,56,20,Swiggy One,"H.No. 402, Khalsa Circle, Raipur 800719",16-08-2025
1438,Chennai,OMR,Biryani Mughlai Treats,"Fast Food, Pizza, Bakery",573,3,3700,473,271029,54,30,Swiggy Genie,"28/970, Kaul, Kurnool 253783",20-11-2025
1439,Chennai,Velachery,House Pizza Hub,"Andhra, Chinese",629,3.2,7545,2251,1415879,38,15,Swiggy One,"H.No. 12, Khatri Circle, Nellore 195695",27-08-2025
1440,Hyderabad,Madhapur,Tandoori Italian Grill,Arabian,971,3.9,11406,4505,4374355,63,40,Swiggy Genie,"85/388, Wadhwa Nagar, Berhampore-675638",29-07-2025
1441,Bangalore,Jayanagar,Street Mughlai Grill,"Pizza, Arabian, Andhra",222,3.1,13234,4071,903762,61,10,Swiggy One,"88, Bora Path, Avadi 547786",20-10-2025
1442,Chennai,Anna Nagar,Tandoori Seafood Hub,"Ice Cream, Biryani, North Indian, Pizza",437,3.3,13057,464,202768,70,30,Swiggy Genie,"50/95, Boase Ganj, Delhi-980608",03-11-2025
1443,Hyderabad,Hitech City,Urban Italian Factory,"Andhra, Fast Food, Burgers",446,3.2,2236,1995,889770,53,15,Swiggy Genie,"18/21, Saraf Path, Malegaon-670186",09-01-2026
1444,Hyderabad,Madhapur,Delight Biryani Junction,"Seafood, Fast Food",538,4.6,3813,1696,912448,21,20,Swiggy One,"H.No. 047, Mann Marg, Bhopal-667987",22-06-2025
1445,Mumbai,Dadar,House Andhra World,"Chinese, Bakery, Italian, South Indian",867,4.8,225,1243,1077681,48,40,Swiggy One,"82, Dora Marg, Ballia 046421",29-10-2025
1446,Delhi,Rohini,Spice Burgers Palace,"Seafood, Biryani, Bakery",878,3.2,1331,4845,4253910,31,20,Regular Delivery,"040, Jain Nagar, Howrah 424507",22-03-2026
1447,Chennai,Adyar,Tandoori Ice Cream Corner,"Desserts, North Indian",215,3.1,4899,4843,1041245,49,10,Regular Delivery,"736, Master Ganj, Farrukhabad-190566",06-05-2026
1448,Bangalore,BTM Layout,Urban Arabian Hub,"Burgers, Chinese, Seafood, Mughlai",884,2.9,13391,2201,1945684,66,40,Regular Delivery,"H.No. 82, Ratta Zila, Bhusawal 775903",27-12-2025
1449,Delhi,Dwarka,House Healthy Food Factory,Healthy Food,653,3.7,10245,2240,1462720,70,15,Swiggy Genie,"93/94, Raju Street, Anand-871677",15-09-2025
1450,Mumbai,Powai,House Healthy Food Corner,"Italian, Chinese",815,3.9,1100,2674,2179310,31,15,Regular Delivery,"H.No. 536, Sangha Street, Secunderabad 217311",28-04-2026
1451,Bangalore,Jayanagar,Express Arabian Palace,"Mughlai, Fast Food, Healthy Food",1158,4.3,2465,2120,2454960,35,50,Regular Delivery,"77/746, Shah, Nadiad-343513",19-09-2025
1452,Hyderabad,Banjara Hills,Royal Pizza Point,Burgers,296,4.9,2003,4286,1268656,53,50,Swiggy Genie,"446, Chada Path, Tezpur 111598",18-09-2025
1453,Hyderabad,Kukatpally,Spice Healthy Food Palace,"South Indian, Seafood, Healthy Food, Desserts",193,4.5,3745,2967,572631,58,15,Swiggy Genie,"H.No. 180, Wason, Ballia 274729",02-04-2026
1454,Delhi,Rohini,Biryani Biryani World,"Bakery, Chinese, Arabian",328,3.2,2378,2165,710120,51,40,Swiggy Genie,"556, Bahl Street, Tinsukia-574048",28-07-2025
1455,Hyderabad,Hitech City,Street Pizza Corner,"Burgers, Chinese, North Indian, Healthy Food",351,3.6,6224,2215,777465,63,30,Regular Delivery,"H.No. 92, Sundaram Road, Ambala-433084",23-10-2025
1456,Mumbai,Bandra,Express Fast Food Junction,"North Indian, Bakery",713,3.4,7305,2576,1836688,73,0,Regular Delivery,"H.No. 16, Srinivas Chowk, Pallavaram 929441",02-09-2025
1457,Delhi,Dwarka,Spice Burgers Hub,"North Indian, Pizza, Desserts",886,4.1,6235,664,588304,69,30,Regular Delivery,"398, Chada Path, Kulti-524837",15-10-2025
1458,Chennai,Velachery,Urban Mughlai Treats,"Healthy Food, Pizza, Arabian, Bakery",548,3.1,14429,3472,1902656,58,30,Swiggy Genie,"491, Gara Nagar, Bulandshahr-749130",11-05-2026
1459,Chennai,Velachery,Urban Burgers Factory,"Healthy Food, Desserts, Burgers, Mughlai",434,2.8,1369,4526,1964284,45,30,Swiggy Genie,"08/41, Hayre Road, Shimoga 883916",13-09-2025
1460,Hyderabad,Hitech City,Biryani Burgers Corner,"North Indian, Seafood",705,3,5335,1868,1316940,75,40,Swiggy Genie,"H.No. 474, Banik Path, Raiganj 952721",29-01-2026
1461,Hyderabad,Hitech City,Cafe Mughlai Junction,"Seafood, Mughlai, Healthy Food",1012,3.3,11000,3427,3468124,66,15,Swiggy Genie,"H.No. 265, Trivedi, Ratlam 082923",05-12-2025
1462,Delhi,Karol Bagh,Food Chinese Factory,"South Indian, Fast Food",650,4.1,493,875,568750,61,30,Swiggy Genie,"H.No. 81, Saini Nagar, Panihati-359507",23-02-2026
1463,Hyderabad,Madhapur,Street Desserts Corner,"South Indian, North Indian",251,4.5,1421,853,214103,31,15,Swiggy Genie,"54, Sarkar Chowk, Siwan-040612",26-11-2025
1464,Bangalore,Koramangala,Express Pizza Treats,"Biryani, Bakery, Burgers",974,3.9,6627,931,906794,39,0,Regular Delivery,"38/88, Swaminathan Path, Gorakhpur-372123",26-07-2025
1465,Bangalore,Jayanagar,Spice Mughlai Palace,"Ice Cream, Healthy Food, Italian",745,4.4,13766,428,318860,73,0,Swiggy One,"483, Sur Path, Vadodara 284746",21-05-2026
1466,Hyderabad,Hitech City,Tandoori Seafood Zone,"Italian, Seafood, Ice Cream, Desserts",790,4.4,6402,2388,1886520,60,40,Swiggy One,"65/09, Shankar Nagar, Kolkata 742046",29-03-2026
1467,Chennai,Anna Nagar,Urban Biryani Grill,"Pizza, Biryani, Healthy Food, Seafood",408,4.3,7195,1546,630768,71,15,Swiggy Genie,"13, Sahota Nagar, Surat-119100",18-01-2026
1468,Hyderabad,Gachibowli,Cafe Chinese Hub,Arabian,702,3.1,4194,1003,704106,54,20,Swiggy One,"36/219, Bhandari Road, Kota-008966",04-07-2025
1469,Mumbai,Lower Parel,Kitchen Italian Corner,Chinese,952,4,9783,4793,4562936,59,25,Regular Delivery,"72, Dada Marg, Akola-984747",05-06-2025
1470,Delhi,Connaught Place,Cafe North Indian Hub,"Fast Food, South Indian",569,4.6,6968,1457,829033,46,0,Regular Delivery,"75/603, Sahni Zila, Nangloi Jat 661446",09-12-2025
1471,Bangalore,BTM Layout,Tandoori Burgers Zone,Bakery,809,3.2,6538,111,89799,32,10,Swiggy One,"01, Sastry Ganj, Aizawl-536094",23-06-2025
1472,Bangalore,Koramangala,Express Desserts Zone,"Ice Cream, Biryani",123,4.8,9112,3503,430869,64,15,Regular Delivery,"H.No. 83, Ram Ganj, Noida-221007",18-12-2025
1473,Hyderabad,Hitech City,Kitchen Mughlai Zone,South Indian,1005,3.1,7543,2079,2089395,68,40,Swiggy Genie,"27/06, Jha Nagar, Hosur 602954",25-10-2025
1474,Hyderabad,Hitech City,Tandoori Fast Food World,"Mughlai, Seafood",954,4.7,1414,1014,967356,52,30,Regular Delivery,"634, Dash Marg, Asansol 066949",29-12-2025
1475,Delhi,Dwarka,Royal Desserts Treats,"Mughlai, Desserts",744,4.8,1830,1635,1216440,20,10,Swiggy Genie,"H.No. 64, Chaudhari Nagar, Anantapuram-677994",17-07-2025
1476,Delhi,Saket,Delight Pizza Point,"Desserts, Bakery",1160,4.3,3716,3857,4474120,42,15,Regular Delivery,"00/547, Johal Street, Giridih-302051",02-04-2026
1477,Delhi,Connaught Place,Cafe North Indian Treats,"Seafood, Bakery, Mughlai, Italian",1107,3.8,1606,3541,3919887,61,0,Regular Delivery,"H.No. 17, Sharma Ganj, Nagpur-126959",20-02-2026
1478,Chennai,OMR,Express Biryani Palace,"North Indian, Seafood",626,4.4,10227,3722,2329972,28,50,Swiggy One,"23/002, Kar Ganj, Ichalkaranji-521579",30-12-2025
1479,Bangalore,Whitefield,Delight Andhra Grill,Bakery,625,3.9,4947,1539,961875,42,50,Regular Delivery,"07, Batta Marg, Bihar Sharif 077019",13-03-2026
1480,Bangalore,Indiranagar,Express Mughlai Corner,"Mughlai, Burgers, Bakery, Fast Food",844,4,1593,3751,3165844,28,30,Swiggy Genie,"03/089, Thakkar Circle, Bhiwani 209625",18-07-2025
1481,Chennai,OMR,Tandoori Ice Cream Treats,"Seafood, Burgers",138,4.4,12144,4825,665850,39,15,Regular Delivery,"24/196, Sabharwal Circle, Gwalior 263956",22-07-2025
1482,Bangalore,Whitefield,Delight Andhra Treats,"Healthy Food, Chinese, Mughlai",743,2.9,7224,4048,3007664,56,40,Swiggy Genie,"74/413, Borra Path, Surendranagar Dudhrej 605328",14-07-2025
1483,Delhi,Connaught Place,Street Bakery Grill,"Arabian, Seafood, Italian, Desserts",702,3.7,1283,4209,2954718,52,20,Swiggy One,"07/623, Gupta Zila, Ramgarh 379350",09-09-2025
1484,Bangalore,Whitefield,Express Seafood Junction,"Desserts, Pizza, Andhra, Healthy Food",936,4.3,8838,3199,2994264,71,10,Swiggy One,"H.No. 84, Loyal Street, Panchkula 068455",28-03-2026
1485,Delhi,Rohini,Street Seafood Hub,Ice Cream,461,4.2,8483,161,74221,71,40,Swiggy One,"92/508, Shukla Nagar, Khora -016029",12-01-2026
1486,Hyderabad,Madhapur,Food Pizza World,Burgers,200,3.6,4799,228,45600,55,0,Regular Delivery,"664, Sachdev Road, Hubli–Dharwad-379650",23-09-2025
1487,Hyderabad,Kukatpally,Tandoori North Indian Zone,"Bakery, Ice Cream, South Indian",509,4.6,13230,4032,2052288,22,30,Swiggy One,"25, Gopal Ganj, Kurnool 864023",26-05-2025
1488,Delhi,Rohini,Cafe Biryani Zone,"Healthy Food, Pizza",831,3.7,14230,1303,1082793,35,0,Swiggy One,"24/54, Venkataraman Street, Nizamabad-430850",11-07-2025
1489,Chennai,Anna Nagar,Tandoori South Indian Factory,North Indian,919,4.4,6657,1745,1603655,26,30,Swiggy Genie,"H.No. 240, Srinivasan Nagar, Thoothukudi 736800",22-11-2025
1490,Chennai,Adyar,Delight Fast Food World,"Biryani, Ice Cream, Pizza",722,3.7,9380,239,172558,23,50,Regular Delivery,"44, Upadhyay, Narasaraopet 196138",28-03-2026
1491,Bangalore,Jayanagar,Spice North Indian Point,"Burgers, Fast Food, Seafood, Mughlai",537,3.7,14608,469,251853,64,10,Swiggy Genie,"30/026, Sura Nagar, Pondicherry 857264",23-11-2025
1492,Chennai,T Nagar,Delight South Indian Treats,"Ice Cream, Chinese, Arabian",1111,3.4,5668,3145,3494095,47,40,Swiggy Genie,"H.No. 916, Warrior, Bokaro 420163",02-03-2026
1493,Chennai,Anna Nagar,Royal Seafood Factory,"Pizza, Mughlai, Italian, Chinese",1013,4.6,2293,1540,1560020,40,40,Swiggy Genie,"44/549, Ram Nagar, Dehradun 331400",16-11-2025
1494,Hyderabad,Madhapur,Tandoori Fast Food Palace,Seafood,1020,4.5,4287,4015,4095300,51,25,Swiggy One,"34, Goel Street, Barasat-099062",02-11-2025
1495,Chennai,OMR,Tandoori Andhra Factory,"Seafood, Burgers, Arabian",469,3,13551,4457,2090333,72,20,Swiggy Genie,"31, Mallick Street, Bhatpara 943677",15-07-2025
1496,Chennai,Anna Nagar,Cafe Bakery Junction,"Chinese, Healthy Food, Pizza, Burgers",328,3.1,13630,107,35096,75,0,Regular Delivery,"H.No. 988, Mann Street, Vadodara-553157",16-11-2025
1497,Hyderabad,Banjara Hills,Royal Healthy Food Junction,"Burgers, South Indian",413,4.1,7640,3566,1472758,51,15,Swiggy One,"16/34, Shere Zila, Bulandshahr-380773",17-05-2026
1498,Delhi,Rohini,Biryani Seafood Zone,"Bakery, Ice Cream",785,3.2,9625,1475,1157875,62,25,Regular Delivery,"H.No. 989, Savant Ganj, Bhilwara 800395",05-03-2026
1499,Chennai,Velachery,Express Seafood World,"Biryani, Fast Food, South Indian",874,4.1,7400,2832,2475168,24,0,Swiggy Genie,"28/11, Venkataraman Street, Visakhapatnam-168446",16-08-2025
1500,Delhi,Connaught Place,Street Italian World,"Arabian, Healthy Food, South Indian",749,3.4,3823,1839,1377411,68,30,Swiggy One,"63/96, Ravi Zila, Ajmer-965569",17-08-2025
1501,Hyderabad,Kukatpally,Kitchen Biryani Factory,"Arabian, South Indian, Andhra, Mughlai",734,4.3,9406,2209,1621406,49,20,Swiggy One,"99, Mallick, Noida-627848",10-05-2026
1502,Delhi,Saket,Tandoori Healthy Food Zone,Seafood,182,3.3,2094,3531,642642,53,20,Swiggy Genie,"124, Saran Road, Pondicherry-759066",04-12-2025
1503,Bangalore,Indiranagar,Spice Healthy Food Zone,"Burgers, Fast Food",478,4.5,9172,1506,719868,24,30,Swiggy One,"94/469, Khatri Circle, Warangal-213930",25-06-2025
1504,Delhi,Dwarka,Express Andhra Corner,"North Indian, Pizza",767,4.2,5185,3726,2857842,31,10,Regular Delivery,"446, Balakrishnan, Medininagar-814924",28-01-2026
1505,Chennai,Adyar,Cafe Desserts World,"Fast Food, Italian, Burgers",1168,2.9,8436,2998,3501664,56,10,Swiggy One,"25/203, Bala Ganj, Parbhani 666752",27-03-2026
1506,Mumbai,Bandra,Kitchen Chinese World,"Ice Cream, Andhra, Fast Food",1026,4.4,2713,4903,5030478,57,40,Swiggy Genie,"45/102, Kalita Path, Raiganj 377968",12-06-2025
1507,Chennai,Velachery,Delight Ice Cream Treats,"Mughlai, Chinese",1000,3.4,14894,4893,4893000,41,0,Regular Delivery,"13/32, Virk Circle, Surendranagar Dudhrej 625346",04-03-2026
1508,Delhi,Connaught Place,Spice Seafood World,Biryani,586,4,8754,1421,832706,34,30,Swiggy Genie,"96/031, Srinivasan Nagar, Ballia-651077",28-01-2026
1509,Bangalore,Jayanagar,House Arabian Treats,"Arabian, Italian, Pizza, Chinese",687,4.3,8481,3830,2631210,69,25,Regular Delivery,"H.No. 745, Dhaliwal Circle, Sambalpur 189639",13-04-2026
1510,Chennai,Adyar,Kitchen Seafood Grill,"Bakery, Andhra",833,4.4,2121,4932,4108356,53,10,Swiggy Genie,"83, Arya Street, Gudivada 811952",30-03-2026
1511,Hyderabad,Gachibowli,Cafe Italian Zone,Italian,271,4.5,4952,3781,1024651,53,20,Swiggy Genie,"19/210, Chokshi Street, Unnao 959745",01-12-2025
1512,Mumbai,Andheri,Biryani Biryani Palace,"Arabian, Italian, Pizza",542,3.7,12510,4365,2365830,75,15,Swiggy One,"474, Khanna Nagar, Sambhal-987642",29-05-2025
1513,Delhi,Connaught Place,Cafe Fast Food Hub,Burgers,549,3.9,5648,4473,2455677,68,40,Swiggy Genie,"26/65, Mammen Ganj, Mehsana-983564",29-10-2025
1514,Bangalore,Jayanagar,Express Chinese Palace,"Healthy Food, Andhra",809,4,14590,4772,3860548,72,0,Regular Delivery,"08, Venkatesh Ganj, Sambalpur-116202",20-07-2025
1515,Hyderabad,Madhapur,Biryani Pizza Zone,"Italian, Arabian, North Indian, Burgers",990,4.7,9637,3141,3109590,33,20,Swiggy Genie,"11, Baral Marg, Ghaziabad-569581",29-04-2026
1516,Chennai,OMR,Cafe North Indian Factory,Italian,519,3.1,6514,1078,559482,21,10,Regular Delivery,"56/279, Tara Zila, Hajipur-293512",13-09-2025
1517,Hyderabad,Hitech City,Tandoori Pizza Grill,North Indian,1091,3.4,10639,2943,3210813,75,30,Swiggy Genie,"H.No. 64, Rajan Ganj, Unnao 868960",10-04-2026
1518,Hyderabad,Banjara Hills,Cafe Seafood Zone,South Indian,326,4.6,11800,2401,782726,27,0,Swiggy One,"240, Cheema Circle, Bangalore-414110",02-03-2026
1519,Bangalore,Indiranagar,Tandoori Mughlai Point,"Fast Food, Bakery, Desserts",822,4.8,13076,1764,1450008,70,50,Swiggy One,"57/900, Sant, Tirunelveli-793475",11-07-2025
1520,Mumbai,Bandra,Express Mughlai Grill,"Chinese, Biryani, Bakery, Burgers",622,3.2,4014,138,85836,71,0,Regular Delivery,"H.No. 767, Venkatesh Nagar, Yamunanagar 637197",19-01-2026
1521,Chennai,OMR,House Arabian World,"Andhra, South Indian, Burgers",624,3,5527,3156,1969344,75,40,Swiggy Genie,"846, Chana Ganj, Chapra 858489",08-08-2025
1522,Delhi,Dwarka,Royal Biryani Treats,"Bakery, Burgers",714,3.3,11172,1177,840378,59,0,Regular Delivery,"92/51, Apte Path, Jhansi 844479",19-01-2026
1523,Hyderabad,Banjara Hills,Express Andhra Treats,"Burgers, Desserts, North Indian, Chinese",959,2.8,4135,4349,4170691,38,15,Swiggy Genie,"52/25, Sastry Zila, Panvel 087565",04-11-2025
1524,Mumbai,Powai,House Andhra Point,"Chinese, Andhra, Bakery",191,4.7,10264,2728,521048,64,50,Regular Delivery,"07/200, Hayer Nagar, Siliguri 469548",11-12-2025
1525,Hyderabad,Kukatpally,Spice Bakery Point,"Andhra, Healthy Food, Pizza",196,3.2,9228,1188,232848,54,0,Swiggy One,"15, Zachariah Circle, Katni-301026",02-12-2025
1526,Hyderabad,Madhapur,Tandoori Andhra Corner,"Pizza, Desserts, Fast Food",1162,4.6,4363,2296,2667952,60,25,Swiggy One,"55, Bir Marg, Tirunelveli 232775",07-03-2026
1527,Bangalore,Jayanagar,Tandoori North Indian Grill,"Seafood, Mughlai",963,4,785,3374,3249162,46,50,Swiggy One,"32, Kapoor Road, Bhilwara 788543",09-04-2026
1528,Delhi,Connaught Place,Express Ice Cream Grill,"Burgers, Ice Cream",1162,3.8,4467,2952,3430224,75,30,Swiggy Genie,"19/773, Kant Zila, Mangalore 117731",07-05-2026
1529,Hyderabad,Kukatpally,Kitchen Ice Cream Junction,"Pizza, Andhra, Desserts, South Indian",163,4.1,7010,945,154035,71,10,Swiggy One,"752, Sani Ganj, Bhopal 939463",10-05-2026
1530,Chennai,Anna Nagar,Delight Chinese Zone,"Arabian, Biryani",1130,3.2,7748,4274,4829620,48,30,Swiggy Genie,"H.No. 164, Garg Ganj, Madhyamgram-948034",06-04-2026
1531,Hyderabad,Gachibowli,Spice Ice Cream Point,"Arabian, Mughlai, Desserts, Andhra",596,4.3,9963,2939,1751644,20,10,Swiggy Genie,"55/792, Anand Chowk, Kadapa 224346",31-03-2026
1532,Delhi,Dwarka,Express Pizza Treats,Burgers,392,3.5,12952,2226,872592,30,0,Swiggy Genie,"28/42, Sen Marg, Rajkot-934124",05-11-2025
1533,Hyderabad,Gachibowli,Cafe Bakery World,South Indian,1065,3.1,4449,623,663495,68,25,Swiggy Genie,"49/778, Bawa Street, Salem-915223",10-06-2025
1534,Bangalore,Whitefield,Urban Ice Cream Factory,"Biryani, Arabian, Healthy Food",611,4.6,10588,4034,2464774,24,0,Regular Delivery,"49/714, Tak, Asansol-773302",05-12-2025
1535,Delhi,Karol Bagh,Urban Ice Cream Zone,Pizza,1073,2.9,12013,1317,1413141,67,50,Regular Delivery,"61/181, Kaul Road, Agra-583141",10-08-2025
1536,Mumbai,Powai,Royal Healthy Food Palace,"Fast Food, Chinese, Italian, Burgers",415,3.2,279,1492,619180,36,20,Swiggy One,"H.No. 483, Behl Ganj, Udaipur-141335",03-06-2025
1537,Bangalore,BTM Layout,Tandoori Arabian Treats,South Indian,1196,3.7,11314,491,587236,44,20,Swiggy One,"91/83, Desai Road, Danapur-623850",07-08-2025
1538,Bangalore,Indiranagar,Spice Pizza Hub,"Italian, Bakery, Seafood, Chinese",185,4,12820,3282,607170,70,20,Swiggy One,"64, Shenoy Chowk, Barasat-896562",01-06-2025
1539,Hyderabad,Madhapur,Delight North Indian Hub,"Fast Food, Healthy Food, Ice Cream",814,3.8,9960,570,463980,40,0,Swiggy Genie,"84, Reddy Marg, Mysore 169598",21-04-2026
1540,Mumbai,Bandra,Delight North Indian Hub,"Seafood, Mughlai",1064,3.3,7610,363,386232,25,20,Regular Delivery,"20/609, Singhal, Sangli-Miraj & Kupwad-118461",30-08-2025
1541,Mumbai,Bandra,Tandoori Mughlai Grill,"Chinese, South Indian",204,4.4,7793,4140,844560,24,40,Swiggy Genie,"84/573, Kaul Zila, Khora -847091",19-02-2026
1542,Hyderabad,Madhapur,Biryani Ice Cream Treats,Ice Cream,349,4.9,1867,4562,1592138,56,15,Swiggy Genie,"H.No. 26, Sodhi Nagar, Morbi-314834",25-01-2026
1543,Mumbai,Andheri,Spice Pizza Junction,"Ice Cream, Pizza, Biryani, Fast Food",737,3.4,12936,3033,2235321,28,15,Swiggy Genie,"07, Verma Road, Ratlam-732264",31-03-2026
1544,Bangalore,Whitefield,Biryani Burgers Junction,Pizza,672,4.4,2375,4858,3264576,66,0,Swiggy One,"40/959, Khalsa Road, Durg-744819",21-01-2026
1545,Chennai,Adyar,Tandoori Burgers Treats,"Burgers, Fast Food, Arabian, North Indian",843,3.5,3730,3430,2891490,28,50,Swiggy Genie,"741, Shanker Marg, Panvel-816575",30-06-2025
1546,Mumbai,Lower Parel,Street Bakery Factory,"North Indian, Seafood, Chinese",838,3,657,950,796100,28,10,Regular Delivery,"202, Deol Chowk, Imphal-030533",09-09-2025
1547,Bangalore,Koramangala,Food Mughlai Palace,Burgers,967,3.3,9159,1119,1082073,47,40,Swiggy Genie,"79/80, Chaudhuri Circle, Pune-148836",09-11-2025
1548,Mumbai,Dadar,Express Ice Cream Palace,North Indian,1054,3.3,8425,3670,3868180,67,20,Regular Delivery,"78/463, Ramesh Marg, Dehri-740772",07-08-2025
1549,Delhi,Connaught Place,Kitchen Arabian Grill,South Indian,387,3,4977,3386,1310382,22,0,Regular Delivery,"H.No. 382, Dhillon Path, Munger 888556",09-02-2026
1550,Delhi,Saket,Biryani Desserts Palace,"Pizza, Andhra, Biryani, Mughlai",670,3.9,4480,4210,2820700,48,0,Swiggy Genie,"778, Rattan Street, Ranchi 808664",21-02-2026
1551,Bangalore,Indiranagar,Urban North Indian Corner,"Seafood, Pizza, Fast Food, Chinese",255,4.9,3315,1295,330225,67,50,Swiggy Genie,"H.No. 603, Saha, Hubli–Dharwad 851429",12-02-2026
1552,Chennai,T Nagar,Tandoori North Indian Hub,Fast Food,162,2.8,8553,2469,399978,44,20,Regular Delivery,"09, Savant Zila, Karawal Nagar 374702",10-04-2026
1553,Mumbai,Dadar,Spice North Indian Zone,"Biryani, Arabian",1187,4,12799,1073,1273651,56,10,Swiggy One,"00/749, Hari Street, Meerut-524162",26-04-2026
1554,Bangalore,Whitefield,Delight Chinese Treats,North Indian,431,4.5,2325,1731,746061,63,50,Swiggy One,"64, Jani Street, Fatehpur 604833",10-11-2025
1555,Delhi,Rohini,Cafe Seafood Palace,"South Indian, Fast Food, North Indian, Ice Cream",288,4.8,14248,4012,1155456,55,40,Swiggy One,"78/874, Gaba Nagar, Raiganj 995685",02-06-2025
1556,Mumbai,Bandra,Spice Ice Cream Junction,South Indian,630,3.7,14636,3730,2349900,26,20,Swiggy Genie,"54/299, Raj Path, Udaipur-082005",04-10-2025
1557,Bangalore,Jayanagar,Royal Bakery Palace,Seafood,795,3.9,12489,1309,1040655,56,25,Swiggy Genie,"86, Khatri Zila, Tiruppur-242069",19-05-2026
1558,Hyderabad,Kukatpally,Biryani Fast Food Factory,Chinese,609,3.4,6785,2714,1652826,21,50,Swiggy One,"50/552, Dube Circle, Nagaon-711421",11-05-2026
1559,Delhi,Rohini,Street Mughlai Treats,"Arabian, Healthy Food, Bakery",1024,3.1,929,4589,4699136,26,0,Swiggy Genie,"449, Bhargava Street, Alappuzha-316662",16-02-2026
1560,Chennai,Anna Nagar,Express Pizza Corner,"Chinese, Bakery",575,3.9,9822,89,51175,69,25,Swiggy Genie,"25, Tailor Road, Kharagpur 306233",22-10-2025
1561,Mumbai,Bandra,Express Chinese World,Bakery,656,4.2,14874,1942,1273952,28,50,Swiggy One,"61, Kapadia Marg, Guntur-096477",30-03-2026
1562,Hyderabad,Banjara Hills,Biryani Italian Hub,"Burgers, Italian, Biryani",137,3.4,2662,4667,639379,59,10,Swiggy Genie,"34/33, Sha Marg, Thanjavur-787192",20-10-2025
1563,Delhi,Karol Bagh,House Andhra Point,Biryani,481,4.5,5413,2429,1168349,42,0,Regular Delivery,"H.No. 50, Tara Nagar, Navi Mumbai-793244",26-06-2025
1564,Mumbai,Andheri,Kitchen Burgers Junction,South Indian,233,3.4,6741,778,181274,21,0,Swiggy Genie,"H.No. 036, Bandi Road, Mahbubnagar 004636",03-02-2026
1565,Delhi,Saket,Spice Chinese Corner,"Italian, South Indian",530,4.9,2133,642,340260,56,40,Swiggy One,"18, Randhawa Zila, Bidar 191089",25-09-2025
1566,Bangalore,Indiranagar,Express Bakery Hub,Ice Cream,1139,4.3,7180,1918,2184602,68,30,Regular Delivery,"73/002, Shere, Jehanabad-016321",09-11-2025
1567,Chennai,T Nagar,Urban Pizza World,"South Indian, Italian, Pizza, Seafood",978,4.9,14011,3216,3145248,60,25,Swiggy Genie,"815, Sami Road, Maheshtala-964768",09-08-2025
1568,Bangalore,Jayanagar,Tandoori North Indian Factory,Seafood,1142,4.3,13133,2612,2982904,60,20,Swiggy One,"H.No. 61, Sankar, Mango 638485",28-11-2025
1569,Hyderabad,Kukatpally,Food Chinese World,"Bakery, Ice Cream",959,3.9,2723,1113,1067367,40,10,Swiggy One,"91, Karpe Marg, Adoni-553000",19-08-2025
1570,Hyderabad,Banjara Hills,Cafe Mughlai Factory,"North Indian, Ice Cream, Fast Food, Andhra",939,4.8,14073,707,663873,28,25,Regular Delivery,"15/261, Venkatesh Path, Chapra-886345",18-02-2026
1571,Mumbai,Dadar,Kitchen Italian Point,"Ice Cream, Mughlai, Arabian, Pizza",446,4,10521,203,90538,33,30,Swiggy Genie,"63, Goyal Marg, Narasaraopet 093708",24-11-2025
1572,Mumbai,Andheri,Urban Desserts Factory,"Healthy Food, Pizza, Chinese",676,4.5,5089,3514,2375464,23,25,Regular Delivery,"H.No. 43, Khosla Nagar, Sasaram-390739",24-05-2026
1573,Mumbai,Lower Parel,Royal Seafood Treats,"Biryani, Chinese",637,4.1,12357,3003,1912911,42,15,Swiggy One,"317, Deo Nagar, Ambattur 615570",16-06-2025
1574,Delhi,Saket,House Ice Cream Palace,Mughlai,300,4.4,1706,1682,504600,62,50,Regular Delivery,"516, Sandal Chowk, Bellary-175493",15-01-2026
1575,Delhi,Connaught Place,Spice Andhra Junction,"Italian, Biryani",748,3.3,11144,4179,3125892,57,25,Regular Delivery,"34/39, Bir Marg, Sambhal 252835",10-05-2026
1576,Hyderabad,Madhapur,Food Mughlai Palace,"Andhra, Ice Cream, North Indian",157,3.5,1661,438,68766,72,10,Swiggy Genie,"25/418, Gera Nagar, Gopalpur 475139",18-02-2026
1577,Bangalore,Indiranagar,Cafe Ice Cream Point,"Arabian, Biryani, Seafood",501,3.3,530,497,248997,27,40,Swiggy One,"158, Dani Street, Morbi-561794",25-08-2025
1578,Delhi,Rohini,Urban Biryani Zone,"North Indian, Andhra, Biryani, Desserts",908,2.9,1007,591,536628,32,15,Regular Delivery,"17, Gokhale, Mangalore 543321",28-01-2026
1579,Hyderabad,Madhapur,Street South Indian Hub,"South Indian, Healthy Food, Italian, Mughlai",549,3.4,7829,2051,1125999,72,10,Swiggy Genie,"97/248, Grewal Zila, Gaya 567565",11-05-2026
1580,Mumbai,Andheri,Royal Mughlai Corner,"Andhra, North Indian, Mughlai, Bakery",846,4.2,10156,4236,3583656,68,0,Swiggy One,"35/719, Boase Circle, Ajmer-425159",01-12-2025
1581,Bangalore,Jayanagar,Biryani Bakery Hub,"Italian, Andhra, Ice Cream",366,3,7218,2846,1041636,41,20,Regular Delivery,"46/77, Kunda Circle, Bathinda-222687",16-05-2026
1582,Hyderabad,Madhapur,Urban Italian Zone,Healthy Food,127,3.8,12819,1937,245999,49,0,Swiggy One,"60/810, Rege Circle, Lucknow 242360",30-03-2026
1583,Bangalore,Whitefield,Spice Biryani Grill,Andhra,1082,4.8,2583,4960,5366720,28,20,Regular Delivery,"691, Khosla, Allahabad 134923",22-02-2026
1584,Mumbai,Powai,Tandoori Healthy Food Factory,"Healthy Food, Mughlai, South Indian, Ice Cream",584,2.9,14440,137,80008,46,10,Swiggy Genie,"53/79, Balakrishnan Marg, Tadepalligudem 351590",01-07-2025
1585,Chennai,OMR,Biryani Italian Zone,Bakery,184,2.8,10721,1670,307280,36,25,Swiggy Genie,"06/25, Dey Zila, Chennai 592047",02-03-2026
1586,Hyderabad,Banjara Hills,Royal Mughlai Grill,"Burgers, Andhra",197,4.5,6348,4597,905609,58,40,Swiggy One,"51/81, Bobal Path, Sangli-Miraj & Kupwad 571334",20-10-2025
1587,Mumbai,Powai,Kitchen Bakery Point,"Healthy Food, North Indian, Fast Food, Mughlai",1014,4.1,1989,1243,1260402,35,30,Swiggy Genie,"H.No. 598, Chana Chowk, Secunderabad-316927",16-04-2026
1588,Chennai,Anna Nagar,Street Pizza Treats,Andhra,268,2.8,208,3061,820348,33,20,Swiggy Genie,"H.No. 468, Behl Marg, Eluru 985816",02-04-2026
1589,Delhi,Karol Bagh,Tandoori Biryani Grill,"Arabian, Andhra",574,4,4777,4203,2412522,54,25,Swiggy Genie,"H.No. 813, Krish Chowk, Bihar Sharif-917129",25-08-2025
1590,Hyderabad,Madhapur,Royal Andhra Grill,Arabian,272,4.5,5233,463,125936,74,20,Swiggy Genie,"116, Balan Chowk, Tadepalligudem-581843",03-07-2025
1591,Bangalore,Koramangala,Kitchen Bakery Zone,Mughlai,914,4.3,6673,1973,1803322,65,20,Regular Delivery,"H.No. 56, Dash Path, Eluru-014450",12-07-2025
1592,Delhi,Karol Bagh,Royal Chinese Hub,"Arabian, Ice Cream",787,2.8,1991,4165,3277855,68,25,Swiggy One,"H.No. 968, Sama Marg, Solapur 275853",21-08-2025
1593,Chennai,Velachery,Kitchen Desserts Zone,"Andhra, Healthy Food, South Indian, Burgers",810,3.5,12582,1200,972000,75,10,Regular Delivery,"27/207, Gulati, Suryapet-947534",22-11-2025
1594,Bangalore,Whitefield,Tandoori Bakery Grill,"Seafood, Mughlai, South Indian, Chinese",1139,3.9,5642,1347,1534233,43,25,Swiggy One,"H.No. 732, Lalla Ganj, Silchar 046337",20-08-2025
1595,Bangalore,Jayanagar,Spice Pizza Palace,"Burgers, Biryani, Bakery, Fast Food",719,3.7,12143,2375,1707625,73,30,Swiggy One,"310, Agrawal Zila, Begusarai 977629",04-07-2025
1596,Mumbai,Dadar,Royal Italian Point,"South Indian, Burgers",175,3.8,1051,1083,189525,72,50,Swiggy One,"36/625, Chacko, Allahabad-476333",12-10-2025
1597,Mumbai,Powai,Spice Fast Food Point,"Desserts, Healthy Food, Seafood, Bakery",1116,3.5,3789,1601,1786716,53,0,Swiggy One,"85/65, Bora Zila, Bahraich-695747",28-02-2026
1598,Chennai,Anna Nagar,House Burgers Treats,"Seafood, Bakery, Desserts",222,3.1,2880,3311,735042,41,25,Regular Delivery,"39/40, Reddy Ganj, Berhampore-376454",17-12-2025
1599,Delhi,Dwarka,Express Arabian Hub,"Italian, Chinese",1038,3.7,4157,3728,3869664,28,0,Regular Delivery,"H.No. 64, Mammen Ganj, Malda-740490",28-02-2026
1600,Mumbai,Bandra,Cafe Fast Food Factory,"Healthy Food, South Indian",546,4.3,6618,1213,662298,50,40,Swiggy One,"H.No. 23, Char Zila, Jamshedpur-641620",18-10-2025
1601,Delhi,Saket,Express Healthy Food Grill,"Andhra, Bakery",226,3.7,11057,2236,505336,64,0,Regular Delivery,"H.No. 98, Sodhi Chowk, Khora -250770",24-10-2025
1602,Delhi,Dwarka,Cafe Seafood Factory,"Burgers, North Indian",601,3.3,5732,4379,2631779,70,0,Regular Delivery,"74/377, Sant Road, Rampur 404030",11-02-2026
1603,Hyderabad,Banjara Hills,Royal Seafood Grill,"Andhra, Bakery",1040,3.7,4266,2654,2760160,69,0,Swiggy Genie,"16/23, Raju Path, Bhalswa Jahangir Pur 978606",22-08-2025
1604,Chennai,Adyar,Delight Italian World,"South Indian, Bakery, Desserts, Ice Cream",814,3.5,2651,4886,3977204,47,10,Regular Delivery,"45/78, Varty Road, Durg-916696",21-02-2026
1605,Bangalore,Indiranagar,Kitchen Fast Food Treats,"Pizza, Andhra, Chinese",386,3.8,3429,1522,587492,31,0,Swiggy Genie,"H.No. 49, Sankar, Karaikudi-613763",22-07-2025
1606,Hyderabad,Banjara Hills,Royal Italian Factory,Biryani,1123,3.7,2027,3544,3979912,51,10,Swiggy Genie,"H.No. 909, Choudhary Circle, Secunderabad 669691",17-02-2026
1607,Bangalore,Koramangala,Street Ice Cream Zone,"Bakery, South Indian",947,4,3862,1519,1438493,22,30,Swiggy Genie,"68, Chad Zila, Ranchi-169038",10-03-2026
1608,Mumbai,Lower Parel,Delight Burgers Corner,Fast Food,180,4.7,12286,863,155340,46,0,Swiggy One,"84, Kala Street, Nashik-831584",12-11-2025
1609,Hyderabad,Banjara Hills,Spice Andhra Zone,"Healthy Food, Andhra, South Indian",171,4.6,7432,1849,316179,49,0,Swiggy Genie,"192, Jayaraman Street, Jalgaon-129965",03-06-2025
1610,Mumbai,Bandra,Spice South Indian Palace,"South Indian, Italian, Burgers, Seafood",526,3.2,6820,1583,832658,73,50,Swiggy One,"H.No. 75, Suri Road, Bhatpara-389225",20-12-2025
1611,Chennai,Adyar,Kitchen Burgers Grill,"Biryani, Andhra",690,4.4,7148,4503,3107070,35,0,Swiggy Genie,"H.No. 664, Gaba Nagar, Nangloi Jat-818297",11-06-2025
1612,Delhi,Connaught Place,Biryani Seafood Point,"Seafood, Pizza, North Indian, Chinese",568,4.4,3734,1374,780432,28,50,Swiggy One,"H.No. 715, Seth Street, Panvel 841929",07-11-2025
1613,Hyderabad,Hitech City,Delight Biryani Treats,Burgers,575,3.5,832,567,326025,39,40,Swiggy Genie,"H.No. 92, Madan Street, Panvel-139704",13-03-2026
1614,Mumbai,Dadar,Kitchen Burgers Zone,"Mughlai, Seafood, Burgers, Chinese",742,3.5,3415,2249,1668758,57,50,Regular Delivery,"12/286, Jani Chowk, Jalgaon 652410",26-09-2025
1615,Delhi,Karol Bagh,Cafe North Indian Zone,Italian,1010,3.4,95,3056,3086560,46,50,Swiggy One,"46/42, Dixit Nagar, Erode 709909",02-12-2025
1616,Bangalore,Indiranagar,House Biryani Grill,North Indian,471,4,2768,3122,1470462,31,10,Swiggy One,"48, Saraf Circle, Delhi 757678",08-11-2025
1617,Hyderabad,Hitech City,Street South Indian Grill,Ice Cream,581,3.2,2620,2105,1223005,42,20,Swiggy Genie,"H.No. 24, Chada Circle, Dharmavaram 133648",17-07-2025
1618,Hyderabad,Madhapur,Royal South Indian Corner,"Desserts, Burgers",886,4.7,13245,566,501476,41,30,Swiggy Genie,"H.No. 472, Sibal, Kolkata-900273",20-05-2026
1619,Delhi,Saket,Cafe South Indian Junction,"Arabian, Burgers, Mughlai",949,4,13372,1785,1693965,55,25,Regular Delivery,"H.No. 045, Biswas, Ichalkaranji-789358",04-12-2025
1620,Hyderabad,Gachibowli,Tandoori Mughlai Corner,"Burgers, Pizza",993,3.1,13351,2921,2900553,54,0,Regular Delivery,"12, Boase, Darbhanga-628185",25-07-2025
1621,Delhi,Saket,Street Ice Cream Point,Pizza,451,4.6,992,4982,2246882,48,30,Swiggy One,"H.No. 78, Kari Chowk, Raiganj 741069",06-03-2026
1622,Chennai,OMR,Urban Desserts World,"South Indian, Healthy Food",942,3.2,7932,4896,4612032,49,25,Swiggy One,"H.No. 94, Varughese Path, Kadapa-434652",20-09-2025
1623,Chennai,Velachery,Food Burgers Grill,North Indian,669,4.1,9329,2880,1926720,33,50,Regular Delivery,"H.No. 91, Ramakrishnan Street, Naihati 783446",19-07-2025
1624,Bangalore,Jayanagar,Kitchen Chinese Junction,"Burgers, Fast Food",324,3.8,3853,1129,365796,66,40,Swiggy One,"754, Batta Marg, Tiruppur-359786",16-07-2025
1625,Chennai,Adyar,Express Mughlai Palace,"Pizza, Seafood, Andhra",904,3,14889,3567,3224568,29,0,Swiggy Genie,"540, Magar Road, Burhanpur-902576",14-09-2025
1626,Mumbai,Bandra,Delight Burgers Zone,North Indian,670,3.5,2301,1645,1102150,37,0,Swiggy Genie,"80/066, Mall Chowk, Tirunelveli 656055",27-03-2026
1627,Bangalore,BTM Layout,Biryani North Indian Factory,"Desserts, Andhra, Burgers",312,3.4,11843,902,281424,69,15,Regular Delivery,"H.No. 11, Ramaswamy Zila, Hospet 194528",18-02-2026
1628,Bangalore,Koramangala,Kitchen Healthy Food Grill,"South Indian, Ice Cream",1064,4.1,4325,3146,3347344,49,15,Regular Delivery,"180, Kadakia Circle, Satara 948823",26-01-2026
1629,Chennai,Velachery,Express Desserts Palace,"Chinese, Ice Cream",778,4.3,8892,4919,3826982,70,10,Swiggy Genie,"H.No. 67, Acharya Ganj, Deoghar-077315",15-10-2025
1630,Bangalore,Koramangala,House Mughlai Grill,"Healthy Food, North Indian, Fast Food, Desserts",526,4.8,14478,4904,2579504,35,15,Regular Delivery,"H.No. 79, Raju Road, Satna-310166",05-07-2025
1631,Delhi,Dwarka,Delight South Indian Corner,"Biryani, Burgers, Andhra",816,3.8,8944,3629,2961264,62,25,Swiggy One,"93/91, Arya Marg, Erode-537673",14-12-2025
1632,Bangalore,Jayanagar,Express Fast Food Zone,"Bakery, Healthy Food, Ice Cream",471,4.8,5303,3994,1881174,64,40,Swiggy Genie,"95/59, Rattan Nagar, Bhilwara-036373",10-03-2026
1633,Mumbai,Bandra,Food Healthy Food Corner,Ice Cream,464,3.6,3600,3137,1455568,75,30,Swiggy Genie,"H.No. 736, Lal Street, Karawal Nagar 062529",04-11-2025
1634,Delhi,Dwarka,Urban Bakery Hub,"Burgers, Chinese",337,3.9,5828,1456,490672,66,40,Swiggy One,"619, Jain Chowk, Guntakal-981540",19-05-2026
1635,Mumbai,Bandra,Urban North Indian Point,"Fast Food, Arabian, Mughlai, Pizza",467,4.5,4075,2434,1136678,37,10,Regular Delivery,"915, Buch Chowk, Mau 696936",16-01-2026
1636,Delhi,Saket,Delight Andhra Treats,North Indian,468,4.5,7314,3437,1608516,22,15,Swiggy One,"58/444, Dora Chowk, Thiruvananthapuram-774685",07-08-2025
1637,Bangalore,Koramangala,Food Fast Food Corner,"South Indian, Arabian, Burgers",256,3.8,4720,233,59648,61,0,Regular Delivery,"08/290, Sachar Zila, Ozhukarai-042085",23-07-2025
1638,Hyderabad,Hitech City,Cafe Chinese Grill,South Indian,569,3.3,12551,1181,671989,32,15,Swiggy Genie,"42, Kurian Ganj, Chittoor 079259",04-06-2025
1639,Chennai,Adyar,Delight Desserts Treats,Chinese,131,4.3,6929,3859,505529,21,15,Swiggy One,"H.No. 28, Walia Path, Udupi-287453",25-10-2025
1640,Bangalore,Koramangala,Cafe Andhra Hub,"Ice Cream, Fast Food, South Indian, Seafood",1090,4.8,14309,2385,2599650,28,40,Swiggy Genie,"75/07, Sekhon, Lucknow 174159",12-03-2026
1641,Delhi,Karol Bagh,Delight Seafood Junction,North Indian,1068,3.2,4496,3722,3975096,47,10,Swiggy One,"891, Roy Zila, Chennai-191872",28-02-2026
1642,Hyderabad,Gachibowli,Tandoori Andhra Point,Fast Food,145,4.2,13035,2399,347855,59,25,Regular Delivery,"079, Randhawa Nagar, Kirari Suleman Nagar 155782",08-01-2026
1643,Bangalore,Whitefield,Royal Mughlai Factory,"Pizza, Biryani, Bakery",685,4.7,4763,3846,2634510,27,20,Swiggy Genie,"H.No. 34, Vohra Marg, Khandwa-410121",16-09-2025
1644,Mumbai,Dadar,Spice Andhra Junction,"Bakery, Desserts, Fast Food, Mughlai",634,4.1,3000,2352,1491168,59,0,Swiggy One,"12/723, Gara Path, Nadiad 600580",02-10-2025
1645,Bangalore,Whitefield,Express Italian Hub,"Seafood, South Indian, Ice Cream",297,4.6,8150,1492,443124,59,20,Swiggy One,"02, Dixit Road, Bally-879975",01-04-2026
1646,Hyderabad,Madhapur,Tandoori Italian Palace,"Arabian, Ice Cream",666,4.4,1324,1458,971028,69,50,Swiggy Genie,"87, Cherian Road, Raiganj 535702",04-03-2026
1647,Chennai,T Nagar,Food Ice Cream World,"Seafood, Mughlai, Biryani, Ice Cream",142,3.1,14372,1926,273492,38,30,Swiggy One,"77, Cheema Nagar, Raebareli 013463",18-07-2025
1648,Hyderabad,Banjara Hills,Cafe Italian Corner,Ice Cream,525,3.9,12074,597,313425,65,25,Regular Delivery,"256, Sura, Panchkula-387880",09-11-2025
1649,Bangalore,BTM Layout,Biryani Seafood World,"Desserts, Ice Cream, Andhra",668,3.2,6453,2000,1336000,66,25,Swiggy One,"H.No. 565, Sagar Marg, Ranchi-974367",30-03-2026
1650,Delhi,Rohini,Delight Desserts World,South Indian,279,3.3,7051,4083,1139157,23,25,Regular Delivery,"75, Tripathi Zila, Bhilai 454335",19-10-2025
1651,Mumbai,Andheri,Express Ice Cream Palace,"Desserts, Healthy Food, Ice Cream",554,3.8,6541,754,417716,66,40,Regular Delivery,"575, Anne Ganj, Bally-686107",17-06-2025
1652,Mumbai,Powai,Urban Mughlai Junction,"Ice Cream, Italian, Fast Food, Desserts",947,4,13306,3092,2928124,70,10,Regular Delivery,"465, Bhatti Ganj, Eluru-519260",13-12-2025
1653,Chennai,Anna Nagar,Kitchen Healthy Food Corner,"South Indian, North Indian, Chinese",345,2.8,8520,415,143175,39,30,Regular Delivery,"98/317, Varty Road, Thrissur-395910",26-08-2025
1654,Mumbai,Lower Parel,Food Andhra Hub,"North Indian, Pizza, Biryani, Burgers",811,4.7,3783,3718,3015298,65,20,Swiggy One,"46/305, Dugar Path, Panihati-783845",08-04-2026
1655,Mumbai,Lower Parel,Food Healthy Food World,"Fast Food, North Indian",552,2.8,6678,4569,2522088,50,10,Swiggy Genie,"497, Venkatesh Marg, Ulhasnagar-045392",11-07-2025
1656,Hyderabad,Gachibowli,Delight Ice Cream Point,"Andhra, Italian, Healthy Food, Desserts",153,4.4,7457,2775,424575,52,40,Swiggy Genie,"H.No. 646, Sahota Street, Munger-620984",18-09-2025
1657,Delhi,Karol Bagh,Kitchen Fast Food Grill,Mughlai,969,3.2,11186,4299,4165731,72,15,Regular Delivery,"835, Arya Marg, Bhilwara 242892",06-03-2026
1658,Delhi,Rohini,House Seafood Hub,"Mughlai, North Indian, Bakery, Burgers",739,4,2327,3810,2815590,73,10,Swiggy Genie,"69/625, Hans Marg, Coimbatore 241376",15-12-2025
1659,Chennai,OMR,House Italian Hub,"Chinese, Ice Cream, Andhra, Fast Food",953,3.6,3110,651,620403,73,0,Swiggy One,"H.No. 999, Karpe Road, Serampore-105552",24-03-2026
1660,Hyderabad,Hitech City,Tandoori Burgers Zone,Healthy Food,284,4.2,9333,4098,1163832,72,15,Swiggy Genie,"87, Gupta Path, Gaya-424638",11-01-2026
1661,Delhi,Saket,Tandoori Italian Point,"Seafood, Italian, Mughlai, Biryani",1057,4.3,149,2602,2750314,54,40,Regular Delivery,"H.No. 06, Brahmbhatt Street, Katni 366412",24-05-2026
1662,Chennai,Velachery,Cafe Desserts Point,"Arabian, Chinese, North Indian, Biryani",606,4.8,5005,1005,609030,63,0,Swiggy One,"83, Master Road, Nagpur-553187",10-06-2025
1663,Chennai,OMR,Urban Chinese Grill,"Italian, North Indian, Fast Food, Arabian",816,4.5,7245,3093,2523888,32,0,Swiggy One,"49/731, Reddy Chowk, Erode-667320",10-10-2025
1664,Delhi,Rohini,Express Ice Cream Junction,"Ice Cream, Biryani",231,4.3,12875,3896,899976,75,10,Regular Delivery,"076, Subramanian Path, Mirzapur 494635",21-10-2025
1665,Delhi,Connaught Place,Food Mughlai Palace,"Healthy Food, Ice Cream, Andhra, North Indian",574,4.2,5681,923,529802,61,0,Swiggy One,"669, Bedi Ganj, Nashik 151156",03-07-2025
1666,Chennai,OMR,Spice Fast Food World,"Chinese, Burgers",214,3,941,3457,739798,58,15,Regular Delivery,"45, Sanghvi Path, Anantapuram 838402",05-04-2026
1667,Chennai,Anna Nagar,House South Indian Zone,"South Indian, Biryani, North Indian, Ice Cream",254,3.8,6638,5000,1270000,29,15,Swiggy One,"H.No. 21, Bala Chowk, Hajipur-922894",09-06-2025
1668,Delhi,Saket,Biryani North Indian Hub,"Arabian, Andhra, Ice Cream",1057,3.1,8367,4708,4976356,62,30,Swiggy Genie,"424, Ramanathan Path, Madhyamgram-587539",06-05-2026
1669,Mumbai,Powai,Food North Indian Treats,Chinese,350,4.3,14542,1484,519400,44,10,Swiggy One,"H.No. 332, Bawa Marg, Mira-Bhayandar-451808",26-06-2025
1670,Mumbai,Dadar,Spice Pizza Hub,"North Indian, Ice Cream",611,4.1,7525,3531,2157441,23,15,Swiggy Genie,"42, Shenoy Street, Machilipatnam 322516",07-01-2026
1671,Chennai,T Nagar,Delight Mughlai Corner,"Fast Food, Burgers, Mughlai",638,3.5,8601,128,81664,63,50,Swiggy Genie,"22/427, Kumer Street, Dhule 460512",26-10-2025
1672,Hyderabad,Madhapur,House Bakery Junction,"Pizza, Healthy Food, Chinese",955,4.1,9643,1905,1819275,25,15,Swiggy One,"H.No. 56, Solanki Path, Dibrugarh 714275",23-10-2025
1673,Chennai,Velachery,Express Ice Cream Grill,Burgers,1044,3.7,13425,2127,2220588,65,0,Regular Delivery,"H.No. 00, Biswas Road, Srinagar-322481",14-11-2025
1674,Mumbai,Dadar,Street Desserts Treats,Pizza,771,3.1,12581,424,326904,64,25,Swiggy One,"88/909, Sangha Path, Ichalkaranji-723642",10-09-2025
1675,Chennai,Velachery,Cafe Italian Factory,"Ice Cream, Healthy Food, Mughlai, South Indian",690,4.2,4032,2308,1592520,75,40,Regular Delivery,"520, Hora, Baranagar-565811",02-07-2025
1676,Delhi,Saket,Cafe Italian World,Bakery,629,3.9,4579,3447,2168163,65,40,Swiggy Genie,"H.No. 958, Ravi Zila, Mathura 070412",19-08-2025
1677,Hyderabad,Gachibowli,Food Mughlai World,"Andhra, North Indian",955,3.4,1257,4843,4625065,28,30,Swiggy One,"H.No. 792, Sule Ganj, Bhiwani 208580",08-11-2025
1678,Delhi,Dwarka,Spice Ice Cream Corner,"Pizza, Bakery",1194,3.6,2766,170,202980,46,15,Swiggy One,"H.No. 69, Raj Road, Bardhaman 023489",29-01-2026
1679,Mumbai,Dadar,Delight Andhra Corner,Italian,507,4.7,6226,4896,2482272,59,15,Regular Delivery,"H.No. 955, Dayal Path, Raurkela Industrial Township-425893",11-01-2026
1680,Delhi,Rohini,Express Healthy Food Treats,"Fast Food, Burgers",1174,3.8,8167,3128,3672272,48,15,Swiggy One,"96/54, Johal, Muzaffarpur 319051",03-02-2026
1681,Bangalore,Koramangala,Street Burgers Hub,Desserts,1191,4.8,13279,863,1027833,36,20,Swiggy One,"14, Chatterjee Path, Gandhidham-968336",01-11-2025
1682,Hyderabad,Hitech City,Urban Mughlai Hub,"Chinese, Healthy Food",180,2.8,1139,486,87480,38,25,Regular Delivery,"18/934, Balan Chowk, Ongole-227506",14-12-2025
1683,Mumbai,Dadar,Street Desserts Hub,"Chinese, Mughlai",702,4.3,9290,2541,1783782,24,20,Swiggy Genie,"H.No. 617, Kanda Ganj, Aligarh 824519",23-10-2025
1684,Bangalore,Indiranagar,Kitchen Pizza Hub,"Seafood, Chinese, Healthy Food, Ice Cream",1010,4.2,13694,2514,2539140,62,40,Swiggy Genie,"30/38, Jha Marg, Deoghar 865756",21-02-2026
1685,Hyderabad,Kukatpally,Delight Pizza Hub,Seafood,1182,3.2,5568,333,393606,73,20,Regular Delivery,"21, Kadakia Road, Arrah-643712",08-04-2026
1686,Mumbai,Dadar,Delight Mughlai Corner,"Biryani, Arabian, Pizza, Ice Cream",189,4.2,14096,4454,841806,43,40,Swiggy Genie,"H.No. 83, Dalal Street, Sirsa-726248",04-09-2025
1687,Bangalore,BTM Layout,Kitchen Andhra Treats,"Bakery, Biryani, Seafood, North Indian",325,4.8,7105,4014,1304550,56,30,Swiggy Genie,"14/619, Zachariah Path, Bellary 843992",08-01-2026
1688,Chennai,Anna Nagar,Kitchen Ice Cream Point,"Desserts, Mughlai, Pizza",454,3.5,1238,4029,1829166,62,20,Regular Delivery,"63/55, Salvi Street, Kolkata-095765",04-12-2025
1689,Delhi,Karol Bagh,Kitchen Healthy Food Junction,"Biryani, North Indian, Italian, Desserts",467,3,5778,3512,1640104,23,20,Swiggy Genie,"44, Gola Nagar, Adoni 569652",30-03-2026
1690,Delhi,Saket,Cafe Seafood Grill,Pizza,265,4,8498,1800,477000,50,20,Swiggy One,"10/315, Singhal Path, Agra 573678",13-04-2026
1691,Bangalore,Indiranagar,Street Ice Cream World,"Burgers, Mughlai, Pizza",706,4,51,4121,2909426,69,25,Swiggy One,"H.No. 06, Kala Ganj, Guna-155341",12-10-2025
1692,Bangalore,Whitefield,Royal North Indian World,"Pizza, Mughlai, Biryani, Burgers",966,3.5,12786,3940,3806040,68,10,Regular Delivery,"72, Roy Nagar, Kozhikode 914461",31-08-2025
1693,Bangalore,Jayanagar,Tandoori Burgers Zone,"Chinese, Desserts, Bakery",830,3,5811,2175,1805250,44,20,Swiggy Genie,"193, Bandi Chowk, Kakinada 117949",30-12-2025
1694,Delhi,Connaught Place,Express Chinese Point,"North Indian, Burgers, Italian",777,4.7,7453,3294,2559438,36,25,Regular Delivery,"89/442, Hayre Marg, Madanapalle 239384",27-08-2025
1695,Chennai,Velachery,Spice Healthy Food World,Mughlai,125,2.9,235,183,22875,57,20,Regular Delivery,"H.No. 54, Kanda Path, Gaya 044029",11-01-2026
1696,Chennai,T Nagar,Spice Desserts Grill,"Biryani, Ice Cream, Pizza",426,3.2,13227,1792,763392,54,0,Regular Delivery,"05/87, Khatri Path, Kavali-053645",13-09-2025
1697,Mumbai,Dadar,Express Bakery Zone,"South Indian, Biryani",937,4.2,4616,3723,3488451,60,0,Regular Delivery,"H.No. 837, Chahal Road, Sambalpur 181380",18-03-2026
1698,Delhi,Connaught Place,Urban Seafood Point,"Mughlai, Burgers",902,3.4,7215,1748,1576696,65,20,Regular Delivery,"99, Chhabra Road, Kharagpur-016673",02-12-2025
1699,Hyderabad,Kukatpally,Delight Italian Palace,"Pizza, Biryani, North Indian, Italian",659,4.6,8293,3618,2384262,52,0,Swiggy One,"H.No. 620, Date Road, Baranagar 665032",16-08-2025
1700,Bangalore,Jayanagar,House Biryani Grill,"South Indian, Arabian, Chinese, North Indian",309,3.9,11893,1901,587409,72,25,Swiggy Genie,"76, Ramakrishnan Path, Thane 901495",23-07-2025
1701,Bangalore,Indiranagar,Royal Biryani Factory,"Mughlai, Fast Food",684,4,9239,1415,967860,23,30,Swiggy One,"11/60, Tripathi Road, Howrah-584976",09-11-2025
1702,Hyderabad,Gachibowli,Delight Mughlai Hub,Biryani,724,4.9,13136,1282,928168,63,15,Swiggy Genie,"07/79, Sundaram Chowk, Danapur 891802",11-02-2026
1703,Chennai,Velachery,Biryani Ice Cream Palace,"North Indian, Desserts, Italian, Pizza",1103,4.3,12992,1691,1865173,23,15,Swiggy Genie,"35, Bhakta Chowk, Bhind 031694",14-08-2025
1704,Mumbai,Andheri,Delight Seafood Junction,"Mughlai, Bakery, South Indian",677,3.7,13037,3423,2317371,51,40,Swiggy Genie,"H.No. 947, Ganesan Nagar, Chapra 196914",07-04-2026
1705,Mumbai,Bandra,Delight Mughlai Hub,"Seafood, Bakery",864,3.3,272,683,590112,28,40,Regular Delivery,"00/193, Varma Zila, Kollam 887188",14-09-2025
1706,Delhi,Karol Bagh,Biryani Healthy Food Zone,Pizza,1038,2.8,14907,476,494088,44,40,Swiggy One,"439, Kumar Circle, Nellore 932240",09-10-2025
1707,Bangalore,Whitefield,Food Desserts Treats,"South Indian, Fast Food",137,3.6,2167,3593,492241,66,10,Swiggy One,"679, Wali Marg, Rajkot 457313",31-05-2025
1708,Bangalore,Jayanagar,Tandoori South Indian Grill,North Indian,362,4.9,1011,316,114392,71,20,Swiggy Genie,"742, Cheema Ganj, Jamshedpur-156871",14-02-2026
1709,Chennai,Velachery,Biryani Burgers Junction,Ice Cream,1062,4.4,9363,1974,2096388,49,30,Swiggy Genie,"H.No. 14, Gara Circle, Karimnagar-697026",06-11-2025
1710,Delhi,Saket,Express Andhra Hub,"South Indian, North Indian, Arabian, Bakery",392,4.6,7643,2498,979216,42,50,Regular Delivery,"66/14, Chhabra Zila, Begusarai 350968",02-09-2025
1711,Chennai,T Nagar,Street Arabian Palace,"Pizza, North Indian, Burgers",794,3.3,1533,4676,3712744,27,0,Swiggy Genie,"H.No. 783, Dhillon Zila, Ranchi 865762",26-08-2025
1712,Delhi,Rohini,Tandoori Arabian Palace,"Bakery, Seafood, Burgers, Ice Cream",796,3.6,6704,4971,3956916,30,15,Regular Delivery,"41/71, Bakshi Street, Dindigul-389912",06-05-2026
1713,Chennai,Velachery,Delight Healthy Food Hub,Healthy Food,764,4.3,6274,3425,2616700,20,20,Swiggy Genie,"75/36, Chakrabarti Zila, Patiala-823434",05-07-2025
1714,Mumbai,Bandra,Spice Arabian World,"Andhra, North Indian, Desserts",435,4.4,14825,1153,501555,45,0,Swiggy Genie,"01, Subramanian Zila, Morena 924151",03-12-2025
1715,Chennai,Anna Nagar,Biryani Fast Food Hub,"Bakery, North Indian, South Indian",258,3.7,11181,3546,914868,66,10,Swiggy One,"H.No. 530, Kaul Marg, Gurgaon-459216",17-08-2025
1716,Bangalore,Koramangala,Delight South Indian Factory,"South Indian, Burgers, Ice Cream, Desserts",384,3.2,5001,2089,802176,24,20,Regular Delivery,"42/67, Chadha Circle, Machilipatnam 924169",04-11-2025
1717,Chennai,T Nagar,Street Bakery Junction,"Ice Cream, North Indian, Bakery, Fast Food",318,4.2,5290,4860,1545480,64,50,Swiggy Genie,"488, Taneja Street, Ambala-793269",02-02-2026
1718,Chennai,Adyar,House Mughlai Treats,Chinese,735,4.6,6679,3599,2645265,57,20,Swiggy One,"25/350, Dua Street, Avadi-792299",20-04-2026
1719,Mumbai,Andheri,Biryani Healthy Food Palace,"Fast Food, Italian",1062,3.6,163,482,511884,43,50,Swiggy Genie,"H.No. 417, Kumer Street, Jehanabad-079777",13-11-2025
1720,Hyderabad,Banjara Hills,Spice Biryani Grill,"Chinese, Ice Cream, Pizza, Biryani",500,3.1,9937,4084,2042000,43,40,Swiggy Genie,"H.No. 082, Hegde Nagar, Gangtok 630009",06-08-2025
1721,Hyderabad,Gachibowli,House Pizza Junction,"Healthy Food, Biryani",949,3.4,704,2719,2580331,31,15,Swiggy Genie,"42, Badal Circle, South Dumdum 542856",15-06-2025
1722,Hyderabad,Banjara Hills,House Burgers Palace,"Mughlai, Arabian, Andhra, Italian",458,3.7,3929,1913,876154,59,15,Regular Delivery,"H.No. 408, Maharaj Ganj, Bhubaneswar-573317",17-09-2025
1723,Delhi,Karol Bagh,Tandoori Burgers Hub,"South Indian, Chinese",312,3.3,52,1627,507624,24,40,Swiggy Genie,"H.No. 542, Maharaj Nagar, Nanded-629571",19-10-2025
1724,Hyderabad,Hitech City,Street Healthy Food Point,"Arabian, Chinese, Biryani",1195,3.1,10013,2794,3338830,20,50,Swiggy One,"H.No. 524, Chaudhuri, Shimla 164239",29-12-2025
1725,Bangalore,Koramangala,Spice Italian Factory,"Seafood, Chinese, Fast Food",1013,4,10033,1732,1754516,59,10,Regular Delivery,"923, Kala Path, Jalna-203002",07-03-2026
1726,Hyderabad,Madhapur,Cafe Mughlai Palace,North Indian,623,3.2,2585,1313,817999,31,40,Swiggy Genie,"39/075, Samra Ganj, Bhagalpur 424762",30-04-2026
1727,Mumbai,Dadar,Food South Indian Treats,"Italian, Biryani, Healthy Food, South Indian",942,4.8,12012,3708,3492936,50,0,Swiggy Genie,"H.No. 096, Bhatt Path, Patna-337825",16-12-2025
1728,Hyderabad,Hitech City,Spice Seafood Grill,"South Indian, Biryani, Fast Food",761,3.2,8298,1188,904068,70,25,Regular Delivery,"H.No. 478, Rana Chowk, Jamshedpur-933545",04-05-2026
1729,Chennai,Anna Nagar,Cafe Arabian Hub,Healthy Food,390,4.7,4477,3956,1542840,21,40,Swiggy One,"761, Dora Road, Mangalore 979401",25-09-2025
1730,Delhi,Saket,Delight North Indian Treats,"Italian, Fast Food, Chinese, Burgers",447,2.8,705,1643,734421,35,40,Regular Delivery,"259, Barad Chowk, Amritsar 989061",24-04-2026
1731,Chennai,Adyar,Street Italian Palace,"Andhra, Bakery, South Indian",765,4,10628,935,715275,57,20,Regular Delivery,"76/35, Doshi Circle, Hosur-063992",24-01-2026
1732,Hyderabad,Hitech City,Royal Ice Cream Grill,"Ice Cream, Andhra, Arabian, Mughlai",1156,3.7,9704,2648,3061088,67,30,Swiggy Genie,"H.No. 425, Yogi Chowk, Jalgaon-335629",01-02-2026
1733,Chennai,OMR,Food Andhra Palace,"Pizza, Andhra",563,3.1,12261,3201,1802163,34,25,Swiggy Genie,"47/45, Rastogi Street, Berhampore-235533",15-09-2025
1734,Hyderabad,Madhapur,Royal Seafood Grill,"Chinese, Seafood",710,4,5611,213,151230,34,25,Swiggy Genie,"H.No. 636, Bajaj Street, North Dumdum 216194",16-06-2025
1735,Bangalore,Indiranagar,Urban Fast Food Grill,"Andhra, Bakery, Italian, Chinese",742,4.8,4968,2873,2131766,31,15,Swiggy One,"807, Seshadri Path, Eluru 912234",25-02-2026
1736,Mumbai,Lower Parel,Express Pizza Corner,"Chinese, Andhra, Ice Cream, Mughlai",539,3.7,10584,553,298067,54,50,Swiggy One,"95/89, Dua Chowk, Latur-806847",01-02-2026
1737,Delhi,Karol Bagh,Express South Indian Treats,Mughlai,277,4.9,3325,4794,1327938,64,25,Regular Delivery,"696, Krish Road, Buxar-614174",16-02-2026
1738,Chennai,Adyar,Delight Ice Cream Treats,"Italian, Bakery, Arabian",170,4.4,5367,3715,631550,52,40,Regular Delivery,"14/450, Karan, Bokaro-161199",16-11-2025
1739,Chennai,OMR,Tandoori North Indian Grill,"Fast Food, Italian, Seafood, Ice Cream",1030,3.1,6521,495,509850,71,10,Regular Delivery,"485, Mani Zila, Raiganj 953171",17-05-2026
1740,Bangalore,Jayanagar,Food Mughlai Corner,"Andhra, South Indian",135,3,5336,3763,508005,42,30,Regular Delivery,"828, Sura Street, Farrukhabad-625477",30-08-2025
1741,Delhi,Dwarka,Express Mughlai Factory,"Seafood, Desserts, Healthy Food",791,4.4,5923,898,710318,51,30,Swiggy Genie,"046, Agate Street, Dibrugarh-099796",08-05-2026
1742,Chennai,Adyar,Food Italian Factory,"Ice Cream, North Indian, Italian, Andhra",1187,4.5,6848,2465,2925955,71,15,Regular Delivery,"H.No. 190, Bobal Zila, Chennai 225298",02-10-2025
1743,Bangalore,Koramangala,Food Bakery Palace,Andhra,785,3,2919,2210,1734850,36,25,Swiggy Genie,"95, Dar, Phagwara-127123",10-09-2025
1744,Delhi,Rohini,Tandoori Fast Food Zone,"Arabian, North Indian, Chinese, Mughlai",952,4.7,7026,2687,2558024,21,20,Swiggy One,"H.No. 236, Bassi Street, Sirsa 720189",11-11-2025
1745,Bangalore,BTM Layout,Spice Arabian Palace,"North Indian, Biryani, Fast Food, Italian",435,4.7,8449,577,250995,61,40,Swiggy Genie,"24/910, Chadha Path, Moradabad 065057",04-11-2025
1746,Bangalore,Koramangala,Spice Ice Cream Point,Desserts,555,3.4,9526,622,345210,20,40,Regular Delivery,"84, Dhingra Zila, Kadapa 015375",18-04-2026
1747,Mumbai,Lower Parel,Biryani Pizza Zone,"Healthy Food, Chinese, Andhra, Pizza",670,3,5990,4394,2943980,44,25,Swiggy Genie,"14, Bala Ganj, Tenali-651477",02-02-2026
1748,Chennai,T Nagar,Tandoori Bakery Treats,Italian,1127,3.4,8396,4161,4689447,20,30,Regular Delivery,"69/019, D’Alia Path, Singrauli-767189",21-02-2026
1749,Hyderabad,Hitech City,Delight South Indian Corner,"North Indian, Italian, Burgers",1005,2.8,11801,2294,2305470,59,25,Swiggy Genie,"H.No. 216, Bhatia Path, Aligarh 355765",02-12-2025
1750,Bangalore,Indiranagar,Express Pizza Factory,Bakery,1186,3.4,13837,3919,4647934,75,0,Swiggy Genie,"65/143, Walia Path, Kolhapur 058568",06-12-2025
1751,Chennai,Velachery,Royal Italian World,Desserts,1084,3.4,7206,3072,3330048,49,30,Swiggy Genie,"88/44, Setty Marg, Panihati-390811",19-01-2026
1752,Chennai,Anna Nagar,Cafe Burgers Junction,"Ice Cream, Italian, Seafood, Healthy Food",127,3.9,12413,2701,343027,66,15,Regular Delivery,"H.No. 93, Magar Street, Parbhani-861203",05-10-2025
1753,Delhi,Dwarka,Urban Desserts Junction,"Biryani, Arabian, Fast Food",464,4.8,7084,4574,2122336,21,30,Swiggy One,"H.No. 55, Sen Marg, Baranagar 484952",24-12-2025
1754,Delhi,Karol Bagh,Kitchen Arabian Zone,"Italian, Fast Food",549,3,7315,3225,1770525,32,0,Swiggy One,"337, Banerjee Street, Bathinda 026738",04-06-2025
1755,Hyderabad,Hitech City,Royal Chinese World,"Chinese, Burgers",1145,3.1,12812,3043,3484235,29,40,Swiggy One,"H.No. 080, Balasubramanian Nagar, Madurai 778330",05-12-2025
1756,Delhi,Karol Bagh,Tandoori Pizza World,"North Indian, Italian, Fast Food, Chinese",415,3.3,7812,4197,1741755,27,50,Regular Delivery,"81/24, Ranganathan Ganj, Aurangabad-379959",27-07-2025
1757,Bangalore,Indiranagar,House South Indian Hub,"Desserts, Healthy Food",997,3.5,4518,535,533395,75,50,Regular Delivery,"39/375, Karpe Road, Tadipatri 019959",12-10-2025
1758,Delhi,Karol Bagh,Street Chinese World,"Italian, Arabian, Burgers, Bakery",981,3.8,5192,4541,4454721,32,10,Regular Delivery,"92/03, Kumer Path, Amravati 508230",14-10-2025
1759,Delhi,Connaught Place,Biryani Chinese Factory,"Fast Food, Desserts, Ice Cream, South Indian",1131,4.1,9189,3107,3514017,57,25,Regular Delivery,"01, Mander Chowk, Hospet 295132",12-09-2025
1760,Delhi,Dwarka,Express Fast Food Zone,"Mughlai, Andhra",659,4,7312,4381,2887079,46,20,Swiggy Genie,"60/943, Bala, Bidhannagar-824395",11-01-2026
1761,Hyderabad,Madhapur,Delight Mughlai Point,"Mughlai, South Indian, Chinese, Biryani",489,3,10398,2813,1375557,70,0,Regular Delivery,"45/79, Chander Road, Bally-231040",15-02-2026
1762,Bangalore,Jayanagar,Delight Mughlai Point,Pizza,1166,4.4,13410,4081,4758446,71,0,Swiggy Genie,"07/444, Goswami Road, Pimpri-Chinchwad-529644",04-05-2026
1763,Mumbai,Dadar,Spice Italian Grill,Biryani,390,3.3,12818,3255,1269450,29,15,Regular Delivery,"35, Yadav Circle, Khammam 418616",01-02-2026
1764,Delhi,Saket,Cafe Andhra Palace,"Ice Cream, Italian",1050,4.7,4024,442,464100,65,30,Swiggy One,"37/281, Dash, Deoghar-524439",01-01-2026
1765,Mumbai,Powai,Cafe Desserts Junction,"Andhra, Healthy Food, Ice Cream, Mughlai",812,3.5,7358,3702,3006024,20,50,Swiggy Genie,"H.No. 310, Mangat Path, Siwan-726080",22-01-2026
1766,Bangalore,Indiranagar,Biryani Seafood Hub,"Biryani, Burgers",771,3.7,14878,1120,863520,22,30,Regular Delivery,"00/194, Anand Circle, Sirsa-384037",25-09-2025
1767,Bangalore,Jayanagar,Street Ice Cream Hub,"Desserts, Ice Cream, Pizza, Bakery",757,3.6,8391,937,709309,54,20,Swiggy Genie,"501, Bobal Street, Pimpri-Chinchwad-425049",27-01-2026
1768,Chennai,Anna Nagar,Cafe Biryani Corner,"Healthy Food, North Indian, Seafood",584,4.9,13047,1705,995720,40,0,Swiggy One,"H.No. 53, Varughese Street, Madanapalle-295193",16-10-2025
1769,Delhi,Dwarka,House Mughlai Zone,Seafood,272,4.4,9598,3769,1025168,60,50,Regular Delivery,"H.No. 774, Bava, Kolhapur 420885",23-10-2025
1770,Mumbai,Lower Parel,Tandoori Arabian Palace,Pizza,851,3.7,4832,3955,3365705,36,40,Regular Delivery,"45/84, Ravel Marg, Madurai-450903",24-11-2025
1771,Chennai,Anna Nagar,Food Arabian Hub,"Andhra, Bakery",255,3.7,2257,4010,1022550,59,30,Swiggy Genie,"H.No. 89, Boase Nagar, Karnal-331432",08-06-2025
1772,Mumbai,Lower Parel,Delight Healthy Food Factory,"Biryani, Burgers",1047,4.3,2674,3677,3849819,58,15,Swiggy Genie,"071, Dave Ganj, Buxar-135398",15-04-2026
1773,Bangalore,Jayanagar,Delight Chinese Factory,"Fast Food, Bakery, North Indian, Chinese",874,4.7,10894,1937,1692938,39,15,Swiggy Genie,"57/75, Varma Zila, Kalyan-Dombivli-800247",14-11-2025
1774,Hyderabad,Kukatpally,Cafe Bakery Point,Mughlai,830,4.1,4216,4856,4030480,54,20,Swiggy One,"86, Talwar Zila, Rajpur Sonarpur 680575",07-10-2025
1775,Mumbai,Andheri,Food Healthy Food Palace,"Fast Food, Pizza, Italian, Mughlai",916,3.2,2054,4542,4160472,42,30,Swiggy One,"650, Grewal Zila, Bikaner 536562",26-12-2025
1776,Bangalore,Whitefield,Kitchen North Indian Factory,"Biryani, Fast Food, South Indian",146,4.8,14755,4287,625902,30,10,Regular Delivery,"H.No. 887, Kumar Chowk, Anantapuram-436748",29-05-2025
1777,Bangalore,Whitefield,Royal Desserts Palace,Arabian,680,4.2,6384,4919,3344920,64,0,Swiggy One,"17/78, Chand Path, Sikar 709887",04-05-2026
1778,Delhi,Saket,Urban Pizza Zone,"Italian, Pizza, North Indian, Bakery",949,3.4,10485,314,297986,35,20,Swiggy Genie,"576, Vala Ganj, Singrauli 766007",20-08-2025
1779,Mumbai,Powai,Cafe Burgers Point,Mughlai,506,3.7,7462,4993,2526458,49,10,Regular Delivery,"55, Ramaswamy Street, Jhansi-438020",18-07-2025
1780,Mumbai,Dadar,Biryani Mughlai Junction,"Andhra, South Indian, North Indian, Chinese",689,3.2,575,1174,808886,28,15,Regular Delivery,"19/475, Kadakia Circle, Barasat 038283",25-12-2025
1781,Hyderabad,Kukatpally,Tandoori Italian Treats,Chinese,572,4.7,8049,848,485056,42,0,Swiggy One,"63/898, Karpe Ganj, Muzaffarnagar 351003",17-04-2026
1782,Mumbai,Lower Parel,Urban Arabian Palace,Seafood,946,3.1,4863,1810,1712260,21,15,Swiggy Genie,"H.No. 57, Dua Path, Vasai-Virar-060629",30-08-2025
1783,Chennai,Anna Nagar,Food Arabian Corner,"Arabian, Andhra, Fast Food, Burgers",891,4.5,1852,2097,1868427,55,40,Swiggy One,"94/238, Gokhale Road, Alwar 342378",11-02-2026
1784,Hyderabad,Banjara Hills,Delight Bakery Treats,"Chinese, Arabian",805,3.5,12467,4061,3269105,30,15,Regular Delivery,"14/26, Sridhar Path, Bhalswa Jahangir Pur 475439",01-01-2026
1785,Mumbai,Dadar,Spice North Indian Junction,"Chinese, Pizza, Arabian",782,2.8,2981,2892,2261544,67,30,Swiggy Genie,"49/404, Sarraf Road, Thiruvananthapuram 090237",13-09-2025
1786,Hyderabad,Kukatpally,Food Healthy Food Corner,"Ice Cream, Italian, Healthy Food",489,3.9,8830,2543,1243527,34,0,Swiggy One,"00, Warrior Circle, Udaipur 042511",05-08-2025
1787,Hyderabad,Gachibowli,Biryani Ice Cream Treats,Ice Cream,291,3.6,7950,1299,378009,38,20,Swiggy One,"H.No. 238, Thaker Circle, Munger-804797",29-10-2025
1788,Bangalore,BTM Layout,Kitchen Seafood Junction,"Italian, Ice Cream, Healthy Food",250,3.1,11325,194,48500,20,25,Regular Delivery,"693, Ramachandran Circle, Muzaffarpur 234803",29-10-2025
1789,Chennai,T Nagar,House Andhra Treats,"Italian, Desserts",314,3.9,898,4192,1316288,64,30,Swiggy Genie,"H.No. 63, Sangha Street, Gurgaon 147664",07-12-2025
1790,Bangalore,BTM Layout,Delight Chinese Factory,"Desserts, South Indian, Pizza, Biryani",308,4.8,4148,4023,1239084,34,40,Regular Delivery,"79/80, Bala Ganj, Srikakulam-671108",29-11-2025
1791,Mumbai,Bandra,Kitchen Chinese Zone,North Indian,1054,3,10128,4376,4612304,62,40,Swiggy One,"01, Dar Chowk, Bellary 852760",20-03-2026
1792,Mumbai,Powai,Kitchen South Indian Treats,"Seafood, Mughlai",124,3.1,7059,2082,258168,72,20,Regular Delivery,"88/255, Kaur Street, Imphal-930539",26-09-2025
1793,Bangalore,Koramangala,Tandoori North Indian Treats,"Burgers, Bakery, Italian",188,2.9,3248,4194,788472,23,15,Swiggy One,"97/617, Bansal Ganj, Eluru 411569",21-11-2025
1794,Chennai,T Nagar,Urban Burgers Palace,Seafood,315,3,12964,3387,1066905,29,0,Swiggy One,"29/75, Bera Zila, Chandigarh-708549",27-05-2025
1795,Mumbai,Andheri,Royal Ice Cream Factory,Seafood,410,2.8,14138,2126,871660,45,40,Swiggy Genie,"H.No. 99, Balasubramanian Zila, Aligarh 509710",16-04-2026
1796,Delhi,Saket,Urban Ice Cream Hub,"Pizza, Andhra",184,4.9,3852,1588,292192,75,15,Regular Delivery,"02/014, Rao Marg, Tadepalligudem-085194",08-12-2025
1797,Hyderabad,Madhapur,Spice Biryani Grill,"Mughlai, Chinese, Seafood",214,4.6,1915,2177,465878,68,20,Regular Delivery,"H.No. 300, Sahota Ganj, Sri Ganganagar-662536",15-01-2026
1798,Chennai,Velachery,Tandoori Burgers Factory,"Biryani, Healthy Food",491,3.9,1962,1376,675616,70,20,Swiggy Genie,"59/47, Baria Nagar, Alappuzha-107207",23-11-2025
1799,Delhi,Karol Bagh,Biryani Pizza Junction,"Andhra, Seafood, Pizza",743,3.2,6599,3706,2753558,39,25,Swiggy One,"12/01, Biswas Marg, Nangloi Jat 634160",27-10-2025
1800,Bangalore,Indiranagar,Street Burgers Hub,"Andhra, Fast Food, Biryani",850,3.3,12343,2066,1756100,49,50,Swiggy One,"H.No. 738, Bajaj Road, Darbhanga 254204",06-05-2026
1801,Delhi,Rohini,Tandoori Bakery Treats,"Burgers, Arabian, Desserts",308,3.5,2959,3118,960344,44,40,Swiggy One,"06/104, Borra Chowk, Mangalore 652751",09-12-2025
1802,Delhi,Connaught Place,Urban Bakery Junction,"Healthy Food, Mughlai, Fast Food",1166,2.9,6874,942,1098372,46,25,Swiggy One,"H.No. 894, Shere Street, Akola 180074",07-04-2026
1803,Mumbai,Powai,Delight Bakery Corner,"Desserts, Fast Food",710,4.6,12787,3637,2582270,37,40,Regular Delivery,"36/50, Raj Road, Miryalaguda-850561",13-03-2026
1804,Chennai,Velachery,Cafe Andhra Corner,"Fast Food, Ice Cream, Arabian",814,4.4,2574,3260,2653640,38,20,Swiggy One,"86/50, Ratti Path, Bhind-721594",26-09-2025
1805,Delhi,Saket,Royal Burgers World,"Biryani, Burgers, Desserts",976,4.8,12255,2734,2668384,60,20,Swiggy One,"19, Goswami Road, Vijayawada 510788",21-02-2026
1806,Hyderabad,Kukatpally,Tandoori North Indian Treats,"Seafood, Ice Cream, Bakery, Fast Food",327,3.6,8871,4712,1540824,29,25,Swiggy One,"H.No. 543, Balasubramanian Marg, Korba 107059",28-04-2026
1807,Delhi,Saket,Royal Bakery Junction,Andhra,1144,3,6499,3863,4419272,70,20,Swiggy Genie,"828, Raju Path, Bilaspur 000822",13-11-2025
1808,Bangalore,Indiranagar,Tandoori Healthy Food Corner,Healthy Food,897,2.9,11373,861,772317,30,0,Swiggy One,"H.No. 070, Chhabra Marg, Gandhidham-352380",06-07-2025
1809,Delhi,Rohini,Express Pizza Treats,"Healthy Food, Ice Cream, Bakery, North Indian",683,4,1980,2418,1651494,28,10,Swiggy One,"03/74, Issac Path, Aurangabad-360572",12-04-2026
1810,Hyderabad,Hitech City,Biryani Ice Cream Corner,"Italian, Fast Food, Chinese",456,3.6,11560,3401,1550856,38,30,Swiggy Genie,"H.No. 51, Bhat Chowk, Maheshtala-284958",13-09-2025
1811,Hyderabad,Hitech City,Urban Arabian Hub,Italian,560,3.6,9432,979,548240,36,10,Swiggy Genie,"90, Sarin Ganj, Darbhanga 958575",01-03-2026
1812,Mumbai,Dadar,Food Italian Hub,"Italian, South Indian, Arabian",963,4.2,9072,2772,2669436,34,20,Swiggy Genie,"65/254, Chawla Chowk, Guna 567364",24-07-2025
1813,Delhi,Connaught Place,Food Biryani Corner,Biryani,836,4.4,9408,3367,2814812,21,10,Regular Delivery,"55, Sarin Chowk, Kozhikode 402931",31-12-2025
1814,Hyderabad,Hitech City,Royal Fast Food Junction,"South Indian, Mughlai, Italian",594,3.4,4504,3514,2087316,33,50,Swiggy One,"782, Kota Ganj, Bareilly 166553",10-10-2025
1815,Hyderabad,Kukatpally,Spice Ice Cream Point,Arabian,247,4.8,14221,4999,1234753,47,50,Swiggy Genie,"H.No. 39, Seth, Ahmednagar 408325",03-04-2026
1816,Bangalore,BTM Layout,Spice Arabian Grill,"Chinese, South Indian, Fast Food",290,4.4,829,1403,406870,74,25,Swiggy Genie,"H.No. 39, Dass Nagar, Jodhpur 217665",04-11-2025
1817,Hyderabad,Hitech City,Express South Indian Point,"Andhra, Italian, South Indian, Fast Food",201,3.3,2415,2192,440592,27,20,Regular Delivery,"06/644, Vala Nagar, Kishanganj-716965",31-01-2026
1818,Chennai,T Nagar,Biryani Fast Food Point,"Pizza, North Indian, Biryani",991,2.9,7882,4058,4021478,56,10,Regular Delivery,"H.No. 843, Mammen Circle, Haridwar 122712",20-09-2025
1819,Bangalore,Indiranagar,Kitchen Biryani Point,"South Indian, Healthy Food, Burgers, Mughlai",1134,3,14417,4855,5505570,28,10,Regular Delivery,"48/545, Bail Street, Hospet 371428",01-02-2026
1820,Chennai,Anna Nagar,Kitchen North Indian Corner,"Arabian, Italian",1186,4,10784,833,987938,25,25,Swiggy Genie,"H.No. 129, Basak Marg, Sambhal 378389",07-08-2025
1821,Hyderabad,Hitech City,Cafe Chinese Grill,"Arabian, Burgers, Chinese, Desserts",556,4.8,7855,4101,2280156,74,30,Swiggy One,"640, Suresh Marg, Kulti-056738",12-10-2025
1822,Chennai,Adyar,Express Chinese Hub,"Chinese, Biryani",1142,3.4,1871,1080,1233360,62,40,Regular Delivery,"241, Sachdev Street, Arrah-237922",05-07-2025
1823,Chennai,Velachery,Biryani Arabian Hub,"Pizza, South Indian",275,4.3,1400,2795,768625,41,20,Swiggy Genie,"49/371, Doctor Zila, Rajkot-599621",07-02-2026
1824,Mumbai,Lower Parel,Express Ice Cream Factory,"Burgers, Fast Food, South Indian, Italian",810,3.2,5344,2634,2133540,31,50,Swiggy Genie,"H.No. 22, Warrior Nagar, Etawah-837254",01-08-2025
1825,Bangalore,Indiranagar,Royal Italian Grill,"Arabian, Desserts, Bakery",685,3.9,14956,3278,2245430,42,40,Regular Delivery,"035, Acharya Chowk, Surat-644009",02-10-2025
1826,Chennai,OMR,Biryani Biryani Grill,"South Indian, North Indian",817,3.7,5749,1785,1458345,62,40,Swiggy One,"62, Wable Road, Ajmer-373281",01-10-2025
1827,Chennai,OMR,Kitchen Chinese World,"Pizza, Andhra, Chinese",439,3.6,2233,3398,1491722,68,30,Swiggy One,"14, Sachar Zila, Jaunpur 982646",14-05-2026
1828,Bangalore,Koramangala,Spice Chinese Palace,"North Indian, Desserts, Healthy Food, Seafood",682,3,3695,4251,2899182,20,40,Regular Delivery,"92, Karnik Road, Pondicherry 784581",09-07-2025
1829,Mumbai,Bandra,Express Italian Point,"South Indian, Mughlai, Bakery",130,2.8,10505,3431,446030,72,40,Regular Delivery,"016, Mani Marg, Kakinada 755716",23-02-2026
1830,Delhi,Connaught Place,Express Pizza Hub,"Biryani, Desserts, Chinese",1086,3.7,3198,1077,1169622,52,10,Swiggy One,"32/49, Saini Street, Bihar Sharif-626888",02-11-2025
1831,Hyderabad,Gachibowli,Urban Burgers Corner,"Pizza, Ice Cream",437,3.4,8832,2756,1204372,37,50,Swiggy Genie,"H.No. 456, Kanda Chowk, Ghaziabad-533374",29-12-2025
1832,Delhi,Saket,Street Chinese Hub,"Arabian, North Indian, Italian",668,3.7,13198,3135,2094180,27,20,Swiggy Genie,"H.No. 37, Mander Circle, Noida-414898",02-03-2026
1833,Bangalore,Indiranagar,Biryani Fast Food Factory,"North Indian, Andhra, Italian",1027,4.7,2748,142,145834,69,15,Swiggy One,"H.No. 33, Sundaram Zila, Guntakal-801315",29-10-2025
1834,Chennai,Anna Nagar,Delight Italian Zone,"Healthy Food, Ice Cream, North Indian",612,2.9,8904,274,167688,21,10,Swiggy One,"84/663, Ravi Nagar, Alappuzha-273456",14-11-2025
1835,Bangalore,Jayanagar,Royal Seafood Corner,"Seafood, Biryani, Pizza",1165,4.4,1616,2438,2840270,61,25,Swiggy One,"16, Mani Road, Thrissur-153971",11-07-2025
1836,Delhi,Dwarka,Express South Indian Corner,"Arabian, Bakery, Seafood, Chinese",294,4.1,11095,264,77616,55,20,Swiggy One,"H.No. 251, Gulati Path, Bijapur-810588",27-08-2025
1837,Hyderabad,Kukatpally,Express Biryani Corner,"North Indian, Seafood, Biryani, Desserts",319,3.3,10874,2132,680108,59,50,Swiggy Genie,"25/734, Varkey Zila, Hubli–Dharwad 708788",18-07-2025
1838,Mumbai,Lower Parel,Biryani Seafood Factory,Seafood,1129,4.4,9755,250,282250,56,25,Regular Delivery,"H.No. 555, Bhagat Marg, Cuttack 398361",22-02-2026
1839,Chennai,Velachery,Delight Andhra Grill,Andhra,220,4.2,5936,201,44220,29,40,Swiggy One,"85/90, Dua Zila, Aurangabad 153217",24-06-2025
1840,Bangalore,BTM Layout,Tandoori Italian Palace,"Seafood, Fast Food, Desserts, Biryani",880,3.7,758,2687,2364560,25,40,Swiggy Genie,"62, Bail Circle, Bahraich-466861",09-07-2025
1841,Mumbai,Dadar,Food Chinese Palace,Desserts,239,3.1,3653,4274,1021486,60,0,Swiggy One,"05/710, Dey Zila, Chennai-495087",26-02-2026
1842,Hyderabad,Banjara Hills,Street Ice Cream Palace,"Burgers, Seafood, Arabian, Fast Food",1061,4.4,8223,2726,2892286,75,15,Swiggy Genie,"65/812, Tiwari Marg, Mumbai 419575",04-08-2025
1843,Delhi,Karol Bagh,Urban Ice Cream Corner,"Desserts, Bakery",555,3.4,128,2323,1289265,69,0,Swiggy Genie,"806, Loyal Marg, Surat 097188",17-05-2026
1844,Mumbai,Bandra,Biryani Desserts Treats,"Biryani, Bakery, Burgers",341,3.5,5588,2388,814308,40,50,Regular Delivery,"13/94, Balay Road, Mysore-690278",02-10-2025
1845,Bangalore,Whitefield,Food North Indian Corner,"Healthy Food, Arabian",688,3.1,7458,1824,1254912,23,20,Swiggy Genie,"H.No. 301, Mandal Ganj, Mahbubnagar-202171",26-12-2025
1846,Hyderabad,Hitech City,Tandoori Chinese Factory,"Arabian, Burgers, Chinese",405,3.9,3758,245,99225,22,25,Swiggy Genie,"76, Jha Zila, Mangalore-059329",22-01-2026
1847,Delhi,Dwarka,Delight Chinese World,"Burgers, Italian, Bakery, Arabian",443,3,4891,1153,510779,30,15,Swiggy Genie,"H.No. 96, De Nagar, Ulhasnagar 480190",16-10-2025
1848,Chennai,Anna Nagar,Royal Bakery Junction,"Italian, Ice Cream, Mughlai, Chinese",480,4.7,6316,3969,1905120,58,20,Swiggy Genie,"01/625, Dewan Nagar, Amroha 206627",16-10-2025
1849,Mumbai,Bandra,Spice Fast Food Point,"Bakery, Mughlai",592,4,8243,4435,2625520,22,25,Swiggy One,"H.No. 08, Sama Zila, Pali 325987",26-07-2025
1850,Bangalore,Indiranagar,Royal South Indian Point,"South Indian, Fast Food",610,4.2,3517,4089,2494290,43,20,Regular Delivery,"33/09, Sanghvi Nagar, Bangalore 363833",06-07-2025
1851,Mumbai,Andheri,Spice North Indian Corner,North Indian,819,3.7,6223,2869,2349711,29,15,Swiggy One,"819, Thaker Chowk, Haldia 196383",30-04-2026
1852,Chennai,Adyar,Biryani Arabian Hub,Bakery,1040,4,10235,1938,2015520,71,15,Swiggy Genie,"H.No. 55, Salvi Marg, Alappuzha 836852",08-08-2025
1853,Chennai,T Nagar,Tandoori Chinese Treats,"Pizza, Bakery",1079,3.8,12859,2413,2603627,54,10,Swiggy One,"86/932, Zachariah Street, Gandhinagar-645280",24-05-2025
1854,Mumbai,Powai,Spice Biryani Grill,"Arabian, Andhra, Biryani, Desserts",725,4.8,5829,737,534325,32,10,Regular Delivery,"95, Hegde Marg, Morena-369677",08-11-2025
1855,Mumbai,Dadar,Spice Bakery Corner,"Andhra, Bakery, Fast Food, Burgers",1084,4.2,12496,1104,1196736,46,10,Swiggy Genie,"60, Soni Zila, Bokaro 206093",27-04-2026
1856,Delhi,Saket,Kitchen South Indian Treats,Seafood,271,4.5,10289,1161,314631,23,15,Swiggy Genie,"50/57, Biswas Path, Medininagar 313122",13-01-2026
1857,Bangalore,BTM Layout,Kitchen North Indian Treats,"Healthy Food, Seafood, Ice Cream, Italian",1098,4.1,3400,1189,1305522,41,20,Swiggy Genie,"351, Tella Chowk, Shimla-517198",07-11-2025
1858,Hyderabad,Banjara Hills,Delight Pizza Point,Bakery,402,3.6,10466,4279,1720158,53,25,Swiggy One,"56, Zacharia Road, Bidar-446258",28-05-2025
1859,Mumbai,Bandra,Delight Arabian Junction,"Chinese, South Indian, Pizza, Healthy Food",164,2.9,12279,2837,465268,35,50,Swiggy Genie,"H.No. 89, Char, Ghaziabad 565606",28-11-2025
1860,Delhi,Rohini,Cafe Chinese Junction,"Desserts, Bakery",413,3.3,5695,3192,1318296,58,40,Regular Delivery,"H.No. 04, Sethi Circle, Kota 293252",18-10-2025
1861,Hyderabad,Gachibowli,Express Fast Food World,"Ice Cream, South Indian, Desserts, Seafood",965,3.5,1222,4370,4217050,41,20,Swiggy Genie,"H.No. 29, Das Path, Kota-848062",30-03-2026
1862,Bangalore,BTM Layout,House North Indian Treats,Ice Cream,843,3.1,7061,1587,1337841,45,25,Swiggy One,"28/11, Bajwa Road, Thoothukudi 994208",22-11-2025
1863,Mumbai,Bandra,Kitchen Burgers Palace,"Chinese, Mughlai, Healthy Food",767,4.8,3664,4085,3133195,71,20,Swiggy One,"21/872, Anand Nagar, Bhavnagar 907433",07-02-2026
1864,Mumbai,Powai,Kitchen Arabian Grill,"Healthy Food, Fast Food, Pizza, Ice Cream",992,3.1,4615,3091,3066272,72,25,Swiggy Genie,"31/80, Sidhu Nagar, Bilaspur-655261",05-06-2025
1865,Bangalore,Koramangala,Delight Pizza Grill,"Pizza, Burgers, North Indian, Fast Food",977,3.5,8796,1251,1222227,41,10,Regular Delivery,"28/775, Arora Chowk, Bongaigaon 664621",09-07-2025
1866,Bangalore,Whitefield,Food Healthy Food Corner,"Italian, Healthy Food",593,4.4,11554,4866,2885538,21,50,Swiggy Genie,"H.No. 27, Vasa Street, Kanpur-702997",23-09-2025
1867,Chennai,T Nagar,Delight Biryani Palace,"Chinese, Healthy Food",1015,4.6,10810,1604,1628060,43,0,Swiggy Genie,"24/174, Balan Street, Avadi 879423",21-03-2026
1868,Hyderabad,Kukatpally,Cafe North Indian Palace,"Italian, Ice Cream, Andhra, Bakery",826,4.8,11896,1201,992026,56,50,Swiggy One,"810, Tak, Anantapur-518904",18-12-2025
1869,Bangalore,Jayanagar,Tandoori Desserts Grill,"South Indian, Desserts, North Indian",394,3,7468,2070,815580,55,15,Swiggy Genie,"62, Gola Street, North Dumdum-750255",03-08-2025
1870,Mumbai,Bandra,Biryani Chinese Treats,Ice Cream,1119,3.6,12007,3319,3713961,48,0,Swiggy Genie,"18/638, Gala Zila, Surat-812886",19-01-2026
1871,Mumbai,Bandra,Spice Biryani Point,"Andhra, Biryani",403,4.7,13574,481,193843,29,0,Regular Delivery,"39/345, Wason Zila, Noida 013893",02-01-2026
1872,Delhi,Karol Bagh,Street Fast Food Junction,"Pizza, Fast Food, Andhra",555,3.7,7445,267,148185,63,40,Regular Delivery,"32/93, Keer Ganj, Sasaram-096134",05-09-2025
1873,Hyderabad,Hitech City,Royal Fast Food Treats,"Healthy Food, Bakery, Italian, Seafood",137,4.6,10537,2423,331951,63,25,Swiggy One,"55/687, Kala Street, Thanjavur-390671",09-04-2026
1874,Delhi,Saket,Food Ice Cream Grill,Bakery,226,3,3126,3107,702182,29,25,Swiggy Genie,"43, Doctor Ganj, Satara-145108",19-06-2025
1875,Delhi,Saket,Spice Chinese Point,"South Indian, Andhra, Seafood",799,3.4,1847,4426,3536374,50,30,Regular Delivery,"93/72, Badami Marg, Karnal-953265",07-04-2026
1876,Bangalore,Jayanagar,Express South Indian Palace,Fast Food,642,4.1,1053,2307,1481094,38,0,Swiggy Genie,"632, Boase Circle, Ongole 175551",24-12-2025
1877,Bangalore,Koramangala,Royal Fast Food Factory,"Mughlai, Italian, Ice Cream, Burgers",511,3.9,10773,4299,2196789,26,25,Regular Delivery,"610, Wagle Nagar, Hazaribagh 352794",19-02-2026
1878,Hyderabad,Banjara Hills,Express South Indian Junction,"Italian, Burgers, Healthy Food",206,4.1,246,4309,887654,26,40,Swiggy One,"47/04, Suresh, Tumkur-154199",06-05-2026
1879,Mumbai,Powai,Express Ice Cream Hub,"Biryani, Desserts, Andhra, Italian",306,4.8,10014,3869,1183914,22,15,Regular Delivery,"484, Reddy Marg, Madanapalle-631107",01-01-2026
1880,Bangalore,Whitefield,Royal Andhra Point,"Healthy Food, Bakery",338,3.6,6427,1004,339352,47,40,Swiggy Genie,"02/86, Gola, Burhanpur 546200",24-02-2026
1881,Delhi,Rohini,Cafe Fast Food Junction,"Mughlai, Desserts, Burgers, Arabian",447,3.7,7856,2708,1210476,75,0,Swiggy Genie,"39, Shankar, Salem 007299",01-02-2026
1882,Chennai,OMR,Street Bakery Zone,"Bakery, Biryani",257,4,6963,1308,336156,40,50,Regular Delivery,"H.No. 56, Devan Marg, Sri Ganganagar 105141",16-02-2026
1883,Chennai,Velachery,House Burgers Palace,"Desserts, Biryani, Arabian",446,3.6,10854,3914,1745644,29,10,Regular Delivery,"845, Balay Nagar, Faridabad 056779",24-08-2025
1884,Mumbai,Powai,House Seafood Zone,Chinese,668,4.8,7058,1784,1191712,55,50,Swiggy Genie,"463, Singhal Road, Kakinada-013137",14-07-2025
1885,Hyderabad,Madhapur,Urban Italian Corner,"Seafood, Biryani",1100,4.4,7095,2169,2385900,57,20,Swiggy One,"H.No. 64, Dixit, Uluberia 894977",23-07-2025
1886,Bangalore,Koramangala,Biryani Pizza Zone,Burgers,879,4.8,7037,116,101964,26,20,Regular Delivery,"95, Hans Chowk, Hyderabad-804328",08-02-2026
1887,Mumbai,Bandra,Urban North Indian World,Healthy Food,578,4,11764,4043,2336854,74,15,Swiggy One,"73/59, Khare Path, Rourkela-828183",08-06-2025
1888,Mumbai,Dadar,Express Arabian Corner,Biryani,773,3.1,12051,1705,1317965,50,40,Swiggy Genie,"H.No. 806, Bhatia Road, Gulbarga 521840",06-04-2026
1889,Delhi,Connaught Place,Royal Pizza Point,Italian,218,4.5,11786,1233,268794,74,25,Swiggy Genie,"014, Chaudry Chowk, Kalyan-Dombivli 873593",26-09-2025
1890,Chennai,T Nagar,Biryani Healthy Food World,"Fast Food, Italian, Seafood, North Indian",1081,3,10192,1065,1151265,73,40,Regular Delivery,"05/71, Ghose, Jamnagar-312164",14-04-2026
1891,Delhi,Rohini,Delight Andhra Factory,"Biryani, Fast Food, Burgers, Bakery",936,3.6,7508,413,386568,46,25,Regular Delivery,"H.No. 34, Krishnamurthy Road, Shahjahanpur-089170",09-10-2025
1892,Delhi,Dwarka,Street North Indian Hub,"Fast Food, Pizza",870,3.1,13552,1213,1055310,73,25,Regular Delivery,"H.No. 019, Rout Circle, Mango-156377",28-01-2026
1893,Mumbai,Powai,Tandoori Burgers Corner,"Italian, Arabian",300,4,12505,188,56400,36,20,Swiggy One,"H.No. 319, Baral Marg, Darbhanga 557440",20-02-2026
1894,Bangalore,Koramangala,Food South Indian Point,"Healthy Food, Seafood, Biryani",805,3.8,10544,756,608580,57,10,Swiggy One,"955, Mann Marg, Bhusawal-180003",06-04-2026
1895,Bangalore,BTM Layout,Food Pizza Treats,Chinese,138,2.9,585,2936,405168,28,40,Regular Delivery,"H.No. 64, Doshi Path, Chapra-072269",24-07-2025
1896,Delhi,Saket,Delight Italian Zone,"Italian, Healthy Food, Burgers",536,3.3,4785,3014,1615504,52,20,Swiggy One,"67, Rajan Road, Solapur 805347",31-12-2025
1897,Bangalore,Jayanagar,Delight Mughlai World,"Biryani, Pizza",306,4.5,6348,3253,995418,35,40,Swiggy One,"62/448, Sodhi Circle, Raipur-618528",23-01-2026
1898,Hyderabad,Gachibowli,Royal Healthy Food Corner,Fast Food,954,3.7,2446,2622,2501388,69,15,Swiggy One,"14, Kapoor Chowk, Pudukkottai 563889",05-02-2026
1899,Delhi,Karol Bagh,House Pizza Palace,"Burgers, Bakery, Desserts",125,2.9,613,250,31250,64,15,Regular Delivery,"H.No. 40, Mandal Circle, Anantapuram 434400",01-04-2026
1900,Mumbai,Andheri,House Mughlai Hub,Arabian,774,3,444,2372,1835928,55,30,Swiggy Genie,"86/437, Yadav Circle, Belgaum 312217",12-10-2025
1901,Hyderabad,Banjara Hills,House Fast Food Hub,Mughlai,525,4.9,5297,3204,1682100,46,20,Regular Delivery,"08/717, Chaudhari Circle, Thane 873307",29-12-2025
1902,Hyderabad,Madhapur,Spice South Indian Grill,South Indian,227,3.9,9801,620,140740,57,20,Regular Delivery,"36, Hans Nagar, Phusro-149084",16-12-2025
1903,Mumbai,Lower Parel,Street South Indian Corner,North Indian,1198,4.2,3828,608,728384,41,25,Swiggy One,"H.No. 766, Viswanathan Zila, Alwar-501853",16-03-2026
1904,Delhi,Rohini,Cafe Desserts Hub,"South Indian, Arabian",657,4.3,10426,3559,2338263,48,40,Swiggy Genie,"48/89, Dhaliwal Chowk, Ramagundam-489526",30-11-2025
1905,Hyderabad,Banjara Hills,Express Chinese Corner,"Burgers, Ice Cream, Seafood, North Indian",400,4.2,7080,2937,1174800,53,10,Regular Delivery,"20/19, Dey, Aurangabad 651314",17-10-2025
1906,Chennai,Adyar,Biryani Desserts Point,"Italian, Andhra, North Indian",300,2.9,5765,2083,624900,63,20,Swiggy Genie,"43/062, Kota, Orai 565236",04-11-2025
1907,Delhi,Dwarka,Express Arabian Corner,"Fast Food, Arabian, Desserts, Italian",313,4,2094,1226,383738,67,25,Regular Delivery,"262, Ray Zila, Raichur 263586",23-12-2025
1908,Mumbai,Lower Parel,Cafe Bakery Hub,"Healthy Food, Fast Food",332,3.7,8009,885,293820,47,50,Regular Delivery,"98/680, Thaker, Ludhiana-755803",06-05-2026
1909,Mumbai,Dadar,Tandoori Andhra Junction,"Pizza, Seafood, Ice Cream, Andhra",1005,3.9,14894,281,282405,62,30,Swiggy Genie,"02/595, Manda Ganj, Shimla-229938",24-11-2025
1910,Mumbai,Bandra,Urban Andhra Treats,"Mughlai, Chinese, Arabian, Italian",1010,3.7,13661,4748,4795480,64,0,Regular Delivery,"H.No. 734, Bajwa Path, Sangli-Miraj & Kupwad 184975",19-09-2025
1911,Hyderabad,Banjara Hills,Urban Burgers Zone,"Chinese, Fast Food, Andhra, Burgers",121,3.8,9565,2684,324764,57,20,Regular Delivery,"87/47, Dhaliwal Circle, Amaravati 416757",16-02-2026
1912,Delhi,Connaught Place,Delight Healthy Food World,"Seafood, Burgers",1072,3.1,5337,3194,3423968,58,50,Swiggy One,"94/659, Sengupta Path, Imphal-196508",02-11-2025
1913,Bangalore,Jayanagar,Express North Indian Factory,"Bakery, Healthy Food",180,4.7,11692,3691,664380,38,10,Swiggy Genie,"09, Barman Road, Hajipur 382288",21-01-2026
1914,Mumbai,Powai,Delight Bakery Treats,"Fast Food, Arabian, South Indian, Chinese",838,4.5,8805,737,617606,54,50,Regular Delivery,"766, Dugar Marg, Navi Mumbai-801008",08-01-2026
1915,Bangalore,Koramangala,Biryani South Indian Hub,"South Indian, North Indian, Andhra, Seafood",496,3.3,9788,4363,2164048,65,15,Swiggy One,"995, Chacko Ganj, Shahjahanpur 345031",17-11-2025
1916,Delhi,Dwarka,Tandoori North Indian Corner,"Italian, North Indian, Seafood",521,2.8,1715,2864,1492144,66,15,Regular Delivery,"61/88, Agate Nagar, Nagercoil-847853",04-11-2025
1917,Bangalore,BTM Layout,Delight North Indian Treats,"South Indian, Desserts, Pizza, Chinese",825,3.1,3018,1628,1343100,30,20,Swiggy One,"43, Khanna Nagar, Jehanabad-760216",08-02-2026
1918,Delhi,Saket,Food Burgers Hub,North Indian,147,4.4,8217,242,35574,60,20,Swiggy Genie,"03/405, Bumb Chowk, Anand 368229",02-03-2026
1919,Chennai,Velachery,Delight Italian Factory,"Andhra, Chinese, Pizza, Bakery",609,3.8,13036,283,172347,67,25,Regular Delivery,"24/32, Hegde Ganj, Jorhat-426697",21-04-2026
1920,Chennai,Adyar,Street Mughlai Grill,Ice Cream,872,4.7,11163,2174,1895728,69,50,Swiggy Genie,"57/91, Bhargava, Haridwar 934905",09-10-2025
1921,Mumbai,Lower Parel,Street Bakery Junction,"Fast Food, Burgers, Seafood, Pizza",640,3.5,1124,3595,2300800,37,40,Regular Delivery,"H.No. 18, Kibe Street, Vijayawada 520378",01-08-2025
1922,Delhi,Dwarka,Street Fast Food Palace,"Fast Food, Seafood, Bakery",588,4.2,5836,1390,817320,61,40,Swiggy One,"H.No. 121, Kunda Chowk, Moradabad 100915",25-08-2025
1923,Mumbai,Bandra,Biryani Desserts Corner,"Mughlai, Andhra, Pizza, Ice Cream",180,4.6,13344,3069,552420,49,50,Regular Delivery,"18, Chauhan Circle, Munger 639100",13-03-2026
1924,Mumbai,Andheri,House Andhra Grill,"Desserts, Chinese, Mughlai",567,4.2,10680,2077,1177659,36,25,Regular Delivery,"35, Bhagat, Kakinada-665576",05-06-2025
1925,Mumbai,Lower Parel,Cafe Arabian Factory,"South Indian, Burgers, North Indian",242,3.6,11858,4438,1073996,22,15,Swiggy One,"H.No. 693, Bhardwaj Street, Pali 541794",12-12-2025
1926,Mumbai,Dadar,Kitchen Fast Food Palace,"North Indian, Healthy Food",472,4.7,12471,4726,2230672,58,20,Swiggy Genie,"15/66, Dada Ganj, Arrah 102762",12-09-2025
1927,Mumbai,Dadar,Urban Seafood Palace,"Healthy Food, Italian",827,4.2,11283,4685,3874495,20,20,Swiggy Genie,"71, Sandal Road, Agartala-852021",18-06-2025
1928,Bangalore,Whitefield,Biryani Biryani Factory,"Seafood, Ice Cream",198,4.2,11340,2536,502128,64,0,Swiggy One,"76, Balay Chowk, Raichur-452378",16-11-2025
1929,Bangalore,Indiranagar,Tandoori Seafood Junction,Arabian,252,3.1,7652,1984,499968,58,25,Swiggy Genie,"543, Sha Marg, Nagpur 538230",07-08-2025
1930,Mumbai,Lower Parel,Cafe Biryani Point,"Fast Food, South Indian, Mughlai",411,3.3,5826,2330,957630,56,0,Swiggy Genie,"H.No. 27, Sha Road, Shivpuri 382372",13-07-2025
1931,Mumbai,Powai,Street Pizza Zone,"Italian, Andhra",1009,4.6,6280,989,997901,31,30,Regular Delivery,"560, Roy Path, Uluberia-230622",06-09-2025
1932,Bangalore,Jayanagar,Tandoori Bakery Factory,"Healthy Food, Biryani, Ice Cream",719,3.5,1364,415,298385,36,40,Regular Delivery,"68, Saraf Circle, Bardhaman-662341",16-11-2025
1933,Bangalore,Jayanagar,Royal Healthy Food Palace,"Seafood, South Indian",824,4.5,5172,3797,3128728,68,20,Regular Delivery,"77/198, Brahmbhatt Path, Ballia-206018",30-07-2025
1934,Bangalore,Whitefield,Express Biryani Treats,"Healthy Food, Chinese",1053,3.2,7296,862,907686,36,40,Swiggy Genie,"67/021, Sundaram Path, Narasaraopet 121207",31-12-2025
1935,Bangalore,Koramangala,Cafe Burgers Treats,"Bakery, Fast Food, Healthy Food, Andhra",647,4.7,2897,315,203805,68,40,Regular Delivery,"441, Tak Nagar, Bhubaneswar-274001",09-07-2025
1936,Chennai,OMR,Food Burgers Hub,Italian,241,3.7,3884,2050,494050,25,40,Swiggy Genie,"H.No. 60, Shere Ganj, Bhavnagar-573089",15-08-2025
1937,Hyderabad,Hitech City,Kitchen South Indian Palace,"Chinese, Fast Food, Bakery",807,2.9,5455,1104,890928,66,15,Regular Delivery,"H.No. 95, Mangal Chowk, Bally-737195",28-08-2025
1938,Mumbai,Dadar,Tandoori Ice Cream Junction,"Biryani, Chinese",198,3.4,5688,2470,489060,74,10,Regular Delivery,"43, Mani Marg, Miryalaguda 209392",29-10-2025
1939,Hyderabad,Madhapur,Tandoori Mughlai Palace,"Bakery, Arabian",870,2.9,11183,2025,1761750,29,15,Swiggy Genie,"33/97, Ramaswamy Circle, Udaipur-244811",22-03-2026
1940,Hyderabad,Kukatpally,Biryani Italian Treats,"Healthy Food, Burgers",1075,3.2,10038,2793,3002475,24,10,Swiggy One,"30/89, Khosla Street, Aizawl-277833",24-05-2025
1941,Delhi,Connaught Place,Express Fast Food Palace,"Ice Cream, Biryani, South Indian",629,3.7,10126,772,485588,43,20,Swiggy Genie,"14/45, Taneja Nagar, Ghaziabad-649956",23-01-2026
1942,Hyderabad,Hitech City,Royal Seafood Hub,"Healthy Food, South Indian, Seafood, Andhra",955,3.1,9627,1116,1065780,27,50,Swiggy One,"79/629, Bains Marg, North Dumdum-014146",29-04-2026
1943,Chennai,Anna Nagar,Royal Andhra Corner,"Fast Food, Andhra, Chinese, Ice Cream",290,4.4,12029,1952,566080,52,50,Regular Delivery,"481, Dewan Street, Mau-066134",15-09-2025
1944,Hyderabad,Gachibowli,Food Chinese Factory,Desserts,1026,3.3,7594,1013,1039338,47,50,Swiggy Genie,"53/21, Tella Zila, Darbhanga-283597",02-11-2025
1945,Chennai,Velachery,Street Bakery Grill,"Healthy Food, North Indian, Desserts, Seafood",285,3.6,3269,2325,662625,23,25,Swiggy One,"22/09, Arya, Berhampur 610055",04-07-2025
1946,Bangalore,BTM Layout,House Mughlai Zone,"North Indian, Chinese",619,4,9142,1825,1129675,59,0,Regular Delivery,"34/462, Brahmbhatt Road, Ambala-402535",05-02-2026
1947,Chennai,T Nagar,Delight Seafood Zone,Burgers,938,3.8,6547,469,439922,23,20,Swiggy One,"H.No. 73, Sachdev Road, Anantapuram 110206",12-01-2026
1948,Bangalore,Jayanagar,House Italian Factory,"Ice Cream, Fast Food",729,4.1,8839,2046,1491534,65,15,Swiggy One,"H.No. 71, Jhaveri Nagar, Sirsa 364458",23-05-2026
1949,Delhi,Rohini,Royal Desserts Zone,South Indian,390,3.7,1224,900,351000,23,30,Swiggy Genie,"64, Aurora Ganj, Dewas 318987",20-04-2026
1950,Hyderabad,Kukatpally,Urban Pizza Hub,"South Indian, Healthy Food, Ice Cream, Pizza",321,3.3,10823,3042,976482,55,15,Swiggy Genie,"31, Agate Zila, Hapur 730370",26-07-2025
1951,Hyderabad,Madhapur,House Mughlai Zone,"Chinese, Italian",368,4.3,10489,3482,1281376,46,20,Swiggy Genie,"76/82, Karpe Street, Rajpur Sonarpur-002975",24-09-2025
1952,Hyderabad,Hitech City,Tandoori Mughlai Grill,Healthy Food,145,3.8,8410,4062,588990,57,25,Swiggy One,"04/346, Doshi Chowk, Jamnagar 863347",20-07-2025
1953,Mumbai,Bandra,Spice Bakery Corner,South Indian,285,3.3,11801,3962,1129170,26,0,Swiggy Genie,"99, Shanker Street, Nadiad-911712",01-07-2025
1954,Mumbai,Andheri,Spice Seafood Point,"Desserts, Pizza, Ice Cream, Burgers",489,3.3,155,742,362838,53,30,Swiggy Genie,"H.No. 837, Hegde Street, Ambattur-198282",30-08-2025
1955,Delhi,Connaught Place,Biryani Andhra Grill,"Arabian, Burgers, Pizza",1087,3.1,6528,3270,3554490,42,30,Swiggy Genie,"38, Sami Path, Mango 566928",10-10-2025
1956,Delhi,Saket,Kitchen Italian Point,"Andhra, Desserts, South Indian, Biryani",1146,3.9,12339,2050,2349300,29,40,Regular Delivery,"04/918, Raman Zila, Mau-987877",16-03-2026
1957,Chennai,Adyar,Cafe Mughlai Treats,Pizza,1022,3.9,463,4130,4220860,43,30,Swiggy Genie,"90, Hegde Path, Hubli–Dharwad-635974",06-05-2026
1958,Mumbai,Andheri,Street South Indian Corner,"Healthy Food, Bakery",406,3.3,10786,3199,1298794,65,25,Swiggy Genie,"46, Venkatesh Ganj, Barasat 966409",13-10-2025
1959,Chennai,T Nagar,Tandoori Fast Food Hub,"Mughlai, Chinese, Desserts, Fast Food",727,4.8,1859,3488,2535776,24,50,Swiggy Genie,"46/876, Balakrishnan Circle, Ujjain 174184",08-09-2025
1960,Chennai,Velachery,Urban Arabian Zone,Bakery,584,3,6550,1777,1037768,54,40,Swiggy One,"89/343, Reddy Circle, Moradabad-628854",19-11-2025
1961,Chennai,Adyar,Food Seafood Treats,Ice Cream,913,4,14834,1853,1691789,50,0,Swiggy One,"01, Deol Circle, Durgapur-166753",23-12-2025
1962,Delhi,Rohini,Street Desserts World,"North Indian, Healthy Food",586,3.6,3769,2902,1700572,64,10,Regular Delivery,"11/57, Dutt Circle, Begusarai-364339",26-02-2026
1963,Hyderabad,Gachibowli,Kitchen South Indian Treats,Burgers,795,4.1,4640,2244,1783980,24,0,Swiggy Genie,"58/88, Ramaswamy Zila, Shimla 485438",02-08-2025
1964,Mumbai,Bandra,Express Italian Corner,Chinese,382,3.9,4650,4328,1653296,50,10,Swiggy Genie,"537, Bahri Ganj, Buxar 090246",18-03-2026
1965,Bangalore,BTM Layout,Cafe Mughlai Hub,Italian,1103,3.5,7393,4803,5297709,53,25,Swiggy One,"H.No. 48, Andra Marg, Ballia 894409",03-12-2025
1966,Chennai,OMR,Royal Healthy Food Point,"South Indian, Burgers, Chinese, Andhra",346,3.4,14036,3500,1211000,46,30,Swiggy One,"H.No. 865, Venkatesh Zila, Gangtok 139264",06-08-2025
1967,Delhi,Connaught Place,Food Chinese World,North Indian,552,4.1,11268,3409,1881768,74,30,Swiggy Genie,"719, Choudhury Nagar, Bhubaneswar 828515",07-11-2025
1968,Bangalore,Whitefield,Delight Italian Factory,"Biryani, Chinese",841,3.7,2966,926,778766,67,40,Swiggy One,"82/933, Walla Chowk, Shimoga 350036",16-10-2025
1969,Delhi,Karol Bagh,Royal Chinese Grill,"Fast Food, Desserts, Ice Cream, Andhra",552,3.9,11350,3290,1816080,65,0,Regular Delivery,"91/37, Handa Chowk, Secunderabad-997879",31-07-2025
1970,Hyderabad,Madhapur,House North Indian World,Fast Food,277,3.7,8139,1486,411622,42,20,Swiggy Genie,"H.No. 31, Agarwal Ganj, Dibrugarh-045583",15-05-2026
1971,Mumbai,Bandra,Royal Desserts Point,"Andhra, Italian",1082,4.1,8682,4818,5213076,41,25,Swiggy Genie,"03/860, Dutt Circle, Sasaram 043672",14-03-2026
1972,Bangalore,Koramangala,Kitchen Burgers Grill,Desserts,851,4.4,6137,4204,3577604,53,30,Swiggy Genie,"328, Majumdar, Ajmer 978109",29-01-2026
1973,Chennai,Adyar,Kitchen Ice Cream Junction,"Biryani, Chinese",435,3.1,5328,947,411945,69,30,Swiggy One,"10/287, Sunder Road, Ahmednagar-080646",30-03-2026
1974,Chennai,Anna Nagar,Royal Ice Cream World,"Seafood, Ice Cream",982,4.7,14871,1619,1589858,26,15,Swiggy One,"70/88, Jha Road, Mysore 930003",31-01-2026
1975,Bangalore,BTM Layout,Biryani Ice Cream Point,"Desserts, Arabian, Italian, Pizza",545,4.3,9140,1994,1086730,36,30,Swiggy Genie,"823, Gupta Chowk, Gaya 763650",19-09-2025
1976,Chennai,Adyar,Tandoori North Indian World,"South Indian, Arabian",939,3.9,12123,4889,4590771,41,0,Swiggy One,"H.No. 00, Chaudhry Marg, Davanagere-280475",19-11-2025
1977,Chennai,T Nagar,Spice Burgers Point,"Pizza, Seafood, Healthy Food, Bakery",1063,3.8,12770,841,893983,32,30,Swiggy One,"H.No. 47, Brahmbhatt Marg, Ludhiana 867594",07-02-2026
1978,Mumbai,Lower Parel,Tandoori Fast Food Grill,Chinese,1083,3.2,7075,3997,4328751,48,0,Regular Delivery,"H.No. 980, Bansal Chowk, Bilaspur 938612",13-01-2026
1979,Hyderabad,Madhapur,Cafe Burgers Palace,"Desserts, Bakery, Pizza, North Indian",391,4.2,10639,850,332350,30,25,Regular Delivery,"H.No. 35, Grover Marg, Yamunanagar-084021",15-01-2026
1980,Delhi,Rohini,House Desserts Corner,"South Indian, Fast Food",600,3.7,5105,4538,2722800,20,10,Swiggy Genie,"29, Gokhale Marg, Dibrugarh 044640",22-04-2026
1981,Chennai,T Nagar,Express Ice Cream Corner,"Burgers, Pizza, Mughlai",183,3.1,4629,139,25437,35,30,Regular Delivery,"H.No. 353, Khosla Circle, Rajkot-949868",30-09-2025
1982,Delhi,Karol Bagh,Royal Andhra Point,"Andhra, Burgers, Bakery, South Indian",808,3.7,4538,924,746592,20,25,Swiggy One,"H.No. 95, Sastry Circle, Jammu 566295",05-04-2026
1983,Mumbai,Powai,Tandoori Italian Hub,"Chinese, Italian",775,3.5,10474,2740,2123500,28,25,Swiggy Genie,"20, Gulati Ganj, Gaya-255516",01-03-2026
1984,Delhi,Connaught Place,Royal Chinese Hub,"Mughlai, Andhra",528,3.5,5285,1564,825792,59,25,Regular Delivery,"H.No. 343, Srivastava Path, Nadiad 299063",09-09-2025
1985,Delhi,Rohini,Urban Desserts World,"South Indian, Seafood",902,4.3,7140,4994,4504588,57,40,Swiggy Genie,"H.No. 23, Solanki Chowk, Akola-542042",11-09-2025
1986,Hyderabad,Hitech City,Food Chinese Grill,"Desserts, Biryani, Ice Cream",632,3,1121,213,134616,60,20,Regular Delivery,"350, Deep Chowk, Sikar-180674",12-01-2026
1987,Hyderabad,Kukatpally,House Pizza Palace,"Ice Cream, Seafood",124,3.6,11082,2293,284332,31,20,Swiggy One,"781, Zacharia Path, Nellore-444428",09-08-2025
1988,Hyderabad,Gachibowli,Tandoori Healthy Food Factory,"Desserts, Biryani, Pizza",329,4.8,12134,3653,1201837,53,40,Regular Delivery,"26, Sachar Road, Medininagar-543240",06-09-2025
1989,Chennai,Anna Nagar,Street Desserts Zone,"Bakery, Mughlai, Pizza, Chinese",481,3.6,10211,2894,1392014,28,30,Swiggy Genie,"H.No. 012, Dave Chowk, Firozabad-887399",18-05-2026
1990,Mumbai,Powai,Spice Bakery Corner,"Seafood, Andhra",1191,4.5,6164,4008,4773528,58,25,Regular Delivery,"845, Setty Road, Latur-457696",29-03-2026
1991,Bangalore,Indiranagar,Biryani Biryani World,"Andhra, Pizza, Burgers, Biryani",949,3.5,4287,4581,4347369,49,10,Regular Delivery,"14/145, Maharaj Circle, Kolhapur 013085",24-07-2025
1992,Hyderabad,Madhapur,Street Pizza Zone,Seafood,1161,4.8,3527,3372,3914892,37,25,Regular Delivery,"670, Shenoy Street, Bhalswa Jahangir Pur-160023",02-06-2025
1993,Mumbai,Lower Parel,Delight Ice Cream World,"Andhra, Desserts, Arabian, Ice Cream",153,3.7,1794,3629,555237,49,0,Regular Delivery,"672, Saxena Street, Mumbai 485896",24-05-2026
1994,Bangalore,BTM Layout,Royal North Indian Junction,"Italian, Healthy Food, South Indian",1192,3.3,11778,2838,3382896,48,10,Swiggy One,"H.No. 44, Deol Nagar, Bidhannagar 131782",05-06-2025
1995,Mumbai,Powai,House Seafood Point,"Andhra, Bakery, Burgers, North Indian",1154,3.7,377,3228,3725112,63,10,Swiggy One,"30/731, Mangal Circle, Sikar 983036",01-07-2025
1996,Chennai,T Nagar,Cafe Fast Food Factory,"Fast Food, Pizza",1010,4,5418,2735,2762350,21,25,Swiggy Genie,"59/63, Thaman Ganj, Nagaon 775624",29-12-2025
1997,Chennai,Adyar,Spice Pizza Palace,"Desserts, Healthy Food, Burgers, Pizza",484,4.5,7171,4479,2167836,24,50,Regular Delivery,"329, Wable Ganj, Ramgarh 833189",29-08-2025
1998,Hyderabad,Kukatpally,Biryani South Indian Junction,"Biryani, Pizza, North Indian, Chinese",782,4.6,8086,3163,2473466,47,15,Swiggy One,"02/449, Saxena Street, Jalgaon 841427",13-04-2026
1999,Delhi,Connaught Place,Delight Desserts Treats,"Desserts, Ice Cream, Seafood, Pizza",226,4.2,3259,1888,426688,40,30,Swiggy Genie,"H.No. 655, Iyer Chowk, Muzaffarpur-667159",13-05-2026
2000,Bangalore,BTM Layout,Kitchen Mughlai Grill,Pizza,802,3,13263,92,73784,59,20,Swiggy One,"H.No. 352, Tata Chowk, Sultan Pur Majra-564722",08-06-2025
2001,Delhi,Karol Bagh,Biryani Mughlai World,"Healthy Food, Desserts",219,4.7,6395,1281,280539,40,40,Swiggy Genie,"10/135, Dube Chowk, Bareilly 522254",16-12-2025
2002,Hyderabad,Banjara Hills,House Arabian Junction,"Ice Cream, Pizza",648,3.6,12843,2083,1349784,58,40,Swiggy Genie,"H.No. 924, Bala Marg, Kulti-017113",06-01-2026
2003,Bangalore,Jayanagar,Tandoori Desserts Factory,Pizza,1020,4.2,1504,3754,3829080,50,0,Swiggy Genie,"H.No. 943, Khurana, Aligarh-020675",23-07-2025
2004,Bangalore,Whitefield,Kitchen Italian Treats,"Ice Cream, Andhra, Burgers",474,4.2,14634,2087,989238,28,40,Swiggy One,"H.No. 35, Dhar Nagar, Jammu-255769",22-04-2026
2005,Mumbai,Lower Parel,Express Healthy Food World,"South Indian, Ice Cream, Arabian",662,4.4,12721,2313,1531206,74,30,Regular Delivery,"H.No. 306, Subramanian Road, Singrauli-702026",27-05-2025
2006,Chennai,Velachery,Biryani Fast Food World,"Seafood, Chinese, Arabian",1061,4.5,14438,2046,2170806,72,0,Swiggy One,"63/50, Venkatesh Ganj, Solapur 794625",27-08-2025
2007,Mumbai,Dadar,Urban North Indian World,"Healthy Food, Pizza, North Indian, Italian",982,3.8,1369,2953,2899846,39,50,Swiggy Genie,"13/828, Chakrabarti Ganj, Nagpur 114995",03-08-2025
2008,Chennai,Anna Nagar,Kitchen Fast Food Junction,Seafood,241,4.1,1003,461,111101,70,0,Regular Delivery,"64/332, Batra Path, Morena 165898",05-08-2025
2009,Chennai,Anna Nagar,Express Pizza Junction,"Bakery, Fast Food, Burgers, Healthy Food",714,4.3,5676,3542,2528988,35,30,Swiggy One,"56/736, Ganesh Chowk, Deoghar-923106",11-05-2026
2010,Hyderabad,Kukatpally,House Pizza Treats,"Fast Food, Andhra",1000,4.9,10393,381,381000,63,0,Swiggy One,"H.No. 02, Goel Circle, Raiganj 208544",05-03-2026
2011,Mumbai,Andheri,Spice Desserts Palace,Chinese,860,4.5,1324,2655,2283300,25,40,Swiggy Genie,"32/50, Tank Marg, Akola 186487",03-01-2026
2012,Bangalore,Jayanagar,Express Fast Food World,Seafood,686,3.6,1303,3933,2698038,39,25,Swiggy One,"H.No. 232, Sehgal Path, Aurangabad 876364",03-05-2026
2013,Mumbai,Andheri,Cafe Italian Grill,"Healthy Food, Seafood, North Indian, Pizza",962,3.6,10714,4565,4391530,74,40,Swiggy Genie,"H.No. 50, Kohli Path, Khammam-099743",23-08-2025
2014,Delhi,Connaught Place,Biryani Bakery Hub,"Pizza, Burgers, Fast Food",1198,4.1,1160,1986,2379228,37,15,Regular Delivery,"146, Vora Marg, Mathura-079020",15-04-2026
2015,Hyderabad,Madhapur,Food Arabian Hub,"Burgers, Desserts",766,3.4,7933,4462,3417892,63,20,Swiggy One,"63/31, Chad Path, Machilipatnam 895726",24-05-2025
2016,Hyderabad,Gachibowli,Spice Bakery Point,Ice Cream,562,4.6,8765,344,193328,44,40,Swiggy One,"836, Kari Zila, Jamshedpur 917544",05-01-2026
2017,Mumbai,Powai,Royal Ice Cream World,"Desserts, Biryani, Ice Cream, Arabian",1144,3.5,4328,2557,2925208,49,25,Swiggy Genie,"H.No. 024, Sanghvi Ganj, Kurnool 027668",24-04-2026
2018,Bangalore,Indiranagar,Spice Burgers Junction,"Ice Cream, Pizza, South Indian",1153,3.8,3747,752,867056,73,30,Regular Delivery,"736, De Marg, Malda 841793",26-03-2026
2019,Mumbai,Dadar,Royal Fast Food Point,"Healthy Food, Desserts, Pizza",536,4.7,1300,150,80400,52,20,Swiggy Genie,"296, Ray Street, Hospet 383974",06-06-2025
2020,Chennai,OMR,Biryani Chinese Factory,"Fast Food, Pizza, Healthy Food",550,4.8,8688,1454,799700,69,30,Regular Delivery,"H.No. 746, Arora Marg, Bally 543643",01-12-2025
2021,Bangalore,Whitefield,Delight South Indian Grill,"Seafood, Italian, Arabian",1190,3.4,14569,1479,1760010,63,10,Regular Delivery,"16, Rao Road, Hazaribagh-936362",20-08-2025
2022,Mumbai,Powai,Biryani Burgers Junction,"Biryani, Fast Food, Desserts",540,4.8,1640,2628,1419120,57,20,Regular Delivery,"97/829, Deol Chowk, Alappuzha-173028",09-09-2025
2023,Delhi,Connaught Place,Tandoori Chinese Palace,South Indian,908,3.2,2132,2633,2390764,65,15,Swiggy Genie,"618, Grewal Zila, Serampore-878060",29-10-2025
2024,Bangalore,Jayanagar,Tandoori South Indian Grill,"Italian, Bakery, Andhra",328,3.2,8487,3948,1294944,40,15,Swiggy Genie,"63/064, Barman Circle, Hosur 620786",11-11-2025
2025,Chennai,Anna Nagar,Cafe Mughlai Point,Arabian,522,3.3,5495,3049,1591578,61,30,Swiggy Genie,"94/30, Ben Zila, Aizawl-027696",08-04-2026
2026,Bangalore,BTM Layout,Spice Arabian Palace,"Desserts, North Indian, Biryani",141,3.7,8779,468,65988,25,10,Regular Delivery,"92/259, Anand, Aurangabad-707598",12-09-2025
2027,Mumbai,Powai,Food Andhra Junction,"Seafood, Burgers, Desserts",745,3.5,14571,4654,3467230,39,10,Regular Delivery,"91/119, Dhaliwal Ganj, Aligarh-856248",23-01-2026
2028,Hyderabad,Hitech City,Food Ice Cream Factory,Pizza,432,2.9,5076,923,398736,63,10,Swiggy Genie,"H.No. 973, Gade Road, Bhalswa Jahangir Pur 874217",28-02-2026
2029,Mumbai,Andheri,Spice South Indian Zone,"Mughlai, Bakery, Arabian, South Indian",391,3.1,4146,3393,1326663,28,10,Regular Delivery,"36/84, Arora, Unnao-509757",15-11-2025
2030,Hyderabad,Banjara Hills,Royal Healthy Food Factory,"Pizza, Seafood",943,3.2,12864,1276,1203268,44,40,Swiggy Genie,"95, Jani Ganj, Gandhidham-561946",28-12-2025
2031,Delhi,Saket,Cafe Chinese Hub,"Healthy Food, Arabian, Mughlai",142,3.5,3824,4112,583904,28,30,Swiggy Genie,"04/025, Ben, Bilaspur 235677",25-04-2026
2032,Hyderabad,Hitech City,Urban North Indian Hub,"South Indian, Bakery, Biryani, Chinese",1068,4.7,4429,4121,4401228,55,30,Regular Delivery,"773, Bhatia Marg, Khammam 104655",19-07-2025
2033,Hyderabad,Kukatpally,Urban Bakery Point,"Italian, South Indian",724,3.5,14811,2793,2022132,65,0,Regular Delivery,"H.No. 795, Chadha Chowk, Tadipatri 830277",22-05-2026
2034,Delhi,Connaught Place,Food South Indian Palace,"Mughlai, North Indian",178,3.2,13677,184,32752,31,25,Swiggy One,"H.No. 35, Bali Chowk, Agartala 383494",11-01-2026
2035,Chennai,T Nagar,Cafe Seafood Hub,"Ice Cream, Desserts, Mughlai, Fast Food",167,3.3,1416,3648,609216,60,30,Swiggy One,"77/360, Koshy Street, Bahraich 746189",03-02-2026
2036,Chennai,Velachery,Food Seafood Factory,Biryani,1003,4.5,3663,4428,4441284,52,50,Regular Delivery,"54/386, Trivedi Road, Rohtak-956466",13-09-2025
2037,Delhi,Dwarka,Delight Desserts Point,"Bakery, Fast Food, Healthy Food, Arabian",541,3.6,909,1210,654610,46,15,Regular Delivery,"H.No. 48, Kulkarni Marg, Pudukkottai 256046",14-10-2025
2038,Bangalore,BTM Layout,Express Mughlai Hub,Fast Food,692,3.8,9702,732,506544,37,50,Regular Delivery,"90/59, Chopra Circle, Vellore-518230",28-06-2025
2039,Delhi,Connaught Place,Biryani Biryani Palace,"North Indian, Biryani",1187,4,12588,4668,5540916,40,20,Swiggy Genie,"09/58, Ranganathan Nagar, Sirsa 544003",03-03-2026
2040,Delhi,Karol Bagh,Royal Ice Cream World,"Chinese, Arabian, Bakery",217,4.8,3873,1129,244993,39,50,Regular Delivery,"H.No. 22, Jayaraman Circle, Khora  096856",22-11-2025
2041,Hyderabad,Hitech City,Kitchen Fast Food Hub,"Chinese, Bakery, Fast Food",798,4.3,2115,4122,3289356,62,40,Swiggy Genie,"44/655, Gupta Road, Kottayam-161752",14-01-2026
2042,Delhi,Karol Bagh,Food Pizza Grill,"Andhra, Healthy Food, Mughlai, Burgers",461,3.6,10921,1381,636641,62,15,Regular Delivery,"99/46, Sami Ganj, Ongole 069058",07-10-2025
2043,Hyderabad,Hitech City,Express Fast Food Corner,Biryani,622,3.6,733,3578,2225516,47,30,Regular Delivery,"02/46, Bhat Chowk, Pudukkottai 394380",05-09-2025
2044,Chennai,Adyar,Spice Mughlai Palace,"Andhra, Seafood, Desserts, Ice Cream",783,4.5,3634,2379,1862757,50,25,Regular Delivery,"22/40, Dalal Chowk, New Delhi-490405",20-01-2026
2045,Chennai,OMR,Biryani Fast Food Point,"Seafood, Chinese, South Indian, Biryani",1098,3.5,5696,4992,5481216,63,30,Regular Delivery,"39, Sodhi, Dharmavaram 415093",26-11-2025
2046,Hyderabad,Hitech City,Street Chinese Point,"Ice Cream, Healthy Food, Bakery, Desserts",716,4.8,6370,3590,2570440,63,15,Swiggy One,"29/672, Ghosh Road, Tirupati-992188",28-04-2026
2047,Chennai,Anna Nagar,Food Ice Cream Factory,Healthy Food,578,3.4,6706,669,386682,42,30,Swiggy One,"85/37, Dewan Zila, Pimpri-Chinchwad-679671",20-06-2025
2048,Mumbai,Powai,Kitchen Andhra Junction,Mughlai,136,4.7,866,2955,401880,56,20,Regular Delivery,"36, Verma, Nizamabad-870933",07-07-2025
2049,Delhi,Saket,Food Fast Food Hub,Biryani,295,4.4,5412,1351,398545,56,50,Swiggy Genie,"H.No. 17, Bajaj Street, Kakinada 710992",13-04-2026
2050,Chennai,Velachery,Express Fast Food Palace,"Ice Cream, Mughlai",462,3.8,6770,4730,2185260,55,0,Regular Delivery,"07, Chahal Ganj, Medininagar 505102",09-07-2025
2051,Delhi,Karol Bagh,Express South Indian Palace,"South Indian, Healthy Food, Mughlai, Seafood",136,4.5,3270,669,90984,39,0,Swiggy One,"93/71, Basak Road, Udupi 631227",21-01-2026
2052,Hyderabad,Banjara Hills,Express Mughlai Treats,"Bakery, Mughlai",1115,3,5717,2312,2577880,40,25,Swiggy One,"13/140, Lalla Circle, Latur-181889",29-09-2025
2053,Bangalore,Koramangala,Food South Indian Grill,"Pizza, Italian",1015,3.8,4429,1208,1226120,67,40,Swiggy One,"33/993, Bali Chowk, Ichalkaranji 815249",14-08-2025
2054,Hyderabad,Madhapur,Street Chinese Point,"Fast Food, Healthy Food, Bakery",433,4.3,13501,3720,1610760,42,40,Regular Delivery,"H.No. 65, Agrawal Road, Haridwar 937205",20-05-2026
2055,Hyderabad,Hitech City,Biryani Seafood Junction,"South Indian, Chinese, Healthy Food",623,4.6,11085,2866,1785518,51,50,Swiggy One,"H.No. 095, Madan Nagar, Rajkot 091453",15-06-2025
2056,Delhi,Saket,Food Burgers Treats,Burgers,652,3.3,10000,3993,2603436,43,40,Regular Delivery,"61, Dani Road, Siliguri 354149",18-09-2025
2057,Delhi,Karol Bagh,Express North Indian World,"Mughlai, North Indian, Desserts",823,3,12850,4215,3468945,56,10,Swiggy Genie,"98/30, Subramaniam Chowk, Anantapur 097785",12-12-2025
2058,Mumbai,Dadar,Delight Ice Cream Palace,"Bakery, South Indian, Chinese",316,4.5,9946,2857,902812,69,15,Swiggy Genie,"21/524, Badami Ganj, Ramgarh 167064",09-09-2025
2059,Bangalore,Whitefield,House Desserts Zone,"Burgers, Ice Cream, Mughlai",808,4.2,7846,3724,3008992,37,50,Swiggy One,"68, Singh Circle, Srinagar 880598",04-02-2026
2060,Chennai,Adyar,Biryani Seafood Palace,"South Indian, Desserts, North Indian",659,4.2,11655,1903,1254077,33,25,Swiggy One,"40/65, Dani, Nagaon-232274",25-05-2025
2061,Delhi,Dwarka,Delight Burgers Corner,"Biryani, Burgers, Andhra, Fast Food",125,4.5,4402,4068,508500,69,0,Swiggy One,"41/62, Butala Zila, Bathinda 675531",14-05-2026
2062,Hyderabad,Kukatpally,Tandoori Bakery Grill,Bakery,1069,3.8,884,979,1046551,62,0,Swiggy Genie,"858, Vala Path, Katni 164940",22-03-2026
2063,Chennai,T Nagar,Street Ice Cream Junction,"Italian, Andhra, Biryani, Mughlai",266,4.5,10851,1173,312018,36,50,Swiggy Genie,"H.No. 222, Chada Marg, Indore-343146",02-01-2026
2064,Chennai,T Nagar,Tandoori Seafood Palace,"Seafood, Fast Food, Pizza, South Indian",1119,3.4,6497,3144,3518136,54,30,Swiggy One,"H.No. 072, Mallick, Vijayawada 727693",18-02-2026
2065,Hyderabad,Hitech City,Urban Bakery Factory,"Pizza, Biryani, Andhra",835,4,13714,4061,3390935,69,30,Regular Delivery,"90/654, Iyer Zila, Kollam 497943",23-10-2025
2066,Delhi,Karol Bagh,House Andhra Treats,"Bakery, Italian, Ice Cream, South Indian",210,3.1,14761,1043,219030,53,25,Swiggy Genie,"22/507, Sarin Circle, Kamarhati 092065",20-06-2025
2067,Mumbai,Bandra,Cafe Arabian World,"Fast Food, Bakery",123,3.4,7668,3360,413280,26,25,Regular Delivery,"06/15, Savant Circle, Durgapur-595954",18-01-2026
2068,Mumbai,Andheri,Kitchen Desserts Palace,"Healthy Food, Seafood, Arabian",374,4,11742,421,157454,40,30,Regular Delivery,"92/682, Kuruvilla Circle, Ichalkaranji-176549",09-09-2025
2069,Hyderabad,Banjara Hills,Food South Indian Point,"Bakery, Healthy Food, Mughlai",1065,2.9,10019,905,963825,72,40,Swiggy Genie,"599, Basak, Raipur-513060",05-01-2026
2070,Bangalore,Whitefield,Spice Biryani World,"North Indian, Seafood, Andhra",192,4.8,7586,4787,919104,56,25,Swiggy Genie,"30, Grewal Zila, Tirupati-589132",28-07-2025
2071,Mumbai,Lower Parel,House Biryani Treats,"Burgers, Ice Cream, Healthy Food, Andhra",439,3,13126,4582,2011498,43,20,Regular Delivery,"61/222, Sachdeva Chowk, Agartala 012934",21-02-2026
2072,Mumbai,Dadar,Food Healthy Food Junction,"Desserts, Burgers, Biryani, Mughlai",873,4.6,13084,452,394596,42,40,Swiggy One,"H.No. 584, Dasgupta Ganj, Farrukhabad-961449",04-04-2026
2073,Bangalore,Whitefield,Express Fast Food Palace,"Pizza, Ice Cream",294,4.8,3826,952,279888,71,30,Swiggy Genie,"910, Khosla Street, Sri Ganganagar-703611",17-12-2025
2074,Delhi,Connaught Place,Tandoori South Indian Grill,Ice Cream,1078,4.7,5127,2617,2821126,30,50,Regular Delivery,"874, Rajagopalan Marg, Rohtak-443647",06-11-2025
2075,Hyderabad,Banjara Hills,Cafe Andhra World,"Desserts, Burgers, Healthy Food, Bakery",248,4.8,4441,1685,417880,53,0,Regular Delivery,"H.No. 88, Wali Circle, Chapra 097443",09-05-2026
2076,Bangalore,BTM Layout,House Andhra Factory,"Desserts, Mughlai, Burgers, Italian",434,3.6,462,2887,1252958,52,15,Swiggy Genie,"H.No. 24, Wason Ganj, Jamshedpur-210041",04-01-2026
2077,Mumbai,Bandra,Royal Pizza Zone,"Ice Cream, Bakery, Mughlai, Andhra",1191,3.6,9606,1114,1326774,26,10,Regular Delivery,"43/57, Halder Circle, Rampur-146376",17-07-2025
2078,Hyderabad,Gachibowli,House Burgers Factory,"Chinese, Pizza",445,4.5,1403,4557,2027865,26,50,Regular Delivery,"30, Gala Chowk, Mumbai-237600",08-01-2026
2079,Hyderabad,Kukatpally,Biryani Italian Palace,"Mughlai, Healthy Food, Italian",678,3.6,6149,1561,1058358,64,20,Swiggy One,"34/96, Kannan, Phusro-184758",14-02-2026
2080,Chennai,T Nagar,Royal Seafood Point,"Chinese, South Indian, Ice Cream",557,3.6,7425,2849,1586893,32,0,Swiggy Genie,"41/410, Tak Circle, Tirupati 232983",26-01-2026
2081,Bangalore,Indiranagar,Kitchen Andhra Zone,Fast Food,736,4.4,8849,4148,3052928,69,25,Swiggy Genie,"82/879, Dhillon Marg, Unnao 086796",24-05-2026
2082,Chennai,Adyar,Royal Ice Cream Zone,"Burgers, North Indian",619,3.2,5352,878,543482,37,0,Swiggy Genie,"H.No. 39, Tripathi Chowk, Pimpri-Chinchwad-825909",14-06-2025
2083,Hyderabad,Banjara Hills,Food North Indian Junction,"Fast Food, Italian",123,3.9,14442,2464,303072,69,40,Swiggy One,"528, Cheema Zila, Rajkot-428336",09-07-2025
2084,Mumbai,Andheri,House Healthy Food Treats,Andhra,342,4.8,3936,3170,1084140,69,50,Swiggy Genie,"175, Lad Marg, Solapur 216572",17-11-2025
2085,Delhi,Karol Bagh,Food Healthy Food Point,Healthy Food,972,3.2,1586,422,410184,51,15,Swiggy One,"20/237, Gokhale Path, Meerut-032990",09-01-2026
2086,Delhi,Rohini,Express Mughlai Grill,"South Indian, Seafood, Pizza, Healthy Food",575,2.9,14567,3251,1869325,72,15,Swiggy One,"H.No. 059, Kakar Circle, Satara 690613",08-05-2026
2087,Chennai,Adyar,Royal Chinese Treats,"Andhra, Desserts, Pizza",195,3.5,14897,247,48165,63,20,Swiggy One,"03, Swaminathan Nagar, Kurnool 724650",28-09-2025
2088,Chennai,OMR,House North Indian Junction,Healthy Food,731,3.1,13392,4963,3627953,62,10,Swiggy One,"H.No. 302, Ganesan Nagar, Rampur-735977",22-05-2026
2089,Bangalore,BTM Layout,Express Biryani Junction,Bakery,933,4.9,2379,3885,3624705,57,40,Swiggy Genie,"H.No. 976, Ahluwalia Path, Parbhani-106880",19-05-2026
2090,Mumbai,Powai,Tandoori Chinese Grill,"Biryani, Burgers",629,4.1,6570,2872,1806488,66,15,Swiggy Genie,"04/07, Viswanathan Street, Nagaon 850297",21-02-2026
2091,Mumbai,Andheri,Food North Indian Zone,"Burgers, South Indian",1164,3.8,13037,1239,1442196,37,0,Regular Delivery,"07/651, Kaul Nagar, Bhiwandi-502065",17-08-2025
2092,Hyderabad,Gachibowli,Street Fast Food Grill,"Desserts, Mughlai, Ice Cream",289,2.8,5982,2752,795328,48,20,Swiggy Genie,"32, Borra Chowk, Gurgaon 779601",07-02-2026
2093,Mumbai,Powai,Tandoori Bakery Point,"Ice Cream, Fast Food, Arabian",173,4.6,12082,465,80445,25,25,Swiggy Genie,"H.No. 87, Bhasin Ganj, Rourkela-472535",09-08-2025
2094,Hyderabad,Hitech City,Delight Seafood Factory,"Fast Food, South Indian",1171,4.8,9600,4718,5524778,65,50,Regular Delivery,"091, Koshy Circle, Sultan Pur Majra 531527",21-01-2026
2095,Bangalore,Indiranagar,Kitchen Chinese World,"Italian, South Indian, Desserts",174,3.2,5709,546,95004,46,50,Regular Delivery,"04/89, Seshadri Marg, Noida-150459",18-08-2025
2096,Chennai,Anna Nagar,Cafe Mughlai Hub,"Ice Cream, Italian",795,3,6475,4628,3679260,36,20,Regular Delivery,"H.No. 805, Sanghvi Marg, Nangloi Jat 389087",22-04-2026
2097,Chennai,Velachery,Express Ice Cream Point,"Italian, Fast Food",1048,4.4,6664,3648,3823104,49,50,Swiggy Genie,"24/816, Goda Zila, Gaya-339181",21-01-2026
2098,Bangalore,Whitefield,House Italian Junction,"Desserts, Pizza, Burgers",283,4.1,7790,445,125935,68,20,Swiggy Genie,"74/64, Das Zila, Medininagar 415278",22-08-2025
2099,Hyderabad,Gachibowli,Cafe Italian Factory,"Andhra, Bakery, Healthy Food",1143,4.7,4375,1032,1179576,75,30,Swiggy Genie,"73/88, Kannan Chowk, Aurangabad 813237",11-12-2025
2100,Chennai,OMR,Cafe Italian Junction,"South Indian, Arabian, Pizza",359,3.9,5693,2872,1031048,44,0,Swiggy One,"62/283, Balakrishnan Marg, Tadepalligudem 761237",06-01-2026
2101,Hyderabad,Banjara Hills,Delight Bakery Grill,Italian,732,4.5,6825,941,688812,73,10,Swiggy Genie,"056, Ramanathan Circle, Haridwar-451436",09-03-2026
2102,Bangalore,Whitefield,Street Bakery Treats,"Mughlai, Pizza, Desserts, Burgers",819,3.8,8434,1322,1082718,56,50,Swiggy Genie,"32/81, Date Nagar, Gudivada-943589",23-07-2025
2103,Mumbai,Lower Parel,Biryani Ice Cream Hub,"Arabian, Ice Cream",536,4,10025,3194,1711984,52,25,Regular Delivery,"624, Deshmukh, Asansol 661291",19-02-2026
2104,Chennai,Adyar,Food Burgers Treats,Andhra,258,3.3,2216,356,91848,46,50,Regular Delivery,"14/661, Uppal Street, Panihati-922874",24-04-2026
2105,Mumbai,Dadar,Spice Fast Food Grill,"Italian, Arabian, Burgers, Desserts",952,3.1,3700,4907,4671464,51,50,Swiggy Genie,"54/39, Din Path, Gandhidham 229030",19-06-2025
2106,Mumbai,Andheri,Kitchen Desserts Factory,South Indian,372,3.1,9832,1615,600780,46,15,Regular Delivery,"738, Aggarwal Ganj, Kolhapur-751256",18-12-2025
2107,Bangalore,Whitefield,Urban Desserts Junction,"Arabian, Biryani",615,2.9,2394,2146,1319790,33,20,Swiggy One,"71/26, Kapadia Road, Bihar Sharif-858928",30-01-2026
2108,Mumbai,Andheri,Delight Ice Cream Junction,"North Indian, Andhra, Italian, Fast Food",124,3.6,5682,1642,203608,61,15,Swiggy One,"H.No. 857, Das Circle, Madanapalle 006430",08-03-2026
2109,Mumbai,Lower Parel,Street Chinese Corner,"Seafood, Mughlai, Chinese, Arabian",1155,3.5,7953,350,404250,65,0,Swiggy One,"16/433, Das, Saharanpur-578096",02-04-2026
2110,Chennai,T Nagar,Biryani Desserts Point,"Arabian, Ice Cream, Desserts",358,4.8,10400,2176,779008,68,0,Swiggy Genie,"622, Hari Nagar, Lucknow 779779",15-10-2025
2111,Chennai,T Nagar,Spice Seafood Junction,"Pizza, Ice Cream, Mughlai",1029,3.7,5009,2808,2889432,28,30,Swiggy Genie,"20, Raval Marg, Guntakal 731198",23-04-2026
2112,Mumbai,Lower Parel,House Burgers Hub,"Italian, Ice Cream, Fast Food, North Indian",588,4.3,2180,2120,1246560,30,10,Swiggy Genie,"19, Saha Road, Imphal-867145",10-06-2025
2113,Mumbai,Andheri,Express Mughlai Treats,Seafood,547,4.8,12758,4503,2463141,56,15,Swiggy One,"533, Sehgal Street, Sagar 938202",20-04-2026
2114,Delhi,Rohini,Tandoori Chinese Palace,"Burgers, Italian, Ice Cream, Desserts",442,4.5,9346,1502,663884,43,40,Regular Delivery,"282, Gole, Kulti-380355",18-02-2026
2115,Bangalore,Whitefield,Spice Desserts Junction,"Arabian, Pizza, South Indian, Fast Food",494,3.9,8349,116,57304,20,50,Swiggy Genie,"31/454, Thakkar Street, Shimla-767464",06-01-2026
2116,Chennai,Anna Nagar,Express Healthy Food Palace,Burgers,813,4.2,2508,1384,1125192,21,15,Regular Delivery,"93/24, Kurian Ganj, Bellary 203848",27-10-2025
2117,Bangalore,BTM Layout,Royal Mughlai Palace,"Bakery, Pizza, Burgers, Italian",1140,4.1,10839,535,609900,75,10,Swiggy One,"H.No. 75, Ravi Circle, Bharatpur-883171",26-10-2025
2118,Mumbai,Dadar,House North Indian Point,"Italian, Burgers",848,3.2,11206,2151,1824048,63,50,Swiggy One,"365, Agarwal Zila, Bhilwara 610779",22-11-2025
2119,Hyderabad,Madhapur,Kitchen Seafood Palace,"Mughlai, North Indian",506,3.2,9435,1241,627946,43,50,Swiggy Genie,"H.No. 47, Sachdev Ganj, Hyderabad-826475",02-09-2025
2120,Delhi,Saket,Royal Ice Cream Factory,"North Indian, Fast Food, Healthy Food, Mughlai",1032,4.9,2565,3367,3474744,34,15,Swiggy One,"57/36, Vig Chowk, Ichalkaranji-931480",03-05-2026
2121,Bangalore,Koramangala,Kitchen North Indian Point,"Biryani, Arabian, Seafood",867,2.9,1800,4146,3594582,56,40,Regular Delivery,"25, Char Ganj, Tiruvottiyur 965623",02-02-2026
2122,Mumbai,Bandra,Biryani Chinese Grill,Pizza,387,2.9,13949,4583,1773621,55,15,Regular Delivery,"H.No. 70, Bhatti Circle, Dibrugarh-241161",14-11-2025
2123,Chennai,Velachery,Urban Italian Hub,"Desserts, Bakery",670,4,13992,4876,3266920,32,50,Swiggy One,"H.No. 59, Madan Nagar, Akola 322554",25-09-2025
2124,Delhi,Saket,Express Bakery Factory,Seafood,375,3,13850,762,285750,33,50,Swiggy One,"380, Dugar, Guntur-059927",02-08-2025
2125,Delhi,Saket,Biryani Italian Palace,Italian,346,4.9,5125,4678,1618588,31,25,Swiggy One,"27/223, Sibal Nagar, Nagaon 331224",19-05-2026
2126,Hyderabad,Hitech City,Delight Chinese Zone,"Burgers, Fast Food, Chinese, Healthy Food",606,4.3,2963,3762,2279772,39,50,Swiggy Genie,"H.No. 765, Ahluwalia Path, Kolkata 036440",23-10-2025
2127,Mumbai,Dadar,Street Fast Food Palace,"Burgers, Italian, Mughlai, Pizza",524,4.1,5663,3868,2026832,75,25,Regular Delivery,"043, Dar Zila, Ramagundam-916785",12-03-2026
2128,Mumbai,Bandra,Food Arabian Junction,"Bakery, Desserts, South Indian, Burgers",1181,4.6,10660,4760,5621560,22,15,Swiggy Genie,"04/52, Keer Ganj, Chandigarh-934302",13-06-2025
2129,Hyderabad,Kukatpally,Urban Arabian World,Arabian,977,4.8,10314,4729,4620233,21,0,Swiggy One,"H.No. 109, Bahri Marg, Aurangabad 973853",03-01-2026
2130,Bangalore,Jayanagar,Cafe Bakery World,Andhra,587,3.8,2138,3401,1996387,38,15,Swiggy One,"H.No. 122, Kata Road, Medininagar 525980",02-12-2025
2131,Hyderabad,Gachibowli,Spice Desserts Treats,"Ice Cream, Arabian, Chinese",592,2.9,12509,560,331520,25,25,Swiggy Genie,"43/12, Aurora Path, Mehsana 792523",07-11-2025
2132,Chennai,Velachery,Kitchen Burgers Corner,"Desserts, South Indian, Bakery, Italian",931,3.5,1128,2769,2577939,36,50,Swiggy One,"066, Bora Circle, Bhopal 715379",20-09-2025
2133,Delhi,Connaught Place,Express Ice Cream Corner,Chinese,576,3.3,5456,3753,2161728,59,25,Swiggy One,"41, Srivastava Nagar, Rampur 651162",17-03-2026
2134,Hyderabad,Gachibowli,Food Andhra World,"Seafood, Arabian",1096,4.5,1400,4955,5430680,42,20,Swiggy Genie,"32, Kota Circle, Korba 768202",30-11-2025
2135,Hyderabad,Gachibowli,Cafe Desserts Treats,"Burgers, Bakery, Pizza, Desserts",784,2.8,11841,4690,3676960,32,15,Swiggy Genie,"31/76, Srinivasan Ganj, Bellary 989712",29-08-2025
2136,Delhi,Connaught Place,Street Italian Treats,Andhra,258,4.6,10616,1273,328434,39,25,Swiggy One,"96/659, Badal Street, Malda 181094",31-05-2025
2137,Delhi,Dwarka,Street South Indian Palace,"Seafood, Burgers",480,4.1,2097,4984,2392320,45,50,Swiggy Genie,"89/88, Bala, Chittoor-719628",03-12-2025
2138,Bangalore,Whitefield,Delight Desserts Grill,"Bakery, Mughlai, Andhra, Pizza",522,3.4,3837,4892,2553624,63,40,Swiggy Genie,"388, Kalita Circle, Kurnool 859850",20-06-2025
2139,Chennai,T Nagar,Cafe Bakery Corner,"Burgers, Mughlai",1171,3.8,11419,3821,4474391,34,30,Swiggy Genie,"443, Dubey, Kirari Suleman Nagar-100543",26-07-2025
2140,Hyderabad,Hitech City,Tandoori North Indian World,Desserts,596,3.4,4122,493,293828,60,20,Swiggy Genie,"H.No. 758, Walla Road, Dehradun 427752",29-10-2025
2141,Hyderabad,Banjara Hills,Urban Arabian World,"Biryani, Andhra, Chinese",639,2.8,9389,1643,1049877,54,30,Regular Delivery,"434, Dubey Path, Dindigul 518715",20-11-2025
2142,Mumbai,Bandra,Tandoori Bakery Hub,Desserts,783,4.7,6599,2116,1656828,23,15,Swiggy Genie,"67, Baral, Kamarhati 116719",15-02-2026
2143,Chennai,Anna Nagar,Cafe Chinese Factory,Healthy Food,850,3.5,14127,4894,4159900,51,0,Swiggy One,"975, Kothari, Madhyamgram 762928",21-11-2025
2144,Bangalore,Koramangala,House Arabian Factory,"Pizza, Italian",925,3.4,1339,3121,2886925,57,15,Swiggy One,"68/427, Sharaf Circle, Phagwara 871387",30-08-2025
2145,Bangalore,Indiranagar,Spice Healthy Food Zone,"Desserts, Ice Cream, Mughlai",274,4,13885,254,69596,35,30,Swiggy One,"39, Kota Path, Ramgarh-817151",22-08-2025
2146,Hyderabad,Kukatpally,Kitchen Biryani Factory,"Chinese, Arabian, Bakery",1138,4.6,5195,1073,1221074,42,50,Swiggy One,"H.No. 30, Kara Nagar, Pune 985983",26-04-2026
2147,Mumbai,Bandra,Food Desserts Hub,"Pizza, Healthy Food",1001,3.1,6775,4474,4478474,28,10,Regular Delivery,"594, Balakrishnan, Pondicherry 192379",06-08-2025
2148,Chennai,Adyar,Spice North Indian World,"Seafood, Chinese",1012,4.8,5172,1340,1356080,22,25,Swiggy Genie,"242, Kurian Street, Latur-013943",03-09-2025
2149,Chennai,OMR,Delight Italian World,"Bakery, Seafood, Italian, Fast Food",278,3.4,11286,276,76728,33,40,Regular Delivery,"58/125, Chowdhury Zila, Pune 013887",15-12-2025
2150,Bangalore,Jayanagar,Spice Chinese Palace,Biryani,975,4.3,13969,4994,4869150,23,20,Swiggy Genie,"H.No. 96, Sarraf Marg, Bhubaneswar-172448",09-09-2025
2151,Mumbai,Lower Parel,Spice Ice Cream Treats,Fast Food,354,3.6,4032,3419,1210326,55,10,Regular Delivery,"443, Raval Chowk, Panihati-658040",05-04-2026
2152,Mumbai,Lower Parel,House Bakery Treats,"Chinese, Ice Cream, Andhra",213,4.9,10334,2816,599808,22,40,Swiggy One,"H.No. 542, Bahl Path, South Dumdum-309067",03-01-2026
2153,Delhi,Rohini,Urban South Indian Hub,"Mughlai, Desserts",1101,4.8,11756,94,103494,51,15,Regular Delivery,"11, Bhasin Ganj, Pondicherry-128564",10-12-2025
2154,Delhi,Connaught Place,Tandoori Italian Junction,"Italian, Chinese, Seafood",840,3.7,340,315,264600,49,20,Regular Delivery,"62/718, Dugal Marg, Kadapa-138566",24-08-2025
2155,Hyderabad,Madhapur,Delight Bakery Point,"Italian, Healthy Food, Ice Cream, Mughlai",642,3.5,4703,3452,2216184,58,20,Swiggy One,"H.No. 981, Sandal Path, Durgapur-574312",19-01-2026
2156,Bangalore,Koramangala,Food Mughlai Zone,"Healthy Food, Pizza, Arabian, North Indian",1174,4.3,7413,4677,5490798,43,10,Swiggy One,"113, Kamdar Circle, Aizawl 911333",19-08-2025
2157,Mumbai,Andheri,Street Bakery Treats,Andhra,213,3.5,10005,3374,718662,70,30,Swiggy Genie,"94, De Road, Thanjavur 220957",05-06-2025
2158,Chennai,Velachery,House Italian Junction,South Indian,420,2.8,580,4415,1854300,28,30,Swiggy One,"73/00, Chadha Street, Udupi-769491",03-07-2025
2159,Mumbai,Powai,Kitchen Healthy Food World,"Desserts, Mughlai",615,2.8,3327,4136,2543640,26,40,Regular Delivery,"75/73, Ghosh Marg, Nagpur-343110",02-09-2025
2160,Delhi,Dwarka,Food Biryani Factory,Burgers,699,3.9,11081,927,647973,29,0,Swiggy Genie,"043, Bhattacharyya Road, Naihati 170719",11-03-2026
2161,Chennai,Anna Nagar,Street Seafood Factory,"Bakery, Andhra",168,4.2,5654,4235,711480,38,0,Regular Delivery,"449, Chadha Street, Adoni 369747",27-08-2025
2162,Bangalore,Jayanagar,House Italian Junction,"Healthy Food, Fast Food",1185,3.9,2263,877,1039245,39,40,Swiggy One,"26, Karnik Zila, Surat-039369",12-10-2025
2163,Hyderabad,Madhapur,Express Desserts Hub,"Arabian, Biryani",176,2.9,1352,2643,465168,38,20,Swiggy Genie,"H.No. 45, Vohra Zila, Jodhpur-035594",20-11-2025
2164,Delhi,Karol Bagh,Cafe Ice Cream Point,"North Indian, Desserts",1016,4.9,9329,2653,2695448,61,40,Swiggy One,"91/562, Varty Road, Jorhat 475116",28-03-2026
2165,Mumbai,Dadar,Tandoori Bakery Point,"Healthy Food, Bakery",1188,4.1,6236,2839,3372732,30,15,Swiggy Genie,"H.No. 52, Khatri Zila, Pondicherry 953248",09-07-2025
2166,Mumbai,Powai,Tandoori South Indian Corner,"South Indian, North Indian, Chinese, Andhra",579,4.7,4751,3211,1859169,22,30,Regular Delivery,"78/399, Ratti Marg, Madanapalle-931335",12-03-2026
2167,Mumbai,Dadar,Biryani Chinese Factory,Burgers,1182,4,762,917,1083894,72,25,Regular Delivery,"H.No. 25, Luthra Marg, Rajahmundry 340364",20-07-2025
2168,Hyderabad,Hitech City,Royal Andhra Treats,Seafood,1003,2.9,8934,1552,1556656,71,10,Swiggy Genie,"64/352, Lalla Ganj, Amaravati 668225",14-02-2026
2169,Delhi,Saket,House South Indian Grill,"Arabian, Mughlai, Pizza, Desserts",901,4.5,6870,1231,1109131,25,30,Swiggy One,"H.No. 17, Lad Road, Guwahati-772659",27-11-2025
2170,Mumbai,Lower Parel,Urban North Indian Corner,"Arabian, Pizza, Italian",447,4.5,4302,2136,954792,64,15,Regular Delivery,"56/07, Seshadri Circle, Parbhani-745939",07-03-2026
2171,Delhi,Dwarka,Kitchen Desserts World,"Chinese, Biryani",277,3.4,730,980,271460,34,10,Regular Delivery,"H.No. 52, Kala Path, Rewa 957496",23-03-2026
2172,Bangalore,Indiranagar,Royal Ice Cream Point,"Mughlai, Seafood, Arabian, Healthy Food",629,4.2,6747,778,489362,20,40,Swiggy Genie,"29, Kota Ganj, Gulbarga 456840",25-12-2025
2173,Chennai,Adyar,Royal Pizza Factory,Biryani,894,4.8,11134,2568,2295792,58,15,Regular Delivery,"379, Luthra Zila, Meerut 758799",15-06-2025
2174,Mumbai,Dadar,Spice Desserts Palace,"Arabian, South Indian",280,3.4,3294,4304,1205120,68,10,Swiggy Genie,"H.No. 913, Chandran Zila, Gorakhpur-181428",17-04-2026
2175,Bangalore,Jayanagar,Spice Seafood Point,Arabian,594,3.1,10473,4890,2904660,27,50,Regular Delivery,"990, Sachdeva, Rampur-062955",20-04-2026
2176,Bangalore,Koramangala,Biryani Andhra Hub,"Italian, North Indian, Ice Cream",682,4.5,13266,899,613118,44,50,Swiggy One,"37/37, Dayal Nagar, Sangli-Miraj & Kupwad-034973",27-10-2025
2177,Delhi,Dwarka,Tandoori Biryani Palace,"Chinese, North Indian",844,4.4,6435,3961,3343084,37,30,Swiggy Genie,"553, Swamy Path, Udaipur-461275",17-09-2025
2178,Hyderabad,Banjara Hills,Spice Italian Palace,"Healthy Food, Arabian, Pizza",175,3.3,14105,2195,384125,48,25,Regular Delivery,"77/734, Samra Ganj, Nagpur-795589",13-04-2026
2179,Delhi,Rohini,Delight Biryani Junction,"North Indian, Arabian, Biryani, Andhra",925,4.4,10124,1602,1481850,38,10,Regular Delivery,"58/26, Chakraborty Circle, Rourkela 680300",07-05-2026
2180,Mumbai,Powai,Food North Indian Junction,North Indian,463,3.7,13305,1994,923222,48,30,Swiggy Genie,"H.No. 013, Deshpande, Moradabad 341130",15-08-2025
2181,Delhi,Connaught Place,Tandoori Chinese Hub,"Healthy Food, Italian, Fast Food",286,2.9,8796,2802,801372,58,40,Swiggy One,"H.No. 288, Sangha Street, Warangal 692137",08-06-2025
2182,Mumbai,Andheri,Food South Indian Treats,"Seafood, Biryani",711,2.8,4652,4348,3091428,48,25,Swiggy One,"H.No. 56, Bhargava Nagar, Warangal-063612",03-07-2025
2183,Mumbai,Lower Parel,House Ice Cream Zone,"Mughlai, Healthy Food, Seafood",636,3.9,7706,3400,2162400,20,20,Swiggy Genie,"491, Sehgal Street, Ratlam-043580",28-08-2025
2184,Bangalore,BTM Layout,Kitchen Healthy Food Junction,"Italian, North Indian, Mughlai, South Indian",1104,3.5,14917,1734,1914336,39,20,Swiggy Genie,"H.No. 36, Khalsa Chowk, Vasai-Virar-652786",16-01-2026
2185,Mumbai,Lower Parel,Royal Italian Point,Biryani,986,4.5,648,1474,1453364,37,0,Swiggy Genie,"92/130, Kade, Miryalaguda-847833",23-01-2026
2186,Chennai,T Nagar,Biryani Andhra World,"Chinese, Mughlai, Burgers",692,3.3,3872,4705,3255860,62,25,Regular Delivery,"238, Verma Chowk, Hazaribagh-320904",17-07-2025
2187,Mumbai,Powai,Royal Healthy Food Hub,"Burgers, Biryani, Arabian",552,4.3,5951,533,294216,35,0,Swiggy One,"58/65, Jain Marg, Malda-480056",26-05-2025
2188,Delhi,Rohini,Food Bakery Junction,"Mughlai, Seafood",910,4.3,12169,3818,3474380,59,50,Swiggy Genie,"31, Sethi, Tiruvottiyur-512250",24-09-2025
2189,Bangalore,Whitefield,Food Pizza Palace,"Arabian, Mughlai",1157,3.8,11891,4668,5400876,29,20,Swiggy One,"47/98, Balasubramanian Ganj, Rampur 471172",07-03-2026
2190,Delhi,Dwarka,Urban Healthy Food Treats,"Desserts, Andhra, Arabian",1048,4.2,4322,2057,2155736,64,10,Swiggy One,"40/667, Ghosh Zila, Rampur-272525",22-01-2026
2191,Delhi,Saket,Delight Mughlai World,Healthy Food,188,3.7,6034,3993,750684,43,10,Swiggy Genie,"H.No. 813, Kade Chowk, Guntakal-402444",05-04-2026
2192,Chennai,Adyar,Cafe Biryani Treats,"Biryani, Italian",399,3.5,6492,3119,1244481,64,20,Swiggy One,"62, Dube Circle, Shahjahanpur-259225",21-10-2025
2193,Mumbai,Powai,Cafe Italian Hub,"Fast Food, Andhra, Arabian, Ice Cream",328,4.8,10906,3034,995152,60,30,Swiggy One,"216, Karan Street, Miryalaguda-468293",17-08-2025
2194,Bangalore,Indiranagar,Urban Healthy Food Point,"Ice Cream, Seafood",929,3.6,12294,3046,2829734,57,15,Swiggy One,"H.No. 63, Dugar Zila, Jalna 516246",29-06-2025
2195,Hyderabad,Hitech City,Spice Burgers Treats,Seafood,229,2.8,10975,533,122057,25,10,Swiggy Genie,"235, Madan Zila, Nandyal 276920",18-02-2026
2196,Chennai,Adyar,Royal Italian Junction,Andhra,648,4.5,12687,1221,791208,67,10,Swiggy Genie,"33/178, Rajagopalan Street, Bhavnagar-328273",05-01-2026
2197,Hyderabad,Madhapur,House Fast Food Zone,Pizza,740,4.2,6201,4673,3458020,73,0,Swiggy One,"987, Swaminathan Circle, Ludhiana-565226",02-02-2026
2198,Mumbai,Bandra,Spice Ice Cream Palace,"Fast Food, South Indian",375,3.8,14614,3460,1297500,49,20,Swiggy One,"76, Atwal Zila, Raipur 481315",18-04-2026
2199,Chennai,Adyar,Urban Chinese Zone,Pizza,398,4.6,393,748,297704,46,20,Regular Delivery,"48/151, Taneja Ganj, Kolkata 959609",08-09-2025
2200,Mumbai,Powai,Food Chinese Junction,Healthy Food,179,3.1,6824,3654,654066,36,10,Regular Delivery,"286, Gade, Mirzapur 427025",07-01-2026
2201,Hyderabad,Banjara Hills,House Chinese Treats,"Seafood, Italian",1067,3.7,294,1287,1373229,73,20,Swiggy Genie,"H.No. 267, Ghosh Road, Pallavaram-196558",07-12-2025
2202,Delhi,Connaught Place,Urban Pizza Treats,"Burgers, Healthy Food",1050,4.7,2914,3857,4049850,44,20,Regular Delivery,"05, Master Nagar, Sangli-Miraj & Kupwad-572929",19-04-2026
2203,Chennai,OMR,Biryani Burgers Grill,"Burgers, Italian, Chinese",968,4.4,4279,2114,2046352,39,25,Regular Delivery,"74, Ghose Marg, Sambalpur-018026",19-09-2025
2204,Mumbai,Lower Parel,Street Desserts Junction,"Biryani, Andhra, South Indian, Italian",214,3.7,448,2705,578870,58,0,Regular Delivery,"05/86, Sane Circle, Surat-969309",15-09-2025
2205,Mumbai,Dadar,Biryani Bakery Grill,Seafood,234,4.4,14956,4024,941616,44,15,Regular Delivery,"21/498, Shetty Road, Dewas-183227",16-02-2026
2206,Mumbai,Lower Parel,Biryani Biryani Corner,Burgers,152,4.3,4415,3913,594776,44,20,Swiggy Genie,"03/75, Shroff Zila, Kalyan-Dombivli 166482",22-01-2026
2207,Bangalore,Whitefield,Cafe North Indian Junction,"Mughlai, Fast Food",418,3.2,8384,4464,1865952,39,10,Swiggy Genie,"H.No. 667, Dey Nagar, Jamnagar-928253",17-08-2025
2208,Hyderabad,Hitech City,Delight Healthy Food World,"Bakery, Seafood, Arabian",585,4.3,13102,3020,1766700,56,20,Swiggy One,"19, Kalita Circle, Jaipur-895578",16-10-2025
2209,Delhi,Karol Bagh,Urban Ice Cream World,"Chinese, Arabian, Seafood",671,4.2,1254,1854,1244034,24,50,Swiggy One,"H.No. 38, Dass, Coimbatore-794380",30-10-2025
2210,Mumbai,Andheri,Biryani Mughlai World,"Andhra, Chinese",1002,3,2676,1393,1395786,43,25,Swiggy Genie,"H.No. 92, Seth Path, Erode-655745",13-10-2025
2211,Hyderabad,Madhapur,Biryani Mughlai Junction,South Indian,185,4.4,8375,4815,890775,64,15,Swiggy Genie,"42/536, Dass Zila, Bhalswa Jahangir Pur-906451",17-01-2026
2212,Chennai,OMR,Urban Biryani Hub,"Italian, Biryani",1086,4.2,8597,761,826446,53,20,Swiggy Genie,"H.No. 509, Dasgupta Zila, Miryalaguda-222994",03-03-2026
2213,Mumbai,Bandra,Biryani Pizza Corner,"Bakery, Mughlai, Pizza, Ice Cream",125,3.8,157,264,33000,24,50,Regular Delivery,"80, Ganguly Zila, Jamnagar-691629",25-05-2025
2214,Chennai,Velachery,Food Burgers World,"Ice Cream, Andhra, Seafood, South Indian",1000,4.4,3479,2752,2752000,60,40,Swiggy Genie,"133, Kala Street, Tiruvottiyur 010305",22-12-2025
2215,Hyderabad,Hitech City,House North Indian Hub,"Bakery, Burgers, South Indian",864,4.7,580,2566,2217024,52,10,Regular Delivery,"H.No. 81, Samra Chowk, Phagwara-679238",07-04-2026
2216,Delhi,Karol Bagh,Urban Fast Food Hub,"Pizza, Fast Food",146,3.2,225,1136,165856,48,15,Swiggy Genie,"780, Hayer Marg, Purnia-626340",01-10-2025
2217,Chennai,Anna Nagar,Cafe Fast Food Palace,"Desserts, North Indian",411,4.6,10531,3822,1570842,37,20,Swiggy One,"939, Borra Marg, Purnia-379018",01-07-2025
2218,Hyderabad,Hitech City,Delight Pizza Zone,Andhra,181,4.6,1882,3327,602187,75,40,Swiggy Genie,"H.No. 06, Lalla Circle, Jamalpur-955066",19-03-2026
2219,Bangalore,Whitefield,Cafe Arabian Hub,"Mughlai, Andhra, Ice Cream, Desserts",629,3.2,73,2361,1485069,36,30,Swiggy One,"549, Upadhyay Circle, Muzaffarpur 213854",24-01-2026
2220,Bangalore,BTM Layout,Delight Italian Hub,"Biryani, Fast Food, Italian, Pizza",182,4.2,4758,4604,837928,38,30,Swiggy Genie,"12/19, Sankaran Ganj, Burhanpur 727814",13-12-2025
2221,Bangalore,Koramangala,Food Arabian Corner,Healthy Food,965,4.5,2834,4883,4712095,53,0,Swiggy Genie,"52, Chaudhary Ganj, Hyderabad-619844",17-08-2025
2222,Chennai,Anna Nagar,Spice Seafood Hub,Bakery,955,4.1,11602,1678,1602490,46,10,Swiggy Genie,"65, Iyer Chowk, Rourkela-921124",27-05-2025
2223,Chennai,Velachery,Tandoori Burgers Corner,"Bakery, Chinese, Healthy Food",218,3.5,13770,3815,831670,55,20,Regular Delivery,"00/184, Chandran Street, Tinsukia 297529",21-05-2026
2224,Mumbai,Powai,Street South Indian Palace,"Bakery, Italian",1137,4.9,2906,4960,5639520,41,20,Swiggy One,"H.No. 97, Johal Street, Nandyal 470529",11-01-2026
2225,Bangalore,BTM Layout,Biryani Burgers Factory,Biryani,774,3.9,7183,3872,2996928,73,15,Swiggy One,"67, Shetty Zila, Gwalior-168993",21-01-2026
2226,Delhi,Rohini,Tandoori Chinese World,"Mughlai, North Indian",685,3.9,356,2166,1483710,35,0,Swiggy One,"70/13, Manne Path, Muzaffarpur-791464",15-02-2026
2227,Delhi,Rohini,Royal Andhra Point,Healthy Food,753,4.5,2200,3094,2329782,31,20,Regular Delivery,"92, Mahajan Road, Mau-196933",17-04-2026
2228,Chennai,T Nagar,Cafe Bakery Grill,"Burgers, North Indian, Healthy Food",953,3.7,7339,956,911068,51,10,Regular Delivery,"88, Ben Chowk, Machilipatnam-721076",16-11-2025
2229,Hyderabad,Banjara Hills,Street Seafood World,"North Indian, Bakery",963,4.8,7294,2743,2641509,75,25,Regular Delivery,"68, Andra Marg, Jodhpur 110312",21-10-2025
2230,Bangalore,BTM Layout,Express Italian Hub,"North Indian, Ice Cream, Arabian, Burgers",343,4.6,10851,1032,353976,30,15,Swiggy Genie,"58/74, Tak Zila, Karawal Nagar 722751",01-03-2026
2231,Hyderabad,Banjara Hills,Street Italian Treats,"South Indian, North Indian, Ice Cream, Biryani",264,3.1,8366,137,36168,60,20,Regular Delivery,"210, Dutta Road, Yamunanagar 923882",15-08-2025
2232,Mumbai,Powai,Tandoori Healthy Food Grill,"Biryani, Bakery, South Indian, Italian",379,3.8,10427,478,181162,41,40,Swiggy Genie,"H.No. 952, Srinivasan Circle, Kadapa 817424",27-12-2025
2233,Hyderabad,Hitech City,Express Bakery Zone,"Bakery, Italian, Andhra, Chinese",1168,3.6,10731,2003,2339504,26,25,Regular Delivery,"466, Sampath Circle, Bhavnagar-770458",16-12-2025
2234,Mumbai,Dadar,Delight North Indian Hub,"South Indian, Bakery",1083,3.3,9673,2346,2540718,38,25,Swiggy One,"H.No. 252, Chatterjee Ganj, Muzaffarpur-636525",12-03-2026
2235,Mumbai,Powai,Spice Italian Treats,"Ice Cream, South Indian, Andhra",468,4.4,2269,2413,1129284,44,30,Regular Delivery,"H.No. 949, Venkatesh Chowk, Srikakulam 480206",12-12-2025
2236,Hyderabad,Kukatpally,Food North Indian Palace,"Bakery, Arabian, South Indian, Healthy Food",630,3.5,10736,4304,2711520,52,20,Swiggy One,"100, Ahuja Zila, Kharagpur 743150",16-01-2026
2237,Delhi,Connaught Place,Kitchen Desserts World,"Andhra, Burgers, Ice Cream, Italian",795,3.7,13114,3179,2527305,55,10,Swiggy One,"392, Gara Street, Dindigul 404690",08-07-2025
2238,Delhi,Karol Bagh,Spice Healthy Food Junction,"Arabian, Seafood",236,4.9,10734,3897,919692,62,10,Swiggy One,"H.No. 590, Rege Ganj, Machilipatnam 623903",17-11-2025
2239,Mumbai,Andheri,Spice North Indian World,"Seafood, Healthy Food",1160,3.9,6405,1297,1504520,57,15,Swiggy Genie,"94, Badami Marg, Allahabad-270165",21-08-2025
2240,Hyderabad,Hitech City,Tandoori Andhra Grill,"Arabian, North Indian, Biryani",816,3.1,9132,1614,1317024,41,0,Swiggy Genie,"27, Babu Street, Vijayanagaram-324353",06-06-2025
2241,Bangalore,Indiranagar,Tandoori Seafood Factory,"Seafood, Biryani, Chinese, Desserts",363,3.4,7430,4947,1795761,29,25,Regular Delivery,"H.No. 399, Kara, Kadapa-873320",16-11-2025
2242,Bangalore,Indiranagar,Street Healthy Food World,"Pizza, Biryani",273,3.4,13029,353,96369,59,30,Regular Delivery,"44/95, Shroff Circle, Bellary 809556",16-04-2026
2243,Hyderabad,Kukatpally,Kitchen South Indian Corner,"Bakery, Burgers, Healthy Food",195,2.9,1910,683,133185,50,25,Swiggy Genie,"38/17, Ganesh Marg, Shahjahanpur 786964",15-02-2026
2244,Mumbai,Powai,Kitchen Mughlai Point,"Bakery, Arabian, Pizza",447,3,9285,1288,575736,35,10,Swiggy One,"H.No. 535, Keer Chowk, Raiganj-271315",26-11-2025
2245,Bangalore,Whitefield,Food Biryani Corner,"North Indian, Desserts, Bakery",465,4.6,14899,296,137640,54,20,Swiggy One,"02/86, Chahal Road, Sultan Pur Majra 544181",27-01-2026
2246,Mumbai,Powai,Biryani Desserts Hub,"Andhra, Ice Cream, Bakery",645,3.6,5355,4836,3119220,71,30,Swiggy One,"31, Swamy Ganj, Unnao 245781",20-03-2026
2247,Bangalore,Indiranagar,Spice Healthy Food World,"Fast Food, Bakery, Burgers, Healthy Food",1117,4.4,9974,1852,2068684,71,25,Swiggy Genie,"64/46, Gera Road, Uluberia 214717",16-11-2025
2248,Hyderabad,Banjara Hills,Spice Ice Cream Treats,"Fast Food, Arabian, Bakery, Italian",192,2.9,2965,3359,644928,64,20,Regular Delivery,"040, Raman Zila, Kadapa 328362",18-03-2026
2249,Mumbai,Bandra,Urban South Indian Grill,"North Indian, Chinese, Seafood, Italian",1029,3.6,5574,3360,3457440,63,0,Swiggy Genie,"H.No. 293, Arora Road, Morbi-747454",22-08-2025
2250,Mumbai,Lower Parel,House Italian Hub,Andhra,257,4.8,11161,396,101772,26,15,Swiggy Genie,"H.No. 11, Kata Marg, Sri Ganganagar-972882",04-12-2025
2251,Hyderabad,Hitech City,Delight South Indian World,"Ice Cream, Pizza",1013,4.1,14698,3212,3253756,30,10,Swiggy Genie,"H.No. 56, Batta, Jalandhar 903810",10-06-2025
2252,Bangalore,Jayanagar,House Desserts Grill,"Desserts, Mughlai",268,4.4,2631,1281,343308,56,40,Swiggy Genie,"42, Raman Chowk, Etawah 365363",26-06-2025
2253,Bangalore,Koramangala,Royal Burgers Corner,"North Indian, Desserts",975,2.9,961,1270,1238250,55,15,Regular Delivery,"H.No. 95, Bawa, Mau 506762",23-08-2025
2254,Hyderabad,Banjara Hills,Spice Seafood Palace,"Ice Cream, Chinese, Desserts, Mughlai",783,3.8,8921,1444,1130652,54,50,Regular Delivery,"38/970, Thakkar Nagar, Bijapur-341708",04-01-2026
2255,Hyderabad,Madhapur,House North Indian Point,"Fast Food, Chinese, Italian, Bakery",462,3.7,9502,2464,1138368,55,0,Swiggy One,"241, Bava Zila, Jehanabad-021827",11-06-2025
2256,Mumbai,Dadar,Street Healthy Food Treats,"Seafood, Chinese, Bakery",146,4.6,6881,3574,521804,72,0,Swiggy One,"93, Deo Chowk, Chapra-303058",28-05-2025
2257,Mumbai,Bandra,Kitchen Fast Food World,"Seafood, Chinese, Burgers",1073,4.3,7738,195,209235,51,25,Swiggy One,"18, Ganesh Zila, Karawal Nagar 786096",07-09-2025
2258,Bangalore,Jayanagar,Kitchen Italian Hub,"Andhra, Burgers, Desserts",1008,3,14875,1334,1344672,59,50,Regular Delivery,"70, Raman Chowk, Panchkula 853404",10-12-2025
2259,Chennai,Velachery,Express Pizza Treats,"South Indian, Mughlai, Arabian, Chinese",265,4.3,12434,1059,280635,44,25,Swiggy One,"85/82, Karan Zila, Khora  059504",25-11-2025
2260,Bangalore,BTM Layout,Royal Andhra Hub,"Fast Food, Andhra, Desserts",805,3.6,11801,1728,1391040,45,0,Swiggy Genie,"14/222, Sahota Ganj, Sirsa-845369",02-03-2026
2261,Mumbai,Dadar,Biryani Chinese Corner,"Healthy Food, Andhra, Arabian",1074,4,3177,2230,2395020,27,15,Swiggy Genie,"H.No. 36, Karan, Siwan-548122",18-09-2025
2262,Delhi,Karol Bagh,House Ice Cream Point,"Bakery, Seafood",936,4.5,1438,4637,4340232,56,10,Regular Delivery,"326, Gulati Road, Kamarhati-969201",12-03-2026
2263,Chennai,OMR,Spice Biryani World,Italian,122,4.3,12820,4060,495320,66,40,Swiggy Genie,"H.No. 136, Bala, Coimbatore-910628",25-04-2026
2264,Chennai,Velachery,Kitchen Biryani Hub,Healthy Food,1085,4.5,1003,1922,2085370,38,20,Swiggy One,"H.No. 728, Sekhon Ganj, Karnal-444675",23-03-2026
2265,Delhi,Rohini,Kitchen Pizza Palace,"Italian, Arabian, Fast Food",964,3,929,830,800120,40,10,Swiggy Genie,"60, Mahajan Circle, Nagercoil 148207",26-02-2026
2266,Delhi,Connaught Place,Spice Biryani World,Healthy Food,861,2.9,2943,473,407253,20,30,Swiggy Genie,"77/356, Khare Zila, Allahabad-206246",18-12-2025
2267,Chennai,T Nagar,Tandoori Burgers Hub,"Burgers, Seafood, Mughlai, Italian",287,2.8,11102,3065,879655,31,50,Regular Delivery,"254, Goswami, Navi Mumbai 026133",16-07-2025
2268,Delhi,Dwarka,House Seafood Junction,"Italian, Seafood, Bakery",984,3.5,14256,2613,2571192,67,50,Swiggy One,"H.No. 82, Balasubramanian Chowk, Ongole 689387",02-01-2026
2269,Hyderabad,Kukatpally,House Ice Cream Corner,"Mughlai, Seafood",235,3.4,6676,2940,690900,38,10,Regular Delivery,"11, Doshi Ganj, Patiala 451388",01-09-2025
2270,Hyderabad,Banjara Hills,House Bakery Point,"South Indian, Mughlai, Italian",504,3.3,12845,3718,1873872,59,20,Swiggy One,"H.No. 111, Bhakta Road, Munger 412893",31-12-2025
2271,Mumbai,Lower Parel,House Mughlai Hub,"Mughlai, Ice Cream, South Indian, Bakery",775,3.5,12613,2547,1973925,25,50,Regular Delivery,"20/136, Yogi Ganj, Akola-181279",21-06-2025
2272,Bangalore,Koramangala,Royal Ice Cream Palace,"Mughlai, Ice Cream, Italian",191,3.9,3514,4203,802773,72,30,Swiggy One,"46/193, Borde Street, Vadodara-160598",23-08-2025
2273,Hyderabad,Kukatpally,Kitchen Ice Cream Palace,Bakery,797,2.9,10162,1792,1428224,56,40,Swiggy Genie,"H.No. 69, Goda, Nangloi Jat 595739",21-07-2025
2274,Chennai,T Nagar,Kitchen Biryani Point,"Seafood, Chinese",358,3,979,660,236280,64,30,Regular Delivery,"H.No. 620, Dhar Nagar, Jamalpur 446096",14-08-2025
2275,Chennai,Adyar,Royal Desserts Factory,"Seafood, Arabian, Biryani, Chinese",963,3,10961,3798,3657474,33,0,Regular Delivery,"H.No. 544, Khosla, Arrah 134271",16-05-2026
2276,Hyderabad,Kukatpally,Urban Pizza Treats,South Indian,662,3.1,10145,150,99300,51,15,Swiggy One,"111, Bandi Marg, Madhyamgram-353634",31-01-2026
2277,Chennai,T Nagar,Express Biryani Grill,"Healthy Food, Italian",408,4.8,14039,3934,1605072,68,25,Regular Delivery,"97/515, Mangat Chowk, Kolkata 130089",18-09-2025
2278,Chennai,OMR,Spice Arabian Corner,"Italian, Pizza, Fast Food",627,4.8,1748,3966,2486682,50,25,Swiggy Genie,"297, Sha Street, Panipat 700405",02-08-2025
2279,Bangalore,Koramangala,Biryani South Indian Palace,"Chinese, Desserts, Healthy Food, Italian",824,4.5,10232,3551,2926024,73,15,Swiggy One,"H.No. 23, Sarkar, Bhavnagar-078105",06-09-2025
2280,Mumbai,Lower Parel,Street Seafood Zone,"Italian, Desserts, Burgers, Pizza",648,4.7,12477,2010,1302480,38,10,Swiggy One,"H.No. 171, Chaudhary Zila, Khora  006635",08-09-2025
2281,Bangalore,BTM Layout,Spice Seafood Grill,"Fast Food, Healthy Food",1010,3.2,7483,4843,4891430,41,10,Swiggy Genie,"H.No. 635, Chawla Marg, Siliguri 870210",22-10-2025
2282,Chennai,Adyar,Urban Ice Cream Zone,"North Indian, South Indian",706,4.5,7890,3536,2496416,58,20,Regular Delivery,"H.No. 00, Gaba Chowk, Bokaro-908491",27-08-2025
2283,Chennai,Adyar,Biryani Andhra Zone,Chinese,943,3.1,2217,588,554484,64,20,Swiggy One,"46/015, Lanka Street, Tinsukia 863391",20-01-2026
2284,Bangalore,Whitefield,Biryani Desserts Point,"Ice Cream, Healthy Food, North Indian",895,2.9,11626,2533,2267035,28,50,Swiggy Genie,"H.No. 414, Dara Chowk, Aurangabad 928151",16-07-2025
2285,Hyderabad,Madhapur,Urban Healthy Food Point,"Italian, Seafood",967,4.1,2703,3820,3693940,38,25,Swiggy One,"743, Yohannan Street, Gurgaon-836869",04-06-2025
2286,Mumbai,Bandra,Urban Chinese Junction,Biryani,149,3.8,13934,4500,670500,31,50,Swiggy Genie,"H.No. 52, Grewal Ganj, Navi Mumbai-775364",01-05-2026
2287,Mumbai,Dadar,Cafe Arabian Factory,Seafood,1165,3.5,6625,2977,3468205,44,20,Swiggy One,"587, Viswanathan Nagar, Kottayam 068155",06-10-2025
2288,Chennai,T Nagar,Urban Burgers Factory,North Indian,405,3,2857,3625,1468125,62,40,Regular Delivery,"H.No. 038, Barman Zila, Ulhasnagar 059218",18-10-2025
2289,Bangalore,Koramangala,Delight Arabian Corner,"Mughlai, Arabian, Bakery",1147,4.7,11398,3758,4310426,73,25,Swiggy Genie,"H.No. 638, Lalla Zila, Serampore 613531",08-09-2025
2290,Chennai,Velachery,Royal Desserts Corner,Desserts,1062,3,12069,1797,1908414,68,15,Regular Delivery,"H.No. 07, Balan Chowk, Alappuzha 606746",14-01-2026
2291,Hyderabad,Madhapur,Express Andhra Palace,"Andhra, Fast Food",379,4.5,14348,4545,1722555,67,50,Swiggy One,"68, Kashyap Marg, Srinagar-089732",03-03-2026
2292,Hyderabad,Banjara Hills,Express Italian Treats,"Burgers, Desserts, Chinese",179,4.3,2500,3756,672324,20,50,Regular Delivery,"79/587, Jain Nagar, Kochi 451568",15-10-2025
2293,Hyderabad,Kukatpally,Urban Desserts Junction,"Chinese, Bakery, North Indian, Fast Food",664,4.1,5734,4014,2665296,72,30,Swiggy Genie,"14/733, Tank Zila, Anantapur 905138",24-03-2026
2294,Chennai,Adyar,Urban Italian World,"Fast Food, Seafood",194,2.9,5466,4427,858838,33,30,Swiggy One,"H.No. 64, Kibe Road, Singrauli 879013",24-11-2025
2295,Delhi,Dwarka,Kitchen Desserts Corner,"South Indian, Chinese",468,4,13416,265,124020,71,50,Swiggy One,"58, Sur Road, Jabalpur 336062",09-03-2026
2296,Hyderabad,Kukatpally,Biryani Seafood Factory,Pizza,714,4.7,8589,4821,3442194,58,20,Swiggy One,"52, Atwal, Madhyamgram 268650",22-02-2026
2297,Mumbai,Andheri,Kitchen Chinese Factory,"Biryani, South Indian, Fast Food",982,4.1,14209,3850,3780700,38,40,Swiggy Genie,"H.No. 61, Sundaram Street, Bhavnagar 483903",21-08-2025
2298,Delhi,Dwarka,Street Ice Cream Zone,"Mughlai, Arabian, North Indian",661,4.4,7115,1777,1174597,51,20,Swiggy Genie,"50/60, Kohli Nagar, Salem-152029",19-03-2026
2299,Hyderabad,Hitech City,Street Seafood Factory,Burgers,1072,4.7,7221,3547,3802384,21,0,Swiggy Genie,"11/281, Sharaf Chowk, Shimoga-343967",25-09-2025
2300,Hyderabad,Hitech City,Delight Ice Cream Corner,"Seafood, Arabian, Andhra",983,3.4,8048,4627,4548341,46,0,Regular Delivery,"09, Dyal Road, South Dumdum 613163",29-07-2025
2301,Chennai,Velachery,Urban South Indian Junction,Chinese,621,4,524,2056,1276776,64,10,Regular Delivery,"407, Chakraborty, Jodhpur-163303",07-10-2025
2302,Delhi,Dwarka,Urban Desserts Junction,Mughlai,848,3.7,10282,4570,3875360,23,30,Swiggy Genie,"28/062, Goda, Nanded 686318",12-10-2025
2303,Bangalore,Jayanagar,Biryani Fast Food Junction,Biryani,1056,3.4,13290,3387,3576672,32,30,Swiggy One,"040, Rana Circle, Kirari Suleman Nagar-935844",26-03-2026
2304,Bangalore,Indiranagar,Kitchen Chinese Factory,"Healthy Food, Chinese, Ice Cream, Mughlai",900,3.6,7119,3870,3483000,62,30,Regular Delivery,"928, Iyengar Path, Satara 074180",15-02-2026
2305,Delhi,Karol Bagh,Biryani Bakery Factory,"Healthy Food, Burgers, Arabian",172,4.7,5361,3248,558656,61,20,Swiggy Genie,"02/248, Choudhary Nagar, Nadiad-352144",18-04-2026
2306,Delhi,Connaught Place,Street Chinese Zone,"Biryani, Pizza, Ice Cream, Burgers",579,4.1,2678,1153,667587,64,30,Regular Delivery,"20/60, Keer Ganj, Nanded 142093",25-01-2026
2307,Chennai,Velachery,House Burgers Point,Italian,927,4.2,1627,1595,1478565,75,10,Swiggy Genie,"91/869, Dora Chowk, Satara-469355",04-10-2025
2308,Chennai,T Nagar,Urban South Indian Junction,"Arabian, Bakery, Pizza, Burgers",202,4.5,10942,3239,654278,28,50,Regular Delivery,"H.No. 60, Goda Chowk, Katihar-753407",27-06-2025
2309,Chennai,Adyar,Cafe Pizza Palace,"North Indian, Ice Cream",236,3.2,11990,1491,351876,43,20,Regular Delivery,"H.No. 549, Bajwa Path, Mumbai-218224",06-02-2026
2310,Bangalore,Indiranagar,Cafe Burgers Grill,"Arabian, North Indian, Bakery",530,4.9,7201,260,137800,34,25,Regular Delivery,"96, Choudhary Ganj, Vijayawada 264984",12-10-2025
2311,Chennai,Anna Nagar,Express South Indian Factory,"Chinese, Andhra",457,3.5,9416,300,137100,40,0,Swiggy One,"33, Rastogi Zila, Jammu-793655",26-07-2025
2312,Mumbai,Lower Parel,House Desserts Corner,"Chinese, Healthy Food, Mughlai",785,3.4,183,1012,794420,25,10,Swiggy Genie,"H.No. 70, Sagar Road, Kadapa 960240",27-09-2025
2313,Chennai,Velachery,Tandoori Fast Food Grill,"Bakery, Desserts, South Indian",1005,4.3,14672,4559,4581795,49,40,Swiggy One,"66/452, Bakshi Zila, Raichur 275528",08-03-2026
2314,Bangalore,Indiranagar,Royal Biryani Corner,"Desserts, Pizza, Andhra, Chinese",173,4.4,10195,4196,725908,25,20,Swiggy Genie,"87/38, Agrawal Road, Thoothukudi-895249",31-10-2025
2315,Hyderabad,Madhapur,Delight Arabian Zone,Arabian,190,3.1,8662,4635,880650,58,0,Regular Delivery,"24/136, Bumb Zila, Korba-092362",23-07-2025
2316,Delhi,Connaught Place,Urban Fast Food Point,"Andhra, Pizza, Mughlai, Burgers",340,4.2,14285,4283,1456220,57,0,Swiggy Genie,"34, Sheth Ganj, Dhanbad-243189",30-08-2025
2317,Bangalore,Indiranagar,Express Fast Food Point,"Seafood, Fast Food",1025,4.8,3875,3346,3429650,68,40,Swiggy One,"24/21, Gaba Ganj, Gangtok 135253",01-06-2025
2318,Bangalore,Koramangala,Royal North Indian Junction,Healthy Food,308,4.1,14596,2460,757680,52,50,Swiggy Genie,"39/795, Bhagat Zila, Muzaffarpur-277447",15-06-2025
2319,Chennai,Anna Nagar,Cafe Fast Food Corner,Desserts,166,4.4,4129,4933,818878,37,25,Swiggy One,"44/85, Kumer Chowk, Dindigul-001420",11-05-2026
2320,Mumbai,Andheri,Food Bakery Hub,"Chinese, Pizza, Ice Cream, Desserts",1135,3.8,12356,3013,3419755,65,15,Regular Delivery,"80, Tella Path, Sirsa-889378",06-10-2025
2321,Mumbai,Bandra,Food Fast Food Point,"Chinese, Andhra",927,2.9,3258,4207,3899889,62,50,Regular Delivery,"86, Shenoy Ganj, Bathinda-706966",20-11-2025
2322,Bangalore,BTM Layout,Cafe Italian Hub,Seafood,504,4.4,9443,1765,889560,59,40,Swiggy Genie,"H.No. 100, Char Chowk, Buxar 537094",21-11-2025
2323,Mumbai,Dadar,Delight Ice Cream Treats,"North Indian, Healthy Food, Burgers, Arabian",932,3.6,9955,2110,1966520,35,15,Swiggy Genie,"H.No. 82, Sibal Marg, Gudivada 758789",18-12-2025
2324,Mumbai,Andheri,Royal Seafood Zone,Healthy Food,138,4.4,9552,2327,321126,51,10,Regular Delivery,"H.No. 89, Dua Path, Gorakhpur 370637",31-10-2025
2325,Bangalore,Jayanagar,Street Fast Food Hub,"Fast Food, Biryani, Chinese, Italian",951,3.5,8807,2481,2359431,69,50,Swiggy One,"70/11, Lall Road, Chinsurah-098931",16-05-2026
2326,Delhi,Rohini,Kitchen Seafood Grill,"Burgers, Biryani",130,4.6,8125,4377,569010,31,15,Swiggy One,"H.No. 10, Din Ganj, North Dumdum 348988",19-10-2025
2327,Delhi,Saket,Biryani Seafood Point,"Seafood, Bakery, Pizza",553,4.1,1923,276,152628,56,40,Swiggy Genie,"06, Kakar Ganj, Jaipur 511250",15-01-2026
2328,Chennai,OMR,Kitchen Fast Food Zone,"Desserts, Fast Food",1121,3.2,14435,1270,1423670,56,20,Swiggy Genie,"H.No. 581, Rajagopalan Chowk, Tumkur-612180",05-01-2026
2329,Delhi,Connaught Place,Cafe Desserts Treats,Ice Cream,642,3.7,8551,3529,2265618,39,40,Swiggy One,"H.No. 581, Raval Nagar, Mirzapur 123681",12-01-2026
2330,Delhi,Dwarka,Kitchen Chinese Corner,"Ice Cream, South Indian, Fast Food, Biryani",199,3.6,1780,2907,578493,49,30,Swiggy Genie,"H.No. 21, Wable Zila, Warangal 184731",21-12-2025
2331,Delhi,Dwarka,Biryani Arabian Hub,"Mughlai, North Indian, South Indian, Pizza",1170,3,12326,2153,2519010,69,25,Swiggy Genie,"796, Kibe, Srinagar 242733",21-03-2026
2332,Chennai,Adyar,Street Fast Food Treats,"Biryani, Bakery",260,3,8881,915,237900,44,10,Swiggy One,"H.No. 025, Lanka Marg, Haldia-469406",18-01-2026
2333,Mumbai,Andheri,Royal Burgers Treats,"Mughlai, South Indian",165,4.4,5648,3185,525525,41,25,Swiggy One,"19/77, Das Marg, Burhanpur-190570",18-01-2026
2334,Chennai,Velachery,Street Desserts World,"Desserts, Fast Food, Ice Cream, Mughlai",1045,3,4423,1705,1781725,71,0,Swiggy One,"25/220, Loke Nagar, Baranagar-653898",26-09-2025
2335,Chennai,T Nagar,Biryani Andhra Treats,"Seafood, Andhra, Arabian",178,2.8,163,839,149342,74,10,Regular Delivery,"771, Dey Path, Kozhikode 419428",14-09-2025
2336,Mumbai,Bandra,Urban Desserts Zone,"Healthy Food, Mughlai",890,4.5,7776,890,792100,37,15,Regular Delivery,"75, Mahajan Street, Medininagar 376284",27-12-2025
2337,Mumbai,Bandra,Spice Seafood World,"Desserts, Ice Cream, Burgers, Seafood",163,4.9,9642,320,52160,32,25,Regular Delivery,"092, Khurana Nagar, Kozhikode 006931",17-05-2026
2338,Delhi,Rohini,House Bakery Hub,Andhra,352,2.9,6797,237,83424,71,25,Swiggy Genie,"37, Sawhney Road, Agartala-554712",30-09-2025
2339,Chennai,OMR,Cafe Healthy Food World,"Ice Cream, Biryani, Andhra",189,2.8,6930,4752,898128,31,50,Swiggy One,"H.No. 194, Raman Street, Chinsurah-614069",19-01-2026
2340,Delhi,Karol Bagh,Urban Bakery Palace,Arabian,703,4.1,6393,2485,1746955,47,30,Swiggy Genie,"17, Sule Path, Rohtak 092840",17-10-2025
2341,Bangalore,Whitefield,Biryani Burgers Zone,"Andhra, Chinese, Desserts",135,4.8,1889,3740,504900,46,10,Swiggy Genie,"77, Solanki Zila, Dehri 529755",05-03-2026
2342,Chennai,T Nagar,Delight Burgers Junction,"Arabian, Bakery, Mughlai, Burgers",761,4.2,13421,4592,3494512,46,20,Swiggy Genie,"248, Walla Circle, Begusarai-824393",29-03-2026
2343,Hyderabad,Banjara Hills,House South Indian Hub,"Healthy Food, Bakery, South Indian",305,3.7,7670,1107,337635,55,10,Regular Delivery,"H.No. 729, Ben Zila, Singrauli 371651",09-03-2026
2344,Delhi,Karol Bagh,Cafe Desserts Hub,"Italian, Fast Food, South Indian",674,4.6,12799,4662,3142188,56,25,Swiggy One,"78, Ravi Marg, Singrauli 731394",25-01-2026
2345,Bangalore,Koramangala,Cafe Bakery Corner,"Desserts, Burgers",533,4.1,7969,3022,1610726,30,50,Swiggy One,"433, Gupta Marg, Dewas 916303",07-03-2026
2346,Mumbai,Lower Parel,Spice Pizza Treats,Fast Food,787,3.6,10490,865,680755,49,50,Swiggy Genie,"H.No. 12, Bains Zila, Anand-083097",09-04-2026
2347,Chennai,OMR,Express Italian Hub,"Chinese, Andhra",1188,4.5,4598,4074,4839912,24,0,Regular Delivery,"195, Khosla Zila, Narasaraopet 238745",29-01-2026
2348,Delhi,Connaught Place,Royal Chinese Palace,Andhra,941,3.3,6305,924,869484,65,10,Regular Delivery,"81, Kalita Chowk, Jalandhar-746705",04-12-2025
2349,Delhi,Saket,Biryani Arabian Corner,Italian,738,4.6,8069,1593,1175634,33,30,Swiggy Genie,"42/49, Bakshi Street, Ujjain-464224",02-04-2026
2350,Mumbai,Dadar,Spice Healthy Food Zone,"Healthy Food, Desserts, North Indian",367,4.1,5630,2818,1034206,35,15,Swiggy Genie,"51, Vig Road, Bahraich 930104",25-11-2025
2351,Hyderabad,Madhapur,Urban Mughlai World,Burgers,243,4.1,10959,239,58077,45,40,Swiggy Genie,"573, Dixit Path, Surendranagar Dudhrej-489239",12-01-2026
2352,Delhi,Dwarka,Delight Bakery World,"Fast Food, Ice Cream, Biryani",249,3.7,6644,968,241032,68,15,Regular Delivery,"252, Kashyap Circle, Berhampur 763906",18-03-2026
2353,Bangalore,BTM Layout,Cafe North Indian World,"Healthy Food, North Indian",215,4.5,8035,4403,946645,53,0,Regular Delivery,"61, Varma Marg, New Delhi 577091",07-10-2025
2354,Delhi,Dwarka,Cafe South Indian Grill,"Desserts, Chinese, North Indian, Healthy Food",1174,3.3,8317,3645,4279230,37,15,Swiggy One,"04, Shenoy Street, Meerut 392389",15-02-2026
2355,Chennai,OMR,Delight Andhra Factory,"Andhra, Italian, Seafood, Chinese",241,4.6,13131,2867,690947,38,25,Swiggy One,"H.No. 19, Sodhi Ganj, Amaravati 805217",12-08-2025
2356,Chennai,Adyar,Food Bakery Palace,"Andhra, Desserts",303,4.4,8403,3739,1132917,30,10,Regular Delivery,"H.No. 053, Ahuja Zila, Navi Mumbai-971297",21-04-2026
2357,Chennai,Adyar,Spice Fast Food Palace,"Bakery, North Indian, Andhra, Mughlai",803,4.4,12416,1602,1286406,29,0,Swiggy One,"164, Mallick Nagar, Vellore 224307",18-07-2025
2358,Hyderabad,Banjara Hills,Urban Mughlai Palace,"South Indian, Biryani",827,3.2,6132,2058,1701966,48,20,Swiggy Genie,"H.No. 456, Comar Street, Bihar Sharif 554348",12-08-2025
2359,Delhi,Connaught Place,Cafe Mughlai Junction,"Ice Cream, Mughlai, Italian, North Indian",806,3,8486,1296,1044576,41,15,Swiggy One,"H.No. 04, Ravel Ganj, Sultan Pur Majra 369206",19-05-2026
2360,Mumbai,Dadar,Cafe Fast Food World,"Bakery, South Indian, Chinese, Burgers",170,2.9,13133,3352,569840,42,20,Regular Delivery,"H.No. 946, Magar Ganj, Alwar 106750",03-07-2025
2361,Mumbai,Lower Parel,Kitchen Andhra Junction,"Fast Food, Chinese",564,4.9,2172,3358,1893912,29,30,Swiggy Genie,"H.No. 048, Bhakta Street, Maheshtala 453054",12-07-2025
2362,Delhi,Saket,Kitchen Burgers Corner,"Pizza, Italian, Mughlai, Biryani",810,4.4,3456,1989,1611090,26,0,Swiggy Genie,"19, Vaidya, New Delhi-404400",03-03-2026
2363,Mumbai,Andheri,Urban Fast Food Palace,Arabian,189,3.2,7353,1698,320922,20,25,Swiggy Genie,"H.No. 275, Warrior Zila, Adoni-573739",21-07-2025
2364,Hyderabad,Gachibowli,Express Ice Cream Factory,Fast Food,936,4.1,1401,4068,3807648,28,30,Regular Delivery,"H.No. 170, Rege Nagar, Bhubaneswar-853074",23-10-2025
2365,Bangalore,Koramangala,Express Bakery Point,"Desserts, Healthy Food, South Indian, Arabian",1097,4.8,9411,4506,4943082,62,40,Swiggy Genie,"38/526, Sami Chowk, Tenali 471720",30-01-2026
2366,Mumbai,Powai,Cafe Pizza Point,"Bakery, Pizza, Italian",872,3.8,11465,3877,3380744,54,20,Regular Delivery,"58/17, Vala Chowk, Panihati 781082",04-03-2026
2367,Hyderabad,Banjara Hills,Cafe Pizza World,"North Indian, Burgers, Biryani",525,4.2,9921,1752,919800,47,30,Swiggy One,"53/39, Upadhyay Road, Mehsana-502785",06-07-2025
2368,Hyderabad,Hitech City,Delight Italian Grill,"South Indian, Biryani",1079,4.7,11140,1810,1952990,63,20,Swiggy Genie,"088, Warrior Nagar, Kurnool 338866",17-03-2026
2369,Chennai,Anna Nagar,Delight Bakery Grill,"Burgers, South Indian",981,4.8,13122,324,317844,43,10,Swiggy Genie,"33/649, Dora Ganj, Kulti 815187",18-10-2025
2370,Chennai,Anna Nagar,Express Mughlai Hub,"Andhra, Fast Food, Bakery, Seafood",945,4.2,3706,3500,3307500,39,50,Swiggy One,"61/59, Kunda Zila, Sangli-Miraj & Kupwad 015936",29-03-2026
2371,Bangalore,Koramangala,Biryani Chinese Hub,"Desserts, Chinese, Ice Cream, Arabian",593,3.9,3084,3927,2328711,39,15,Swiggy One,"H.No. 773, Krish Circle, Bihar Sharif-466287",24-11-2025
2372,Hyderabad,Gachibowli,Biryani Mughlai Junction,Seafood,1024,3.4,9434,1946,1992704,63,40,Regular Delivery,"136, Kakar Ganj, Chennai 127685",25-01-2026
2373,Delhi,Karol Bagh,Express Bakery Factory,"Arabian, North Indian, Biryani",705,3.7,7184,1705,1202025,69,30,Swiggy Genie,"46/50, Raju Circle, Kolhapur-776770",18-03-2026
2374,Mumbai,Andheri,Cafe Chinese Hub,"Fast Food, North Indian, Italian, Chinese",419,4.3,7713,3160,1324040,33,40,Swiggy Genie,"H.No. 07, Yohannan, Siwan-899174",15-02-2026
2375,Hyderabad,Kukatpally,Urban Burgers Junction,"Italian, Biryani, Bakery, Andhra",703,4.7,7455,4982,3502346,37,20,Swiggy Genie,"06/766, Aurora Chowk, Guwahati 560557",26-07-2025
2376,Mumbai,Dadar,Delight Biryani Hub,Biryani,141,3.4,8559,267,37647,47,40,Regular Delivery,"647, Sanghvi Path, Hyderabad-190896",15-07-2025
2377,Mumbai,Bandra,Street Italian Zone,"Andhra, Pizza",524,4.2,8472,2368,1240832,42,30,Swiggy Genie,"95, Basak Street, Cuttack-888278",13-08-2025
2378,Mumbai,Dadar,Delight Fast Food World,North Indian,318,4.7,4844,4661,1482198,69,30,Swiggy Genie,"H.No. 632, Bir Nagar, Bhubaneswar 254060",28-05-2025
2379,Bangalore,Koramangala,Cafe Ice Cream Treats,"Healthy Food, Andhra, Biryani",1011,4.8,13737,4124,4169364,39,25,Swiggy Genie,"H.No. 54, Saini Street, Katni-890902",16-01-2026
2380,Hyderabad,Hitech City,Cafe Seafood Corner,"South Indian, Bakery, Mughlai, Andhra",1146,4.8,541,3266,3742836,62,30,Swiggy One,"H.No. 728, Deshpande Zila, Singrauli-972842",12-04-2026
2381,Chennai,Anna Nagar,Street Italian World,"Italian, Ice Cream",305,4,12397,3725,1136125,54,20,Swiggy One,"54, Bandi Zila, Dehradun 860054",13-12-2025
2382,Hyderabad,Kukatpally,Food Seafood Grill,"South Indian, Arabian, Andhra",558,3.9,6522,553,308574,30,30,Swiggy Genie,"42/25, Devan Road, Kishanganj-238952",18-06-2025
2383,Hyderabad,Madhapur,House Burgers Palace,"Ice Cream, Fast Food, Mughlai, Arabian",575,3.4,14383,2137,1228775,34,30,Regular Delivery,"07, Lanka Path, Thoothukudi-301772",21-02-2026
2384,Mumbai,Lower Parel,Royal Bakery Treats,"Burgers, South Indian, Chinese",185,4.5,8314,121,22385,48,10,Regular Delivery,"117, Dhar Circle, Agartala 346008",31-10-2025
2385,Delhi,Connaught Place,Street Andhra Grill,"Seafood, Andhra",715,3.6,61,1816,1298440,39,0,Swiggy One,"38, Setty Zila, Howrah-877773",06-09-2025
2386,Mumbai,Powai,Delight Biryani Point,"Ice Cream, Desserts, Fast Food, Bakery",992,3,2956,442,438464,27,30,Swiggy Genie,"H.No. 467, Mangat Chowk, Shimoga-942605",22-12-2025
2387,Delhi,Dwarka,Food Chinese Grill,"Bakery, Ice Cream, Mughlai",210,2.9,13624,2651,556710,39,10,Regular Delivery,"H.No. 968, Gade Chowk, Salem 382260",25-09-2025
2388,Delhi,Saket,Urban Andhra Treats,"Fast Food, Burgers",122,3,3710,2665,325130,52,30,Regular Delivery,"H.No. 904, Chander Nagar, Aizawl-993303",27-12-2025
2389,Bangalore,BTM Layout,Kitchen Fast Food Zone,"Seafood, Mughlai",143,3,14401,1590,227370,21,10,Swiggy One,"H.No. 20, Rau Zila, Kharagpur 039318",18-06-2025
2390,Chennai,Adyar,Biryani South Indian Treats,Chinese,305,4.1,10004,1633,498065,56,10,Swiggy One,"11/89, Warrior Ganj, Bhilai 788157",01-02-2026
2391,Chennai,Anna Nagar,Royal Desserts Grill,"Seafood, South Indian, Arabian",963,3.9,1385,4114,3961782,52,40,Swiggy Genie,"35/404, Mani, Bangalore 287253",26-11-2025
2392,Mumbai,Andheri,Delight Pizza Grill,Arabian,537,4.3,12357,221,118677,73,30,Swiggy One,"08/46, Sibal Circle, Delhi 814003",18-11-2025
2393,Bangalore,Jayanagar,Tandoori Pizza Point,"Chinese, Healthy Food, Arabian, Biryani",518,3.4,5833,424,219632,30,15,Regular Delivery,"32, Kade Path, Thiruvananthapuram-967424",17-05-2026
2394,Chennai,Anna Nagar,Kitchen Chinese World,Fast Food,1135,3.6,9154,1345,1526575,42,40,Regular Delivery,"92, Bains Ganj, Alappuzha 591396",10-11-2025
2395,Mumbai,Powai,Food Biryani Point,Mughlai,491,4.7,12976,348,170868,67,15,Regular Delivery,"74/356, Brar Path, Hubli–Dharwad 407506",17-02-2026
2396,Hyderabad,Madhapur,Kitchen Chinese Corner,"Bakery, South Indian, Fast Food, Burgers",345,3,7121,4520,1559400,23,10,Swiggy Genie,"H.No. 30, Kara Path, Guwahati-856857",27-12-2025
2397,Bangalore,Indiranagar,Spice Burgers Factory,"Desserts, Biryani",851,4,12264,4837,4116287,52,50,Regular Delivery,"879, Tandon Path, Bhusawal 928330",17-06-2025
2398,Hyderabad,Madhapur,Street Seafood Grill,"Pizza, Biryani, South Indian, Mughlai",1001,4,11314,245,245245,52,10,Regular Delivery,"H.No. 96, Kapur Marg, Kanpur-355467",20-06-2025
2399,Mumbai,Andheri,Biryani Burgers Point,"South Indian, Pizza, Burgers, North Indian",253,3.1,852,3538,895114,73,20,Swiggy Genie,"765, Rama Circle, Mira-Bhayandar 419058",26-11-2025
2400,Delhi,Connaught Place,Express North Indian Palace,"Ice Cream, Mughlai, South Indian, Bakery",642,4.4,13276,4512,2896704,46,0,Regular Delivery,"927, Virk, Tiruppur 881854",09-03-2026
2401,Bangalore,Jayanagar,Express Desserts Palace,"Biryani, Pizza, North Indian, Mughlai",990,4,4369,324,320760,37,30,Swiggy One,"10/90, Dara Zila, Tadipatri-009864",15-04-2026
2402,Bangalore,Jayanagar,Urban Italian Palace,"South Indian, Fast Food, Andhra",817,3.6,9784,4555,3721435,55,20,Swiggy One,"H.No. 69, Dhaliwal Ganj, Katihar 051968",06-05-2026
2403,Delhi,Connaught Place,Royal Arabian Corner,"Ice Cream, Chinese, Arabian, Pizza",152,3.4,5933,3611,548872,49,50,Swiggy Genie,"801, Sarna Circle, Bhiwani-474962",01-05-2026
2404,Chennai,Velachery,Food Chinese Grill,"Italian, Fast Food, Mughlai",827,3.2,1618,4138,3422126,45,25,Swiggy Genie,"H.No. 889, Sani Ganj, Kishanganj-178468",15-06-2025
2405,Delhi,Dwarka,Street Mughlai Zone,Healthy Food,775,4,284,1140,883500,28,40,Regular Delivery,"78/287, Chauhan Road, Rajpur Sonarpur-365956",05-05-2026
2406,Mumbai,Dadar,Food Mughlai Corner,Biryani,937,3.7,12632,4968,4655016,32,25,Regular Delivery,"51/749, Gade Zila, Kharagpur-153983",31-07-2025
2407,Hyderabad,Kukatpally,Royal Mughlai Factory,"Andhra, Desserts, Seafood, North Indian",895,3.1,8203,2499,2236605,67,50,Swiggy Genie,"47, Bajaj Ganj, Nellore 217076",25-07-2025
2408,Hyderabad,Madhapur,Royal Pizza Factory,"Healthy Food, Chinese, Biryani",423,3.4,3377,2878,1217394,41,15,Regular Delivery,"H.No. 43, Dewan Circle, Mathura-170373",28-06-2025
2409,Mumbai,Andheri,Cafe Arabian Grill,Seafood,919,4.6,7465,3045,2798355,31,10,Swiggy Genie,"40/335, Khalsa Ganj, Tinsukia 184505",14-08-2025
2410,Chennai,Velachery,Cafe Desserts Factory,Bakery,527,4.4,3137,4299,2265573,66,10,Swiggy One,"81, Kara Ganj, Sikar-475855",29-03-2026
2411,Chennai,Adyar,Delight Desserts Palace,Seafood,425,3.3,2128,134,56950,66,10,Regular Delivery,"H.No. 54, Rau Ganj, Sikar-949286",02-03-2026
2412,Bangalore,Indiranagar,Tandoori Biryani Palace,"Ice Cream, Italian, Bakery",273,3.4,557,4274,1166802,71,50,Swiggy Genie,"H.No. 547, Wadhwa Nagar, Tadepalligudem-623520",22-12-2025
2413,Chennai,Velachery,Urban Arabian Hub,"Healthy Food, Arabian, Mughlai, Ice Cream",424,3,1930,1948,825952,47,15,Swiggy Genie,"H.No. 13, Chadha Path, Karawal Nagar 902431",18-10-2025
2414,Hyderabad,Banjara Hills,House North Indian Hub,Biryani,904,3.1,5141,2896,2617984,30,40,Swiggy One,"82, Khosla Chowk, Raiganj 627109",30-10-2025
2415,Delhi,Rohini,Express Healthy Food World,"Fast Food, Seafood, Burgers, Andhra",698,4.4,14319,3496,2440208,42,15,Swiggy Genie,"H.No. 46, Hans Street, Howrah-526549",21-03-2026
2416,Chennai,OMR,Kitchen Pizza Factory,"Fast Food, Bakery",756,3.4,3092,1739,1314684,28,30,Swiggy One,"28, Kunda Path, Mau-127402",17-04-2026
2417,Bangalore,BTM Layout,Spice Desserts Palace,"Burgers, Ice Cream, North Indian, Healthy Food",808,3.6,9127,4264,3445312,67,15,Swiggy One,"H.No. 68, Som Zila, Jammu 975880",10-08-2025
2418,Hyderabad,Madhapur,Food Mughlai Treats,"Italian, Fast Food, Desserts",210,3.9,8902,2531,531510,54,50,Swiggy One,"873, Grover Zila, Kakinada-404634",04-09-2025
2419,Delhi,Dwarka,Spice Healthy Food Factory,Pizza,545,3,13845,3275,1784875,72,20,Regular Delivery,"95/25, Bali Nagar, Gandhidham 134972",03-09-2025
2420,Chennai,OMR,Cafe Pizza Treats,"Biryani, Burgers",382,3,10778,2501,955382,22,50,Regular Delivery,"H.No. 77, Swaminathan Marg, Chinsurah-077594",23-10-2025
2421,Bangalore,Koramangala,Royal North Indian Treats,"Desserts, North Indian, Seafood",287,3.4,4738,4920,1412040,42,15,Regular Delivery,"72/44, Ramesh Street, Bhusawal 129030",04-06-2025
2422,Mumbai,Powai,Tandoori Fast Food Point,"Italian, Pizza, Healthy Food",1100,3,2056,1937,2130700,63,30,Swiggy Genie,"H.No. 19, Rastogi Road, Korba 266926",30-08-2025
2423,Hyderabad,Kukatpally,Kitchen North Indian Point,"Burgers, Arabian, Fast Food, Italian",171,4.4,12277,1933,330543,33,25,Swiggy One,"789, Sandhu Marg, Ramagundam-911820",28-04-2026
2424,Chennai,OMR,Cafe Bakery Zone,"Bakery, Healthy Food, Italian, Ice Cream",966,4.1,12070,3980,3844680,53,10,Regular Delivery,"98, Varty Street, Solapur 693097",27-04-2026
2425,Mumbai,Andheri,Delight Pizza World,"Biryani, Burgers",642,3.3,7211,4102,2633484,34,15,Swiggy One,"H.No. 64, Sangha Path, Kadapa 297172",02-08-2025
2426,Delhi,Connaught Place,Urban Burgers Corner,"Fast Food, South Indian",589,4.6,5317,3676,2165164,36,0,Swiggy Genie,"004, Sane Chowk, Nagaon 368706",05-02-2026
2427,Chennai,Adyar,Cafe Fast Food Treats,"Biryani, Pizza",1068,3.5,7776,2175,2322900,66,50,Swiggy Genie,"83/58, Dora Circle, Ghaziabad 869939",06-02-2026
2428,Mumbai,Andheri,Food Bakery Treats,"Mughlai, Fast Food",145,2.8,7411,1407,204015,44,15,Regular Delivery,"48/867, Contractor, Bangalore 791817",02-05-2026
2429,Hyderabad,Madhapur,Delight Fast Food Zone,"Pizza, South Indian",970,4.6,8851,4631,4492070,30,50,Swiggy One,"H.No. 93, Bhasin Zila, Jaipur-559470",05-08-2025
2430,Mumbai,Bandra,Delight Fast Food Junction,"Ice Cream, Bakery, Mughlai, Biryani",142,4.7,11877,4882,693244,69,30,Swiggy One,"34, Raju Ganj, Mira-Bhayandar 270020",12-03-2026
2431,Delhi,Saket,Food Mughlai Hub,Mughlai,679,3.9,3844,1737,1179423,26,15,Swiggy One,"946, Choudhary Path, Phusro-837421",07-03-2026
2432,Chennai,Velachery,Royal Biryani Zone,"Ice Cream, Arabian, Healthy Food",753,4.9,13129,883,664899,47,30,Swiggy Genie,"H.No. 40, Datta Ganj, Madhyamgram 356698",21-08-2025
2433,Chennai,Velachery,Food Desserts World,North Indian,300,3.8,11642,4660,1398000,21,25,Regular Delivery,"89, Lanka Zila, Adoni-016295",16-12-2025
2434,Hyderabad,Banjara Hills,Food Seafood Grill,"Biryani, South Indian, Bakery",836,4.7,12143,4771,3988556,72,30,Swiggy One,"746, Reddy Chowk, Pimpri-Chinchwad-192882",27-05-2025
2435,Hyderabad,Madhapur,Tandoori Biryani Junction,"Healthy Food, Arabian",959,3.2,11344,4800,4603200,45,30,Swiggy One,"15, Lala, Suryapet 606636",11-01-2026
2436,Hyderabad,Banjara Hills,Kitchen Healthy Food Factory,"Italian, Fast Food, Ice Cream, Desserts",549,3.6,9208,1789,982161,47,10,Swiggy One,"38, Ramesh, Anand-363333",31-07-2025
2437,Bangalore,Whitefield,Tandoori North Indian Zone,"Chinese, Arabian, Burgers",729,3.2,12938,1652,1204308,51,15,Swiggy Genie,"45/18, Grover Street, Ichalkaranji 640119",25-03-2026
2438,Delhi,Rohini,Food Biryani Factory,Healthy Food,176,2.9,1278,950,167200,25,20,Swiggy One,"541, Wason Circle, Kottayam-540121",24-03-2026
2439,Chennai,OMR,Street Burgers Junction,Arabian,965,4.8,8232,691,666815,59,15,Swiggy One,"73/380, Chopra Circle, Gorakhpur-214323",22-06-2025
2440,Delhi,Rohini,Spice Mughlai Point,Chinese,907,4.4,14917,3850,3491950,72,25,Regular Delivery,"H.No. 47, Kanda Nagar, Kalyan-Dombivli-902410",28-05-2025
2441,Delhi,Connaught Place,Tandoori North Indian Treats,"Chinese, Burgers, Desserts",1050,4.1,9426,1973,2071650,44,50,Swiggy One,"62, Venkatesh Street, Moradabad 937351",17-09-2025
2442,Mumbai,Bandra,Royal South Indian Corner,Mughlai,516,3.8,7133,1500,774000,39,20,Swiggy Genie,"H.No. 19, Arora Ganj, Tumkur 627747",13-06-2025
2443,Chennai,OMR,Delight Healthy Food Point,"Italian, Chinese, Pizza, Burgers",865,3.6,11224,1365,1180725,48,20,Swiggy One,"42/172, Tandon Street, Guna-231116",29-04-2026
2444,Mumbai,Andheri,House Seafood Palace,Biryani,316,4.6,7693,1764,557424,63,50,Regular Delivery,"76, Kara Nagar, Faridabad-273845",06-02-2026
2445,Hyderabad,Banjara Hills,Express Seafood Treats,Andhra,1161,4,8832,594,689634,75,40,Swiggy Genie,"H.No. 374, Gera Nagar, Vasai-Virar-303852",22-10-2025
2446,Delhi,Karol Bagh,Kitchen Arabian Junction,"Fast Food, Burgers, Ice Cream, Healthy Food",518,4.9,6779,4144,2146592,37,25,Swiggy Genie,"H.No. 739, Varghese Circle, Jhansi-476870",17-08-2025
2447,Hyderabad,Banjara Hills,Food Healthy Food Treats,"Pizza, Desserts",838,4,13296,2822,2364836,75,25,Regular Delivery,"H.No. 431, Saraf Circle, Bellary-124769",01-01-2026
2448,Mumbai,Dadar,Street Italian Point,"Ice Cream, Andhra, Arabian, Seafood",834,3.5,10345,2333,1945722,71,20,Swiggy One,"H.No. 468, Grover Chowk, Bangalore-896403",08-06-2025
2449,Chennai,T Nagar,Street North Indian Factory,Pizza,614,3.7,2829,4660,2861240,58,0,Regular Delivery,"062, Deshpande Ganj, Giridih-786196",20-09-2025
2450,Chennai,OMR,Delight Ice Cream Factory,"Seafood, Italian, Biryani, Healthy Food",175,3.3,13234,2370,414750,72,30,Regular Delivery,"358, Gour Circle, Bhopal 747855",24-10-2025
2451,Bangalore,Whitefield,Tandoori Fast Food Junction,Bakery,881,4.7,9558,1070,942670,32,15,Swiggy Genie,"H.No. 81, Chhabra Street, Hubli–Dharwad 585352",06-09-2025
2452,Mumbai,Lower Parel,Cafe Ice Cream Hub,"Arabian, Bakery, Ice Cream, North Indian",1092,3.3,3474,795,868140,23,25,Swiggy One,"H.No. 596, Deep Road, Kolhapur-229456",21-09-2025
2453,Bangalore,Whitefield,Cafe Ice Cream Hub,"Burgers, Mughlai",763,3,13192,3419,2608697,67,15,Swiggy One,"H.No. 653, Lanka Street, Kadapa 386342",16-08-2025
2454,Delhi,Saket,Food Italian Palace,"Andhra, Biryani, Italian, Pizza",994,3.4,12971,385,382690,45,40,Swiggy Genie,"H.No. 39, Batra Zila, Ghaziabad-202889",02-05-2026
2455,Hyderabad,Gachibowli,Delight Healthy Food Palace,"Fast Food, Andhra, Mughlai, Arabian",348,3.5,2452,4795,1668660,70,0,Swiggy One,"H.No. 604, Saraf, Rajkot 688872",11-09-2025
2456,Bangalore,BTM Layout,Urban Healthy Food Treats,North Indian,211,3.8,8787,1021,215431,27,30,Swiggy One,"H.No. 34, Baria Street, Bikaner-515747",29-08-2025
2457,Chennai,OMR,House Healthy Food Junction,"Italian, Desserts, Arabian",1181,3.2,3917,3578,4225618,75,0,Swiggy Genie,"35/39, Grewal Ganj, Kurnool 424030",21-08-2025
2458,Chennai,T Nagar,House Bakery Palace,"Seafood, Desserts",1088,3.9,3496,267,290496,74,30,Swiggy One,"H.No. 390, Bhattacharyya Circle, Haridwar-937029",27-04-2026
2459,Hyderabad,Banjara Hills,Kitchen North Indian Treats,Burgers,1083,3.5,12439,4019,4352577,50,0,Swiggy Genie,"56/77, Chhabra Path, Rampur 529449",09-05-2026
2460,Delhi,Connaught Place,Cafe Mughlai Point,"Burgers, Biryani",567,4,2136,3862,2189754,32,50,Swiggy One,"H.No. 288, Srinivas Street, Shimoga-639748",07-06-2025
2461,Chennai,OMR,Tandoori Desserts World,"Biryani, Bakery, Italian",962,4.8,7355,4217,4056754,20,30,Swiggy Genie,"86/97, Bhakta, Jamnagar 150807",17-04-2026
2462,Mumbai,Lower Parel,House Mughlai Factory,South Indian,363,4.7,13463,414,150282,47,25,Swiggy One,"H.No. 410, Sankaran Chowk, Unnao-294646",21-09-2025
2463,Bangalore,Whitefield,Express Ice Cream Zone,"Arabian, Desserts",521,4.5,3785,3868,2015228,36,30,Swiggy Genie,"33/256, Rege Road, Surendranagar Dudhrej-066802",23-08-2025
2464,Mumbai,Powai,Street Pizza World,"North Indian, Andhra, Pizza",498,3.9,10115,1044,519912,20,20,Swiggy One,"H.No. 20, Kala, Karnal-531716",29-07-2025
2465,Delhi,Rohini,Street Desserts Point,"Mughlai, Healthy Food",996,3.8,8557,2218,2209128,40,25,Swiggy One,"H.No. 15, Ganesh Road, Chandrapur 200928",04-08-2025
2466,Bangalore,Jayanagar,Urban South Indian World,"Fast Food, North Indian, Biryani",881,3.7,13890,1345,1184945,65,30,Swiggy One,"17/015, Kulkarni Zila, Kadapa 878752",06-05-2026
2467,Delhi,Rohini,Cafe Bakery Corner,Biryani,543,4.6,10682,4979,2703597,22,15,Regular Delivery,"00, Keer Nagar, Chandigarh-119575",25-07-2025
2468,Delhi,Dwarka,Urban Desserts Factory,"Fast Food, Biryani, North Indian, Arabian",938,3.5,102,3685,3456530,35,0,Regular Delivery,"32, Ray Zila, Delhi 654709",15-01-2026
2469,Delhi,Connaught Place,Spice Burgers World,"Ice Cream, Mughlai, Italian",546,4.7,471,3006,1641276,27,15,Swiggy Genie,"820, Samra Chowk, Agra-598884",12-07-2025
2470,Bangalore,Jayanagar,Urban Fast Food Point,"North Indian, Healthy Food, Pizza",406,4.3,12470,4316,1752296,64,40,Swiggy Genie,"562, Sagar Road, Alappuzha 373989",24-04-2026
2471,Bangalore,Koramangala,Delight Desserts Hub,South Indian,829,3.4,4766,1861,1542769,65,50,Regular Delivery,"35/334, Shukla Chowk, Thiruvananthapuram-061823",06-01-2026
2472,Chennai,Adyar,Express Pizza Palace,"Italian, Healthy Food, Biryani, Arabian",794,4.1,5414,3149,2500306,35,10,Swiggy Genie,"07/54, Varughese Road, Vellore-840630",24-05-2025
2473,Delhi,Saket,Express Pizza Treats,"Pizza, Andhra, Seafood, Biryani",682,4.6,9665,4212,2872584,42,10,Swiggy One,"94, Mand Chowk, Anand 979181",06-04-2026
2474,Hyderabad,Kukatpally,Express Chinese Factory,"Italian, Seafood, Fast Food",813,4,4042,4791,3895083,23,10,Swiggy One,"382, Srinivasan Chowk, Serampore-476341",21-01-2026
2475,Delhi,Karol Bagh,Kitchen Mughlai Point,"Ice Cream, Bakery, Healthy Food",813,2.8,11659,4278,3478014,68,25,Regular Delivery,"01, Krish Chowk, Rourkela 312973",26-12-2025
2476,Chennai,OMR,Cafe North Indian Zone,Seafood,398,4.2,4770,416,165568,46,25,Swiggy Genie,"79/119, Chahal, Purnia-502048",20-10-2025
2477,Chennai,Anna Nagar,Biryani Fast Food Factory,"Andhra, Arabian, Burgers, Healthy Food",801,3.9,1324,4239,3395439,74,0,Regular Delivery,"67/100, Dugar, Kadapa-095723",13-11-2025
2478,Hyderabad,Gachibowli,Kitchen Italian World,"Italian, Mughlai, Burgers, Pizza",1129,3.4,9461,3110,3511190,75,15,Swiggy One,"27, Loke Chowk, Hubli–Dharwad 883931",14-11-2025
2479,Bangalore,Indiranagar,Street Desserts World,"Italian, Chinese",1082,4.1,328,2414,2611948,51,0,Swiggy One,"02/274, Mahal Nagar, Pallavaram 514432",13-07-2025
2480,Chennai,OMR,Cafe Andhra World,"Arabian, Healthy Food, Bakery",663,4.7,13901,3572,2368236,26,40,Swiggy Genie,"H.No. 50, Sathe Chowk, Bharatpur-057634",16-12-2025
2481,Hyderabad,Hitech City,Kitchen Biryani Corner,"Andhra, Seafood, Healthy Food",795,3.6,3670,1462,1162290,41,0,Swiggy One,"28/316, Chander Nagar, Ajmer 859802",19-04-2026
2482,Mumbai,Dadar,Royal Pizza Corner,"North Indian, Fast Food, Pizza",1125,3.1,7958,1696,1908000,45,30,Swiggy Genie,"H.No. 729, Badal Marg, Kishanganj 923786",08-05-2026
2483,Chennai,T Nagar,Street Biryani World,Fast Food,221,2.9,4685,4632,1023672,43,30,Swiggy Genie,"09/305, Dora Chowk, Ozhukarai-736764",20-04-2026
2484,Chennai,T Nagar,Biryani Andhra Corner,"Seafood, Italian, Andhra",371,3.7,9196,1747,648137,62,20,Swiggy One,"32/390, Lalla Path, Kollam 419825",26-05-2025
2485,Mumbai,Dadar,Delight Bakery Hub,"South Indian, Ice Cream, Andhra, Mughlai",737,4.9,12236,325,239525,57,10,Regular Delivery,"118, Bajwa Ganj, Salem-400874",12-06-2025
2486,Mumbai,Andheri,Royal Bakery Factory,"Fast Food, South Indian, Desserts",1085,4,12599,4823,5232955,30,10,Swiggy One,"44/893, Sankaran Circle, Amroha 001354",13-01-2026
2487,Delhi,Saket,Food South Indian Grill,"Mughlai, Ice Cream",616,4.6,10998,375,231000,63,40,Regular Delivery,"90, Lanka Chowk, Hapur-759423",11-09-2025
2488,Delhi,Rohini,Biryani Bakery Zone,"North Indian, South Indian, Healthy Food",523,4.1,1571,1756,918388,26,30,Swiggy Genie,"02/276, Bera, Kota 197788",04-02-2026
2489,Bangalore,Indiranagar,Cafe Fast Food Junction,"Arabian, North Indian, Italian, Healthy Food",564,4.8,7151,4892,2759088,35,50,Swiggy Genie,"25/208, Butala Zila, Udupi 531559",08-10-2025
2490,Hyderabad,Madhapur,Urban Chinese Zone,"Italian, Ice Cream",552,3.9,4692,3456,1907712,48,10,Swiggy One,"H.No. 38, Khare Road, Nizamabad 705170",23-01-2026
2491,Mumbai,Dadar,Urban North Indian Zone,"Ice Cream, Italian",596,3.4,11508,2488,1482848,25,15,Swiggy Genie,"50/52, Gandhi Circle, Kolhapur-377495",23-03-2026
2492,Mumbai,Dadar,Cafe Andhra Palace,"Healthy Food, Pizza, Chinese",682,4.6,4271,1443,984126,49,20,Swiggy One,"69/45, Sharaf Path, Moradabad 044348",02-02-2026
2493,Delhi,Dwarka,House Seafood Zone,"Desserts, Healthy Food, Arabian, Mughlai",310,4.2,9055,2556,792360,50,50,Swiggy One,"397, Wable Zila, Mahbubnagar 696658",03-11-2025
2494,Delhi,Rohini,Express Italian Point,"Arabian, Fast Food",746,4.8,4264,4741,3536786,44,20,Regular Delivery,"59, Sethi Circle, Agra 889722",16-08-2025
2495,Chennai,Velachery,Biryani Andhra Treats,Seafood,756,4.2,3261,163,123228,59,25,Swiggy Genie,"39/816, Varughese Nagar, Thane 390591",11-11-2025
2496,Mumbai,Lower Parel,Street Mughlai Treats,Mughlai,976,4.2,13285,1077,1051152,53,10,Regular Delivery,"H.No. 895, Chauhan Circle, North Dumdum-097223",26-04-2026
2497,Delhi,Saket,House Pizza Palace,"Pizza, Biryani",905,4,2300,1935,1751175,31,0,Swiggy One,"95/691, Sibal Road, Gorakhpur-383104",29-07-2025
2498,Hyderabad,Gachibowli,Cafe Chinese Junction,"Ice Cream, North Indian, Fast Food, Seafood",1174,3.7,4978,4141,4861534,65,30,Regular Delivery,"059, Dayal, Kota-742980",08-08-2025
2499,Hyderabad,Madhapur,Food Seafood World,"Seafood, Burgers, Arabian",937,4.2,10963,3851,3608387,70,30,Regular Delivery,"12/98, Kalla Nagar, Pudukkottai 378516",03-01-2026
2500,Mumbai,Lower Parel,Biryani Seafood Point,South Indian,389,4.7,10489,3556,1383284,67,50,Swiggy One,"H.No. 91, Basu Road, Shimoga 737302",24-02-2026
2501,Chennai,OMR,Urban Italian Hub,"Fast Food, Healthy Food, Biryani",872,3.7,4233,1660,1447520,47,30,Swiggy One,"61/76, Kulkarni Chowk, Patna 232977",25-10-2025
2502,Chennai,Velachery,Street Pizza Point,South Indian,1164,3.7,4146,3100,3608400,49,10,Swiggy Genie,"14/800, Kanda Zila, Bhind 768945",30-08-2025
2503,Bangalore,Indiranagar,Royal Bakery Hub,"Chinese, Seafood, Arabian",816,3.7,10328,1913,1561008,26,20,Swiggy One,"15/332, Chakrabarti Circle, Srikakulam-508829",02-08-2025
2504,Delhi,Karol Bagh,House Ice Cream Junction,Chinese,500,4.5,11675,3547,1773500,56,50,Swiggy One,"H.No. 231, Rajan Nagar, Indore-791979",03-04-2026
2505,Hyderabad,Gachibowli,Tandoori Fast Food Zone,"South Indian, Mughlai, Pizza, Chinese",316,2.8,714,4102,1296232,67,10,Swiggy Genie,"H.No. 688, Mannan Marg, Kulti-639732",30-12-2025
2506,Bangalore,Koramangala,Royal Ice Cream Factory,"Pizza, Arabian",1060,4.7,10770,4834,5124040,69,25,Swiggy One,"738, Madan, Agra-296560",31-10-2025
2507,Chennai,OMR,Urban Healthy Food Hub,Seafood,489,3.5,10215,1006,491934,47,10,Swiggy One,"36/74, Dugal Street, Katni-332749",15-04-2026
2508,Hyderabad,Kukatpally,Spice Healthy Food World,"South Indian, Pizza",870,3.1,707,168,146160,47,10,Regular Delivery,"43/758, Thaman Street, Nangloi Jat 388085",28-10-2025
2509,Hyderabad,Gachibowli,Express Italian Palace,Mughlai,814,4.5,3345,983,800162,72,50,Swiggy One,"39/388, Raman Nagar, Ranchi 868197",28-09-2025
2510,Mumbai,Bandra,Tandoori Chinese Grill,"South Indian, Pizza",378,3.7,4128,1551,586278,71,10,Swiggy One,"38/93, Kala Chowk, Dhanbad-892939",01-10-2025
2511,Mumbai,Dadar,Urban Desserts Junction,"Mughlai, Andhra, North Indian",942,3,6830,4259,4011978,42,30,Swiggy Genie,"H.No. 104, Wali, Indore 297141",09-07-2025
2512,Mumbai,Bandra,Biryani Pizza Treats,"Italian, Burgers, Healthy Food",1055,4.8,14701,3399,3585945,23,20,Regular Delivery,"H.No. 079, Chhabra, Kurnool-572622",05-01-2026
2513,Mumbai,Andheri,Biryani Biryani Hub,"Italian, Bakery",135,4.7,5886,4584,618840,67,40,Swiggy One,"67/55, Dutta Road, Siwan-104138",23-06-2025
2514,Bangalore,Whitefield,Kitchen Chinese Point,Seafood,484,3,8611,3796,1837264,25,40,Regular Delivery,"24, Hayer, Naihati 371795",15-09-2025
2515,Delhi,Saket,Tandoori Desserts Junction,"Desserts, Burgers",154,4.1,6121,4853,747362,37,25,Regular Delivery,"H.No. 80, Din Circle, Tinsukia 400422",20-01-2026
2516,Chennai,Anna Nagar,Kitchen Arabian Junction,"Seafood, Desserts, Andhra, North Indian",417,4.6,11621,342,142614,53,20,Swiggy Genie,"939, Dayal Zila, Gandhinagar-747873",21-08-2025
2517,Chennai,Velachery,Biryani Seafood Point,"Ice Cream, Fast Food, Bakery, Healthy Food",170,3.1,615,610,103700,39,10,Swiggy One,"H.No. 48, Thaker Circle, Bhilwara-460274",20-04-2026
2518,Chennai,OMR,Royal South Indian Grill,Seafood,573,3.2,6461,2110,1209030,69,30,Swiggy Genie,"20/345, Sarna Zila, Vijayawada 779971",20-04-2026
2519,Mumbai,Bandra,Kitchen Bakery Palace,"North Indian, Burgers",516,3.8,14312,4812,2482992,23,0,Regular Delivery,"646, Baral Ganj, Rourkela 407022",26-11-2025
2520,Chennai,Anna Nagar,Spice Pizza Point,"Ice Cream, Biryani, Desserts, Andhra",1067,2.8,12283,583,622061,37,50,Swiggy Genie,"510, Sarna Ganj, Rampur-596016",12-09-2025
2521,Hyderabad,Kukatpally,Tandoori Healthy Food Point,"Desserts, Andhra",1039,4.1,13924,3198,3322722,54,30,Regular Delivery,"83, Mani Nagar, Jaipur 218825",07-09-2025
2522,Bangalore,Whitefield,Delight Biryani World,"Italian, Burgers, North Indian, Healthy Food",604,4.8,12734,330,199320,56,20,Regular Delivery,"H.No. 680, Konda Zila, Bhusawal 161535",05-09-2025
2523,Bangalore,BTM Layout,Delight Chinese Treats,"Bakery, Italian, Andhra",507,3.3,10707,4903,2485821,24,50,Swiggy Genie,"H.No. 687, Sinha Nagar, Machilipatnam 459429",22-03-2026
2524,Mumbai,Powai,Street Arabian Hub,"North Indian, Ice Cream, Arabian, Bakery",909,3.5,11803,2987,2715183,71,25,Swiggy Genie,"256, Gole Marg, Panihati-789406",23-08-2025
2525,Chennai,OMR,Spice Healthy Food Treats,"Bakery, Desserts",875,2.8,4325,181,158375,45,15,Swiggy One,"09, Uppal Path, Mehsana 245547",14-11-2025
2526,Delhi,Karol Bagh,Kitchen Biryani Grill,"Pizza, Seafood, Bakery, Chinese",447,3.7,12503,611,273117,28,40,Swiggy Genie,"803, Randhawa Path, Deoghar 328480",13-03-2026
2527,Delhi,Dwarka,Spice Desserts Treats,Biryani,126,4,1164,4763,600138,57,25,Swiggy Genie,"31/69, Walia Chowk, Amritsar-058754",20-04-2026
2528,Delhi,Connaught Place,Urban Healthy Food Treats,"South Indian, North Indian, Andhra, Biryani",464,3.9,5697,3888,1804032,74,50,Swiggy One,"59, Krish Street, Gurgaon-436791",04-11-2025
2529,Mumbai,Andheri,House Italian Corner,Ice Cream,909,3.9,14483,4693,4265937,26,10,Swiggy One,"H.No. 58, Ratti Path, Begusarai-208094",25-04-2026
2530,Mumbai,Lower Parel,Kitchen Fast Food Factory,"Arabian, Fast Food, North Indian, Desserts",861,3.6,13127,4936,4249896,56,10,Swiggy Genie,"92/08, Date Circle, Raebareli-762986",14-05-2026
2531,Hyderabad,Madhapur,Food Desserts Grill,"Biryani, Healthy Food, Burgers",1061,4.5,12020,2961,3141621,53,15,Swiggy Genie,"H.No. 68, Suri Nagar, Bhusawal-122375",17-03-2026
2532,Bangalore,Whitefield,Cafe Ice Cream Zone,"Biryani, Fast Food, Desserts",972,4.1,3148,4593,4464396,43,10,Swiggy Genie,"54, Gopal Zila, Avadi-730421",04-04-2026
2533,Bangalore,Whitefield,Kitchen Italian Grill,"Ice Cream, Healthy Food, Desserts, Pizza",608,3.6,10113,4586,2788288,59,30,Swiggy One,"H.No. 31, Gole Marg, Chittoor-916574",18-08-2025
2534,Hyderabad,Hitech City,Delight Healthy Food Point,"Bakery, Fast Food",483,3.5,12715,1719,830277,22,10,Swiggy Genie,"63/745, Bail Chowk, Haridwar-840954",30-04-2026
2535,Mumbai,Powai,Kitchen Biryani Grill,"Biryani, Chinese, Fast Food, Mughlai",302,4,9639,1807,545714,56,20,Swiggy One,"761, Ahuja Zila, Bhiwani 602664",27-02-2026
2536,Hyderabad,Madhapur,Express Healthy Food Zone,"Chinese, Biryani",563,2.9,10558,4303,2422589,45,15,Regular Delivery,"41/10, Warrior Circle, Kurnool-545174",25-11-2025
2537,Mumbai,Powai,Biryani Burgers Treats,"Desserts, Burgers",471,2.9,9851,4576,2155296,63,25,Swiggy One,"36, Kar Nagar, Bihar Sharif 342772",16-09-2025
2538,Chennai,Adyar,Urban Burgers Treats,Biryani,523,3.4,6085,1970,1030310,27,50,Regular Delivery,"H.No. 753, Bhatia Path, Bidar 105512",02-04-2026
2539,Hyderabad,Gachibowli,Kitchen Italian Zone,"Desserts, South Indian",1003,3.5,182,4730,4744190,70,20,Regular Delivery,"91/32, Ahluwalia Ganj, Chandrapur-380170",31-07-2025
2540,Chennai,Adyar,Kitchen Healthy Food World,"South Indian, Burgers, Italian",281,3.8,3389,2547,715707,24,15,Swiggy Genie,"38, Ganesan Street, Pallavaram-877420",01-02-2026
2541,Chennai,T Nagar,Express Chinese Point,"Bakery, Biryani",796,3.8,568,3843,3059028,74,15,Swiggy Genie,"606, Yohannan Road, Mirzapur 190757",31-10-2025
2542,Bangalore,Jayanagar,Tandoori Mughlai Grill,"South Indian, Bakery, Mughlai",884,3.7,5822,2181,1928004,46,15,Swiggy Genie,"217, Subramaniam, Katni-294826",07-12-2025
2543,Hyderabad,Hitech City,Express Mughlai World,Andhra,129,4.5,8849,215,27735,40,30,Swiggy One,"33/427, Bumb, Bongaigaon 359926",08-10-2025
2544,Delhi,Karol Bagh,Royal South Indian Point,"Ice Cream, Pizza",152,3.4,14109,2213,336376,51,50,Regular Delivery,"35, Gokhale, Arrah 632456",07-06-2025
2545,Hyderabad,Kukatpally,Royal Chinese Zone,"Pizza, South Indian, North Indian",971,4.1,10248,1834,1780814,61,10,Swiggy Genie,"29/211, Lal Marg, Visakhapatnam-314250",19-06-2025
2546,Delhi,Saket,Express Arabian Zone,"Italian, Burgers, Biryani",278,3,5373,387,107586,65,50,Swiggy Genie,"29, Swamy Ganj, Jammu-233139",31-01-2026
2547,Chennai,Adyar,Royal Andhra Palace,"Mughlai, North Indian, Seafood",450,3.6,4996,2728,1227600,73,30,Swiggy One,"H.No. 910, Arora Circle, Mira-Bhayandar-673900",11-09-2025
2548,Mumbai,Bandra,Royal Desserts Factory,Burgers,633,4.5,10256,1260,797580,65,15,Regular Delivery,"43, Dhawan Path, Kolhapur-138715",16-08-2025
2549,Hyderabad,Hitech City,Royal Italian Junction,"North Indian, Desserts, Andhra",724,3.3,6356,2869,2077156,44,0,Swiggy One,"45, Sanghvi, Tiruchirappalli 584045",04-05-2026
2550,Mumbai,Andheri,Spice Desserts Grill,Andhra,1196,4.6,1311,4815,5758740,23,50,Swiggy One,"H.No. 70, Choudhry Ganj, Shivpuri 738181",06-08-2025
2551,Bangalore,Whitefield,Royal Ice Cream Point,"Seafood, Chinese",483,2.8,2842,954,460782,30,25,Swiggy One,"H.No. 79, Shukla Nagar, Gwalior 291269",06-05-2026
2552,Chennai,Adyar,Express South Indian Grill,Mughlai,811,3.7,10936,4411,3577321,73,10,Regular Delivery,"H.No. 18, Kata Marg, Rajahmundry-326356",21-05-2026
2553,Chennai,T Nagar,Tandoori Fast Food Treats,Fast Food,922,3.6,13216,4322,3984884,20,15,Swiggy One,"H.No. 404, Setty Marg, Ozhukarai-127759",03-04-2026
2554,Delhi,Connaught Place,Biryani Biryani World,"Andhra, Bakery, Mughlai",322,4.2,11961,4715,1518230,50,15,Swiggy Genie,"19, Korpal Nagar, Sambhal 885288",25-01-2026
2555,Chennai,Velachery,Delight Biryani Point,"Burgers, Chinese, South Indian",699,3.1,9600,4206,2939994,58,25,Swiggy Genie,"08/50, Subramaniam Chowk, Bidhannagar 902962",05-11-2025
2556,Chennai,Anna Nagar,Tandoori Bakery Treats,"North Indian, Mughlai, South Indian",508,4,4711,3456,1755648,74,15,Swiggy One,"H.No. 48, Wason Ganj, Allahabad 518468",26-11-2025
2557,Hyderabad,Madhapur,Cafe North Indian Point,Burgers,1042,3.4,753,4225,4402450,29,0,Regular Delivery,"863, Shukla Zila, Hajipur-557860",11-03-2026
2558,Chennai,T Nagar,Street Chinese Zone,"Mughlai, Fast Food, Burgers, Arabian",420,3.8,13145,2105,884100,58,10,Regular Delivery,"H.No. 47, Anne Circle, Panipat-795769",26-07-2025
2559,Mumbai,Dadar,Street Ice Cream Grill,"Biryani, Italian, Fast Food",373,4.9,5184,1011,377103,32,15,Regular Delivery,"68, Ghosh Path, Warangal-360697",16-10-2025
2560,Bangalore,BTM Layout,Spice Seafood Corner,Fast Food,565,3,6646,2011,1136215,73,15,Swiggy One,"841, Ahuja Ganj, Gorakhpur 999242",03-10-2025
2561,Hyderabad,Hitech City,Urban Ice Cream Treats,"North Indian, Bakery, Chinese",476,4.8,7858,2068,984368,73,10,Swiggy Genie,"H.No. 23, Loke Circle, Bhubaneswar 810572",10-08-2025
2562,Bangalore,Indiranagar,Street Burgers Junction,"Desserts, Italian, Andhra",988,3.7,694,3963,3915444,72,50,Swiggy One,"H.No. 703, Date Nagar, Surat-821585",07-10-2025
2563,Bangalore,Koramangala,House Healthy Food Treats,"Fast Food, Seafood",929,4.7,5004,4067,3778243,23,50,Swiggy Genie,"440, Chacko Circle, Faridabad 164035",12-03-2026
2564,Bangalore,BTM Layout,Cafe South Indian Hub,"Seafood, Chinese, Mughlai, Pizza",613,4.5,11501,678,415614,22,30,Swiggy Genie,"673, Sunder Zila, Hospet 666165",10-11-2025
2565,Delhi,Dwarka,Kitchen Pizza Factory,"Arabian, Mughlai",686,3.2,5724,3658,2509388,38,10,Regular Delivery,"75/17, Keer Nagar, Satara-791691",27-06-2025
2566,Delhi,Rohini,Food Desserts Grill,"Burgers, Desserts",773,4.3,3646,4596,3552708,55,10,Swiggy Genie,"37/64, Kara Circle, Patna 331121",25-10-2025
2567,Delhi,Rohini,Tandoori Burgers World,"Mughlai, Seafood",993,3.9,7883,2326,2309718,67,0,Swiggy Genie,"33/288, Apte Zila, Phusro 441010",03-11-2025
2568,Hyderabad,Kukatpally,Delight Bakery Grill,"Desserts, South Indian, Ice Cream, Arabian",601,2.9,1371,4819,2896219,66,40,Regular Delivery,"H.No. 931, Arora, Bhind 926252",31-10-2025
2569,Hyderabad,Madhapur,Street Italian Hub,"Seafood, Biryani",828,2.8,7738,4140,3427920,74,0,Swiggy One,"H.No. 32, Saxena Circle, Imphal-033453",29-10-2025
2570,Chennai,Anna Nagar,Delight Mughlai Junction,"Arabian, Seafood, Healthy Food",829,3.8,8316,1106,916874,46,40,Swiggy Genie,"H.No. 24, Ganesan Circle, Darbhanga 868752",12-05-2026
2571,Hyderabad,Hitech City,Delight Bakery Point,Seafood,646,4,12171,1483,958018,42,25,Swiggy Genie,"84, Chauhan Street, Sasaram-097017",26-11-2025
2572,Chennai,OMR,Tandoori South Indian Factory,"Seafood, South Indian, Biryani",257,3.5,1627,1785,458745,57,40,Regular Delivery,"H.No. 24, Sengupta Road, Pali 090820",13-08-2025
2573,Chennai,Anna Nagar,Delight Andhra World,North Indian,752,3.5,11068,1959,1473168,34,40,Swiggy One,"48/719, Gokhale Street, Bikaner 647439",11-08-2025
2574,Chennai,OMR,Cafe North Indian Palace,Seafood,252,3.8,8186,2023,509796,29,15,Swiggy One,"161, Desai Ganj, Jalgaon 246825",14-04-2026
2575,Hyderabad,Banjara Hills,Tandoori Burgers Junction,"Italian, Andhra, North Indian, Bakery",349,3.1,1363,4391,1532459,48,10,Regular Delivery,"H.No. 112, Contractor Nagar, Vellore-787231",13-06-2025
2576,Delhi,Saket,Cafe Seafood Corner,"Arabian, Seafood, Desserts",365,2.9,2691,4842,1767330,48,30,Swiggy One,"27/16, Batta Road, Bulandshahr-193682",02-05-2026
2577,Hyderabad,Banjara Hills,Street Fast Food Junction,"Chinese, South Indian",335,4.7,8816,1406,471010,52,40,Swiggy Genie,"45, Balan, Medininagar-055946",06-11-2025
2578,Bangalore,Whitefield,Spice North Indian Junction,"Ice Cream, Seafood, Andhra",315,3.9,356,2519,793485,35,40,Regular Delivery,"H.No. 91, Sangha Road, Nagaon-272607",27-11-2025
2579,Chennai,Anna Nagar,Urban Chinese Zone,South Indian,433,3.4,11624,4536,1964088,36,0,Swiggy Genie,"H.No. 506, Agarwal Street, Hindupur-293446",23-02-2026
2580,Mumbai,Andheri,Royal Andhra Zone,"Ice Cream, Fast Food",1083,3.9,10560,1585,1716555,70,20,Swiggy Genie,"424, Handa Zila, Karawal Nagar-911538",02-04-2026
2581,Chennai,OMR,Spice Ice Cream Junction,"North Indian, Biryani, Seafood, Chinese",757,4.2,4241,2593,1962901,33,20,Swiggy One,"41/33, Butala Marg, Bihar Sharif 965246",15-05-2026
2582,Hyderabad,Madhapur,Biryani Chinese Hub,Andhra,162,3.4,6523,178,28836,20,10,Regular Delivery,"45, Behl Nagar, Ulhasnagar-333252",23-03-2026
2583,Chennai,Anna Nagar,Biryani Bakery Factory,"Biryani, Healthy Food",1052,4,2231,1282,1348664,23,50,Regular Delivery,"27/333, Gade Circle, Surendranagar Dudhrej 475185",27-10-2025
2584,Hyderabad,Gachibowli,Cafe Italian Corner,"Andhra, Mughlai, Healthy Food",294,3.8,13073,4362,1282428,69,10,Regular Delivery,"H.No. 27, Taneja Zila, Raurkela Industrial Township-427823",18-10-2025
2585,Delhi,Rohini,Cafe Italian Factory,"Italian, Desserts, Fast Food, Healthy Food",250,3.3,7920,1135,283750,49,10,Swiggy Genie,"10/770, Bhavsar Path, Indore-767633",11-06-2025
2586,Delhi,Rohini,Delight Italian Corner,Desserts,205,3.4,7857,2332,478060,34,0,Swiggy One,"H.No. 439, Sampath, Gaya-701995",17-08-2025
2587,Bangalore,Jayanagar,Express Andhra Zone,"Seafood, Burgers, Bakery",293,4.2,12999,2378,696754,49,20,Swiggy Genie,"793, Dasgupta Path, Avadi 424647",13-06-2025
2588,Delhi,Rohini,Delight Mughlai Palace,Healthy Food,202,3.3,10432,2929,591658,70,10,Swiggy One,"H.No. 732, Goyal Ganj, Agra-516350",17-11-2025
2589,Chennai,OMR,Royal Seafood Junction,"Fast Food, Italian, Arabian",921,4.3,590,2584,2379864,43,25,Regular Delivery,"98, Chatterjee Street, Gwalior 759008",23-03-2026
2590,Hyderabad,Gachibowli,House Seafood Palace,"Italian, South Indian",183,4.8,3783,3524,644892,53,30,Swiggy One,"H.No. 583, Khalsa Path, Rajpur Sonarpur 048800",24-05-2026
2591,Bangalore,Indiranagar,House Chinese Factory,Italian,523,3.8,10809,531,277713,37,15,Regular Delivery,"H.No. 728, Chacko Path, Tezpur-885222",25-12-2025
2592,Chennai,T Nagar,House Seafood Palace,"Seafood, Mughlai, Biryani",698,4.8,13966,4308,3006984,22,50,Regular Delivery,"H.No. 43, Gera Marg, Bidar-576303",11-10-2025
2593,Delhi,Dwarka,Express Burgers Corner,"Italian, Bakery, Ice Cream, Andhra",336,4.4,562,3811,1280496,67,0,Swiggy Genie,"H.No. 437, Shanker, Buxar-146615",24-11-2025
2594,Bangalore,Koramangala,Kitchen Chinese Point,Arabian,475,3.4,1780,3086,1465850,64,50,Regular Delivery,"H.No. 01, Kala Chowk, Jabalpur-636941",23-09-2025
2595,Mumbai,Lower Parel,Royal North Indian Palace,Ice Cream,995,3.7,1390,2186,2175070,53,40,Swiggy One,"31/83, Loyal Ganj, Ambarnath-532098",30-11-2025
2596,Hyderabad,Banjara Hills,Kitchen South Indian Palace,"Arabian, Pizza",968,3.8,1933,1042,1008656,71,0,Regular Delivery,"71/21, Bhandari Chowk, Unnao-782680",21-03-2026
2597,Mumbai,Dadar,Tandoori Burgers Factory,Desserts,1068,4.4,11403,1916,2046288,38,25,Swiggy Genie,"09/987, Sant Marg, Etawah 898525",03-05-2026
2598,Mumbai,Bandra,Food Andhra Zone,"Arabian, Andhra",1108,4.2,4250,1831,2028748,58,0,Regular Delivery,"493, Sibal Chowk, Pallavaram 315177",25-08-2025
2599,Bangalore,Koramangala,Kitchen Italian Grill,"Biryani, Mughlai",1144,4.8,9444,3389,3877016,29,25,Regular Delivery,"34, Thakkar Zila, Eluru 237254",17-05-2026
2600,Hyderabad,Kukatpally,Royal Biryani Junction,"North Indian, Pizza, Andhra, Ice Cream",241,3,7029,2087,502967,69,25,Swiggy Genie,"H.No. 06, Ramachandran Circle, Purnia-264577",13-11-2025
2601,Hyderabad,Madhapur,Biryani Biryani Zone,"Bakery, Healthy Food, Fast Food",375,3.1,6066,3968,1488000,58,10,Swiggy Genie,"799, Date Street, Chennai 260396",02-09-2025
2602,Bangalore,Indiranagar,Kitchen Ice Cream Junction,"Desserts, Italian, Mughlai",436,3.5,6297,2504,1091744,71,50,Swiggy Genie,"H.No. 68, Sahota Road, Surat 995406",09-10-2025
2603,Chennai,Velachery,House Pizza Junction,"Pizza, Burgers, South Indian, Seafood",372,3,5564,624,232128,36,10,Swiggy Genie,"73, Walia Circle, Tenali 963460",17-04-2026
2604,Delhi,Connaught Place,Spice Healthy Food Point,"North Indian, Fast Food",627,4.3,10693,512,321024,57,20,Swiggy Genie,"H.No. 54, Karan Path, Patiala 350570",26-03-2026
2605,Chennai,Velachery,Street Ice Cream Corner,"Chinese, Seafood",988,4.4,7221,3074,3037112,61,20,Swiggy Genie,"H.No. 215, Chhabra Circle, Orai-552633",04-03-2026
2606,Delhi,Karol Bagh,Food Biryani Point,"Seafood, Mughlai",958,3,11279,2292,2195736,40,25,Regular Delivery,"H.No. 868, Wagle Circle, Kozhikode 991657",04-10-2025
2607,Hyderabad,Banjara Hills,Biryani Seafood Junction,Ice Cream,1018,4.4,14433,3368,3428624,40,15,Regular Delivery,"H.No. 060, Bora Chowk, Amroha-289254",15-10-2025
2608,Hyderabad,Hitech City,Street Arabian Hub,"South Indian, Ice Cream, Healthy Food",494,4.5,2238,4627,2285738,32,30,Swiggy One,"H.No. 053, Baria Road, Mau 209193",04-06-2025
2609,Delhi,Saket,House Seafood Corner,"South Indian, Bakery, Biryani",1160,3.9,5556,2669,3096040,21,50,Swiggy Genie,"37, Sridhar, Solapur-438721",17-09-2025
2610,Mumbai,Lower Parel,Tandoori Bakery Palace,Italian,723,4.7,5917,3957,2860911,31,25,Swiggy One,"H.No. 22, Virk Marg, Loni-290558",15-08-2025
2611,Mumbai,Dadar,Delight Mughlai Palace,"Arabian, Mughlai, Pizza",622,2.9,7048,479,297938,38,0,Swiggy One,"92/856, Kale, Aurangabad 749110",10-12-2025
2612,Bangalore,Whitefield,Express Andhra Corner,"Mughlai, Pizza",1056,3.6,6030,4150,4382400,71,20,Swiggy One,"27, Randhawa Ganj, Vijayawada-557487",01-02-2026
2613,Delhi,Saket,Food North Indian Grill,"Arabian, Seafood, Mughlai",326,3.1,412,279,90954,74,25,Swiggy One,"H.No. 90, Viswanathan Road, Giridih-470835",30-04-2026
2614,Hyderabad,Kukatpally,Delight Andhra Hub,"Bakery, Healthy Food, Biryani",309,4.4,1040,1237,382233,56,20,Regular Delivery,"H.No. 295, Samra Marg, Tiruchirappalli-900839",24-04-2026
2615,Chennai,Adyar,Delight Pizza Treats,Italian,398,3.6,14676,3986,1586428,70,10,Swiggy One,"H.No. 40, Toor Ganj, Bokaro 239406",27-12-2025
2616,Hyderabad,Madhapur,Spice Desserts Grill,"South Indian, Biryani, Chinese, Burgers",728,3.3,10447,2270,1652560,58,25,Swiggy Genie,"22/933, Bahl Nagar, Sirsa-952582",03-11-2025
2617,Mumbai,Lower Parel,Food Chinese World,"Pizza, Seafood, Biryani",661,4,11943,2589,1711329,36,30,Regular Delivery,"H.No. 28, Majumdar Nagar, Hospet 320291",18-08-2025
2618,Chennai,OMR,Royal Burgers World,"Italian, Bakery, Ice Cream",515,4.3,8127,1257,647355,65,25,Swiggy One,"866, Rajagopal Zila, Unnao 209073",20-09-2025
2619,Bangalore,Jayanagar,Urban Ice Cream Hub,"Pizza, Andhra",450,3.2,3468,3977,1789650,45,15,Swiggy One,"73/877, Deshpande, Hapur-787266",20-11-2025
2620,Bangalore,Whitefield,House Ice Cream Hub,"Ice Cream, Bakery, North Indian, Mughlai",689,4.3,6430,893,615277,41,30,Swiggy Genie,"H.No. 24, Ganguly Chowk, Latur-135905",01-11-2025
2621,Hyderabad,Hitech City,Spice Bakery Hub,"Desserts, Ice Cream, South Indian, Andhra",398,4.3,13233,390,155220,28,15,Swiggy One,"67, Balakrishnan Zila, Bellary-625056",14-10-2025
2622,Chennai,T Nagar,Cafe Pizza World,"Burgers, Mughlai, Ice Cream",980,3.8,13068,1769,1733620,37,15,Regular Delivery,"40/03, Chakrabarti Path, Ghaziabad 173758",23-03-2026
2623,Hyderabad,Kukatpally,Tandoori Italian Junction,"Fast Food, Italian, Mughlai",392,4.3,8570,4818,1888656,33,40,Swiggy Genie,"15, Shere Ganj, Bhagalpur 561426",10-05-2026
2624,Bangalore,Koramangala,Spice Pizza Treats,South Indian,122,3.8,12445,2189,267058,30,10,Swiggy Genie,"H.No. 837, Chatterjee Ganj, Maheshtala-057314",18-12-2025
2625,Chennai,OMR,Tandoori Healthy Food Point,"Mughlai, Healthy Food, Andhra, Burgers",859,4.7,7855,295,253405,35,10,Swiggy One,"81/318, Bava Road, Siwan-052811",30-03-2026
2626,Hyderabad,Madhapur,Kitchen Desserts Hub,"Chinese, Ice Cream",860,2.9,10252,3906,3359160,33,20,Swiggy One,"066, Lalla Nagar, Faridabad 780475",18-06-2025
2627,Hyderabad,Madhapur,Street Chinese Palace,"Healthy Food, Biryani",1179,3.5,14692,3798,4477842,69,15,Regular Delivery,"H.No. 58, Sundaram, Alappuzha 822400",03-07-2025
2628,Chennai,OMR,Food North Indian Hub,Pizza,240,3.8,2881,779,186960,21,50,Swiggy Genie,"90, Chadha Ganj, Kochi-089474",16-05-2026
2629,Bangalore,Jayanagar,Delight Seafood Grill,"Bakery, Chinese, Biryani",966,4.4,2202,697,673302,35,20,Swiggy One,"H.No. 608, Ramanathan Path, Salem 773887",15-07-2025
2630,Delhi,Rohini,Kitchen North Indian Junction,"Bakery, South Indian, Desserts, Burgers",462,3.2,13469,3634,1678908,55,0,Swiggy Genie,"H.No. 68, Tank Chowk, Dhanbad 750196",11-02-2026
2631,Delhi,Karol Bagh,Biryani North Indian Corner,Italian,692,3.1,3671,3714,2570088,21,0,Regular Delivery,"09/385, Atwal Street, Bilaspur-956801",14-12-2025
2632,Delhi,Dwarka,Kitchen Seafood Factory,"Bakery, Ice Cream, Healthy Food, Mughlai",812,4.8,130,4790,3889480,57,30,Swiggy Genie,"36/275, Dora Ganj, Jamalpur 200270",22-02-2026
2633,Chennai,T Nagar,Delight Italian Corner,Arabian,628,3.6,10241,1128,708384,38,40,Swiggy One,"61/45, Wadhwa Circle, Chandrapur 924184",10-08-2025
2634,Hyderabad,Hitech City,Street Pizza Hub,"Seafood, South Indian, Ice Cream, Italian",751,4.5,3752,2733,2052483,61,25,Swiggy Genie,"86/58, Mangat Street, Nandyal-960955",25-04-2026
2635,Chennai,Adyar,Food Ice Cream Junction,"Biryani, Desserts",725,4.1,3346,953,690925,74,25,Swiggy One,"H.No. 909, Kanda Marg, Mathura-624810",07-01-2026
2636,Mumbai,Dadar,House Andhra Grill,"South Indian, Desserts, Ice Cream",1166,4.3,14220,4445,5182870,64,30,Swiggy One,"38/94, Yohannan Marg, Berhampore-233256",25-07-2025
2637,Mumbai,Powai,Spice Mughlai Treats,Chinese,1057,4.1,7075,4208,4447856,38,10,Swiggy One,"H.No. 74, Varma Circle, Orai-508524",02-06-2025
2638,Delhi,Saket,Spice Chinese Corner,"Seafood, Biryani, Desserts, Andhra",690,4,14448,3612,2492280,73,10,Regular Delivery,"793, Krishnan Zila, Mira-Bhayandar 030988",29-08-2025
2639,Chennai,T Nagar,Kitchen North Indian Palace,"Ice Cream, Biryani",1021,2.8,693,3266,3334586,50,20,Swiggy One,"39, Kalita Path, Vadodara-337141",05-01-2026
2640,Bangalore,Jayanagar,Urban Andhra Grill,"Bakery, Fast Food, Mughlai, Arabian",405,4.4,13709,1382,559710,69,20,Swiggy One,"64/125, Date, Burhanpur-943278",04-05-2026
2641,Hyderabad,Kukatpally,Kitchen Burgers Point,"Biryani, Chinese, Burgers, Fast Food",436,4.6,129,3830,1669880,21,30,Regular Delivery,"H.No. 68, Goyal Zila, Pondicherry-596232",11-05-2026
2642,Delhi,Rohini,Urban Arabian Corner,"Biryani, Burgers, Healthy Food",817,4.4,6286,4834,3949378,21,0,Regular Delivery,"14, Kashyap Circle, Anantapuram-158998",19-10-2025
2643,Bangalore,Koramangala,Spice Fast Food Hub,"Fast Food, Healthy Food, Seafood, Arabian",534,4.7,4451,3403,1817202,24,20,Swiggy One,"H.No. 975, Choudhury, Jaipur 464344",21-10-2025
2644,Hyderabad,Gachibowli,Street Italian World,"Andhra, Bakery, Ice Cream",176,4.3,13177,440,77440,22,40,Swiggy Genie,"28/16, Edwin Chowk, Kirari Suleman Nagar-870602",06-06-2025
2645,Mumbai,Powai,Tandoori Desserts World,"Biryani, Andhra, Pizza, Mughlai",184,4.9,12893,4079,750536,37,10,Swiggy One,"H.No. 55, Verma Road, Dibrugarh 301973",08-06-2025
2646,Chennai,Velachery,House Mughlai Junction,"Italian, South Indian, Seafood, Bakery",1151,4.7,7560,729,839079,47,15,Swiggy One,"12, Acharya, Khora  177279",20-08-2025
2647,Mumbai,Dadar,Street Bakery Zone,"North Indian, Bakery, Burgers",1015,3.7,8627,4497,4564455,29,25,Regular Delivery,"660, Dash Street, Thoothukudi 152158",18-03-2026
2648,Mumbai,Powai,Urban Healthy Food Zone,Ice Cream,860,4.7,10335,971,835060,24,25,Regular Delivery,"71, Arya Nagar, Vijayawada 305281",12-05-2026
2649,Delhi,Rohini,Street Burgers Point,"Burgers, Fast Food, Biryani, Bakery",449,3.1,11744,1084,486716,34,15,Swiggy One,"H.No. 05, Brar Marg, Shimla-479140",14-10-2025
2650,Delhi,Connaught Place,Cafe Biryani Junction,Italian,403,4.2,160,4269,1720407,38,25,Swiggy One,"07/42, Bora Marg, Kochi 775226",19-10-2025
2651,Chennai,Adyar,Street Biryani World,"Healthy Food, South Indian, Burgers, Seafood",897,3.6,4911,4569,4098393,40,40,Regular Delivery,"H.No. 873, Karpe Marg, Ghaziabad-782110",02-01-2026
2652,Hyderabad,Hitech City,Food Arabian Factory,Biryani,1021,4.2,8103,3352,3422392,70,50,Swiggy One,"73, Sidhu Chowk, Rourkela-988467",12-08-2025
2653,Mumbai,Dadar,Food South Indian Zone,"Mughlai, Andhra, Pizza, Desserts",842,3.1,8244,1224,1030608,62,30,Regular Delivery,"H.No. 534, Bawa Street, Tumkur 873394",18-02-2026
2654,Mumbai,Powai,Royal Healthy Food Factory,"Seafood, Italian, Chinese",247,3.4,10260,4415,1090505,54,50,Swiggy Genie,"05, Wagle Nagar, Tirupati 550248",08-02-2026
2655,Delhi,Rohini,Cafe Ice Cream Corner,"Pizza, Desserts, Burgers, Healthy Food",461,2.8,1311,412,189932,63,30,Swiggy One,"56/001, Johal Ganj, Kharagpur-382753",29-01-2026
2656,Delhi,Saket,House Ice Cream Hub,"Desserts, Seafood, Ice Cream, Fast Food",246,3.6,7897,3478,855588,28,25,Swiggy One,"H.No. 57, Andra Chowk, Adoni 376486",17-09-2025
2657,Hyderabad,Hitech City,Urban Chinese Palace,Desserts,626,2.9,1507,4722,2955972,54,20,Swiggy Genie,"H.No. 19, Luthra Street, Jabalpur 676597",16-09-2025
2658,Hyderabad,Madhapur,Royal Ice Cream Hub,Biryani,940,3.5,8270,2890,2716600,54,30,Regular Delivery,"H.No. 36, Rana Street, Gwalior-835152",31-05-2025
2659,Mumbai,Powai,Biryani Pizza Grill,"Pizza, Bakery, Healthy Food",924,3,1275,3455,3192420,37,20,Regular Delivery,"72/348, Banerjee Chowk, Karawal Nagar 721019",07-01-2026
2660,Mumbai,Powai,Tandoori Seafood Point,"Italian, Bakery, Ice Cream",1047,4.8,14462,4189,4385883,54,20,Swiggy One,"965, Srinivasan Zila, Thiruvananthapuram 850679",03-03-2026
2661,Bangalore,Indiranagar,Delight Andhra Junction,"Bakery, Fast Food, Italian",536,4.5,8940,4480,2401280,65,30,Swiggy One,"79/60, Shah Ganj, Hapur 719218",20-11-2025
2662,Chennai,Anna Nagar,Spice Biryani Grill,"Pizza, Burgers, Seafood, Fast Food",347,4.4,12091,2240,777280,47,15,Swiggy One,"H.No. 685, Rajagopal Zila, Rampur 585771",07-05-2026
2663,Delhi,Karol Bagh,Tandoori Mughlai Zone,"Andhra, Bakery, Chinese, Arabian",701,3.1,8655,1037,726937,75,30,Swiggy One,"65, Bir Ganj, Kadapa 266855",07-09-2025
2664,Delhi,Dwarka,Delight South Indian Point,"Andhra, Desserts",128,3.1,13431,711,91008,74,50,Regular Delivery,"51/240, Wason Road, Hajipur 537996",26-05-2025
2665,Bangalore,Jayanagar,Tandoori Italian Corner,"Pizza, Andhra, North Indian",326,4.7,2084,696,226896,69,30,Regular Delivery,"79, Chanda Circle, Guwahati 898626",27-05-2025
2666,Bangalore,Koramangala,Street Ice Cream Treats,"Mughlai, Chinese, Andhra",494,3.1,1587,3561,1759134,45,30,Swiggy One,"H.No. 042, Sheth Marg, Kozhikode-008584",19-12-2025
2667,Hyderabad,Gachibowli,Express Pizza Palace,"Bakery, North Indian",506,4.3,6329,2050,1037300,28,30,Regular Delivery,"H.No. 20, Kulkarni Nagar, Moradabad 732562",22-10-2025
2668,Delhi,Connaught Place,House Healthy Food Factory,"North Indian, Biryani, Healthy Food",761,4.8,9803,616,468776,68,25,Regular Delivery,"227, Sheth, Panihati-955394",26-06-2025
2669,Chennai,Velachery,Street Arabian Junction,Pizza,829,2.9,4637,4997,4142513,43,0,Swiggy Genie,"31, Sekhon Nagar, Bhusawal-564374",11-02-2026
2670,Hyderabad,Gachibowli,Spice Pizza Palace,Italian,672,2.8,12956,277,186144,32,10,Regular Delivery,"29/257, Arora Path, Rajkot-400858",01-08-2025
2671,Bangalore,Whitefield,Tandoori Seafood Junction,"Biryani, Seafood, Ice Cream, Chinese",384,4.4,8061,4090,1570560,50,20,Swiggy One,"H.No. 271, Gopal Chowk, Guwahati-651336",22-07-2025
2672,Chennai,T Nagar,Kitchen Pizza World,"Italian, Fast Food, South Indian",851,3.8,3740,2619,2228769,41,30,Regular Delivery,"48, Ramachandran Marg, Bhind-293254",13-08-2025
2673,Bangalore,Koramangala,Food Biryani Factory,"Biryani, Chinese, Fast Food, Andhra",625,4,13134,2261,1413125,69,15,Swiggy Genie,"14/21, Chakraborty Road, Amaravati-829320",04-01-2026
2674,Mumbai,Andheri,Spice Biryani Junction,"Chinese, Burgers",641,4.5,3696,4744,3040904,60,20,Swiggy Genie,"850, Thaker Marg, Hazaribagh 515681",15-03-2026
2675,Mumbai,Bandra,Kitchen Healthy Food Junction,"Seafood, Ice Cream, Chinese, Pizza",560,4.3,13685,1158,648480,56,10,Regular Delivery,"15, De, Tumkur 734013",21-12-2025
2676,Delhi,Connaught Place,Royal Biryani Corner,"Italian, Healthy Food",1024,3.5,4021,2660,2723840,56,30,Swiggy One,"H.No. 168, Sood Marg, Gangtok 348378",09-08-2025
2677,Bangalore,Koramangala,Cafe Chinese Treats,"Chinese, Mughlai",502,4.9,600,2744,1377488,73,40,Regular Delivery,"H.No. 154, Gulati Circle, Shimla 821380",27-08-2025
2678,Bangalore,BTM Layout,Street Fast Food Treats,Ice Cream,634,4.6,6477,2136,1354224,37,25,Swiggy Genie,"729, Dalal Road, Thoothukudi 290023",30-09-2025
2679,Hyderabad,Hitech City,Cafe North Indian Hub,"Chinese, Pizza, Healthy Food, Andhra",1069,4.1,2755,4177,4465213,48,40,Swiggy Genie,"508, Kohli Street, Bidar 872737",20-04-2026
2680,Chennai,Velachery,Kitchen Seafood World,"South Indian, Andhra, Seafood, Ice Cream",337,2.9,3626,1866,628842,32,30,Swiggy Genie,"33/80, Kurian Marg, Miryalaguda 979366",24-04-2026
2681,Bangalore,BTM Layout,House Andhra Junction,South Indian,407,3.5,12024,3978,1619046,75,40,Swiggy One,"96, Balakrishnan Ganj, Delhi 962467",23-09-2025
2682,Chennai,T Nagar,Kitchen Burgers Zone,"Bakery, Ice Cream, Fast Food, South Indian",752,4.8,10768,2449,1841648,21,20,Swiggy One,"81/894, Kapur Ganj, Panchkula-380804",27-01-2026
2683,Mumbai,Bandra,Street Mughlai Factory,"Burgers, Bakery",966,4.6,8706,2817,2721222,38,10,Swiggy One,"H.No. 485, Doctor Circle, Arrah-180439",27-03-2026
2684,Mumbai,Bandra,Kitchen Fast Food Factory,"Biryani, Desserts, Burgers",259,4.5,8482,4173,1080807,43,10,Swiggy One,"64, Kashyap, Mau 631547",26-06-2025
2685,Delhi,Dwarka,Food Seafood Treats,"Bakery, Italian, Arabian",145,2.9,10545,1873,271585,69,20,Swiggy One,"H.No. 90, Batra Ganj, Agartala-494064",25-08-2025
2686,Chennai,Velachery,Street Ice Cream Corner,"Mughlai, Bakery",300,2.8,2667,2751,825300,31,15,Swiggy Genie,"59/85, Dash Zila, Gulbarga 387837",12-04-2026
2687,Chennai,T Nagar,House Bakery Junction,"Healthy Food, Italian, Arabian",1048,4.1,3815,3465,3631320,51,40,Swiggy Genie,"H.No. 88, Goswami Path, Kharagpur-488389",04-01-2026
2688,Chennai,Anna Nagar,Street Fast Food Hub,"Pizza, Italian, Fast Food",498,4.1,7781,1887,939726,22,10,Swiggy One,"H.No. 138, Dalal Nagar, Surat-101188",22-10-2025
2689,Hyderabad,Gachibowli,Delight Fast Food Factory,"Biryani, North Indian",424,3.5,11046,1441,610984,32,15,Regular Delivery,"64, Lanka Zila, Hajipur-316955",10-05-2026
2690,Chennai,Anna Nagar,Delight Mughlai Corner,Arabian,653,2.9,13243,1703,1112059,47,30,Regular Delivery,"93/036, Tandon, Rajkot-734988",17-04-2026
2691,Bangalore,Jayanagar,Kitchen Mughlai World,"Fast Food, Seafood, Italian, Pizza",169,2.9,7231,2625,443625,52,15,Swiggy One,"H.No. 78, Zacharia Road, Dhanbad 468842",24-01-2026
2692,Mumbai,Dadar,Express Desserts Treats,"Mughlai, Arabian, Pizza, Bakery",129,4.2,9308,1803,232587,60,25,Regular Delivery,"05, Mangal Chowk, Hospet 637206",22-07-2025
2693,Mumbai,Lower Parel,Cafe North Indian Zone,"Bakery, Italian",789,3.5,3011,1433,1130637,41,40,Regular Delivery,"85, Batra Circle, Indore-760026",12-01-2026
2694,Mumbai,Bandra,Tandoori Pizza Factory,"Mughlai, Arabian, Healthy Food, Chinese",1037,4.3,2652,2571,2666127,51,20,Regular Delivery,"49/57, Shetty Zila, Sagar-785548",21-09-2025
2695,Mumbai,Lower Parel,Cafe Ice Cream World,"Healthy Food, North Indian",482,3.2,11059,2155,1038710,63,20,Regular Delivery,"09/567, Rajagopal Circle, Kirari Suleman Nagar-895013",17-08-2025
2696,Chennai,Adyar,Royal Arabian Grill,"Mughlai, South Indian, North Indian, Burgers",911,3,839,1462,1331882,44,40,Regular Delivery,"59, Dugar Zila, Shahjahanpur-735018",16-01-2026
2697,Delhi,Dwarka,Street North Indian Junction,"Burgers, Pizza, Italian, Arabian",857,3,7049,3496,2996072,59,30,Swiggy Genie,"81/80, Kalla, Guwahati 439657",11-08-2025
2698,Hyderabad,Kukatpally,Express Desserts Junction,"South Indian, Andhra, Ice Cream",327,3.9,8970,3316,1084332,21,10,Regular Delivery,"440, D’Alia Circle, Raurkela Industrial Township-898490",23-07-2025
2699,Hyderabad,Kukatpally,Urban Fast Food World,"Andhra, Arabian, South Indian, Mughlai",1131,4.1,12912,825,933075,35,0,Regular Delivery,"18/83, Chandra Road, Ambala-328343",27-11-2025
2700,Hyderabad,Gachibowli,Food Fast Food Point,Chinese,1146,4.4,3005,1335,1529910,21,0,Swiggy Genie,"64/62, Choudhry Street, Bhiwani-107651",03-01-2026
2701,Delhi,Connaught Place,Tandoori Desserts Treats,"Pizza, Biryani, South Indian",564,4.2,4819,4943,2787852,69,0,Regular Delivery,"93/689, Bose Chowk, Madanapalle 186026",03-10-2025
2702,Hyderabad,Madhapur,Urban Desserts Point,"Healthy Food, North Indian",993,3.8,622,1578,1566954,73,10,Regular Delivery,"565, Bhakta Street, Unnao 726020",18-08-2025
2703,Chennai,OMR,Royal Italian World,Desserts,775,3.6,9475,143,110825,64,0,Regular Delivery,"68, Vyas Zila, Berhampore 655660",29-10-2025
2704,Bangalore,BTM Layout,Food Seafood Junction,Italian,476,4.8,13975,2186,1040536,39,20,Swiggy Genie,"33/62, Barad Marg, Surat 206856",23-09-2025
2705,Delhi,Dwarka,Royal Seafood Palace,Bakery,1129,3.4,10188,3890,4391810,27,10,Regular Delivery,"H.No. 44, Mann Nagar, Mau-168986",03-11-2025
2706,Bangalore,Jayanagar,Express Burgers Hub,"North Indian, Chinese, Desserts, Italian",641,2.9,10261,4547,2914627,35,0,Regular Delivery,"46/03, Kar Street, Kalyan-Dombivli-714509",22-01-2026
2707,Hyderabad,Kukatpally,Tandoori Burgers Point,Burgers,899,4.2,256,4997,4492303,21,30,Regular Delivery,"806, Loyal Path, Rourkela-518177",28-12-2025
2708,Hyderabad,Gachibowli,Urban Bakery Corner,"Chinese, Ice Cream, Biryani",1043,3.6,5963,1423,1484189,29,0,Swiggy Genie,"H.No. 17, Bawa Path, Bhusawal-821157",10-02-2026
2709,Hyderabad,Madhapur,Kitchen Bakery Palace,Andhra,459,3.9,14883,1451,666009,67,20,Swiggy One,"288, Joshi Street, Barasat-794168",10-08-2025
2710,Mumbai,Andheri,Food Italian Zone,Chinese,346,3,7144,1191,412086,49,40,Regular Delivery,"84/97, Borah Path, Kolhapur 776106",01-08-2025
2711,Bangalore,Indiranagar,Express Mughlai Palace,"Biryani, Burgers, Healthy Food",466,3.7,3881,1477,688282,69,0,Swiggy Genie,"503, Varma Street, Sirsa-138582",20-05-2026
2712,Bangalore,Jayanagar,Biryani Fast Food Hub,"Chinese, Desserts, Seafood",699,4.8,245,715,499785,43,20,Regular Delivery,"13/424, Sant Circle, Aurangabad-782984",09-04-2026
2713,Delhi,Karol Bagh,House Seafood Hub,South Indian,1036,3.5,5288,4190,4340840,20,25,Swiggy One,"H.No. 18, Aggarwal Chowk, Amravati-031658",21-02-2026
2714,Hyderabad,Hitech City,Kitchen South Indian Junction,"Andhra, Italian, Desserts",1136,3.9,7196,485,550960,48,50,Regular Delivery,"H.No. 425, Chadha, Nagercoil-575002",30-04-2026
2715,Bangalore,Jayanagar,Kitchen Mughlai Palace,"North Indian, Seafood",722,4.5,5616,2717,1961674,52,20,Swiggy One,"311, Bahl Ganj, Siliguri-499255",16-03-2026
2716,Bangalore,BTM Layout,House Italian Junction,"Burgers, Desserts, Chinese, Italian",401,4,9302,4562,1829362,21,10,Swiggy Genie,"H.No. 24, Mallick Marg, Bathinda-583932",08-05-2026
2717,Hyderabad,Madhapur,Urban Chinese Junction,"Biryani, South Indian, Mughlai",643,2.9,14720,4455,2864565,32,40,Swiggy Genie,"H.No. 30, Bahri Circle, Junagadh-250884",02-10-2025
2718,Bangalore,Jayanagar,Spice Burgers Palace,Bakery,204,3.6,1102,2317,472668,24,50,Swiggy One,"683, Bora Circle, Ozhukarai-726491",03-05-2026
2719,Bangalore,BTM Layout,Express Bakery World,"South Indian, Seafood, Fast Food, Pizza",1012,4.7,9161,813,822756,45,20,Swiggy Genie,"50/25, Sur Circle, Tinsukia-117744",29-05-2025
2720,Chennai,Anna Nagar,Express Chinese Junction,"North Indian, Pizza, Seafood, Italian",1187,3.1,1073,2327,2762149,27,10,Swiggy One,"81, Gokhale Nagar, Akola 044771",02-01-2026
2721,Mumbai,Dadar,Delight Seafood Corner,"Italian, Desserts, Fast Food, South Indian",668,4,12138,4044,2701392,21,10,Swiggy Genie,"937, Taneja Chowk, Ulhasnagar 852654",10-02-2026
2722,Delhi,Saket,Food Arabian Factory,Italian,273,4.8,7966,408,111384,75,50,Swiggy Genie,"H.No. 563, Dayal Zila, Hyderabad-063573",26-07-2025
2723,Hyderabad,Gachibowli,Cafe Bakery Junction,Ice Cream,745,3.7,14369,3851,2868995,30,50,Regular Delivery,"751, Din Chowk, Gaya 218936",09-09-2025
2724,Hyderabad,Kukatpally,Delight Bakery Grill,"Pizza, North Indian",493,3.9,8637,2011,991423,56,50,Swiggy One,"87/599, Roy Road, Sambalpur-890290",12-01-2026
2725,Delhi,Dwarka,Delight Fast Food Junction,"Italian, Chinese",815,4.3,14660,1418,1155670,63,0,Regular Delivery,"23/27, Kadakia Nagar, Machilipatnam-798229",02-10-2025
2726,Chennai,Anna Nagar,Food Fast Food Grill,"Mughlai, Seafood",751,4.4,4738,2263,1699513,54,25,Swiggy Genie,"45/118, Kala Street, Dindigul-368240",26-11-2025
2727,Mumbai,Bandra,Food Bakery Corner,"Seafood, Bakery",611,4.1,9111,3798,2320578,66,40,Swiggy One,"H.No. 571, Wagle Chowk, Munger-432714",23-05-2026
2728,Hyderabad,Gachibowli,Tandoori Arabian Hub,"Desserts, Burgers, Andhra, Biryani",919,4.1,976,3447,3167793,74,10,Swiggy One,"05, Chaudry Street, Begusarai-859653",17-06-2025
2729,Hyderabad,Gachibowli,Cafe Pizza Point,"South Indian, Healthy Food, Pizza",886,3.6,3265,1530,1355580,36,30,Swiggy One,"36/390, Grover Nagar, Bhind 042024",23-11-2025
2730,Hyderabad,Banjara Hills,Tandoori Fast Food Factory,"Andhra, Chinese",1060,2.9,4570,3054,3237240,37,30,Regular Delivery,"830, Ghosh Marg, Unnao-910480",20-08-2025
2731,Bangalore,Koramangala,Street Pizza Point,"Ice Cream, Andhra",278,3,5612,2480,689440,36,25,Regular Delivery,"04/31, Viswanathan Zila, Begusarai-549249",18-09-2025
2732,Chennai,Adyar,Royal Arabian Corner,"Burgers, Mughlai, Andhra",734,3.6,8334,691,507194,27,30,Swiggy Genie,"H.No. 02, Ganguly Path, Satna-206184",16-10-2025
2733,Delhi,Connaught Place,Street Healthy Food Grill,Andhra,475,4.7,10873,1538,730550,44,25,Regular Delivery,"73/52, Karan Zila, Gorakhpur 538485",31-08-2025
2734,Delhi,Rohini,Tandoori Seafood Junction,"Burgers, Pizza, Desserts, Bakery",1135,3.6,10620,3030,3439050,56,10,Swiggy Genie,"43/478, Sidhu Ganj, Suryapet 187013",08-11-2025
2735,Bangalore,BTM Layout,Biryani Chinese Zone,"Seafood, Mughlai, South Indian, Pizza",571,4.6,7916,2001,1142571,56,15,Swiggy Genie,"28/161, Sane Chowk, Amroha-834469",24-02-2026
2736,Chennai,Adyar,Cafe Fast Food Point,"Ice Cream, Burgers",172,4.3,1553,3393,583596,28,25,Swiggy One,"H.No. 66, Sem, Vasai-Virar 567256",01-05-2026
2737,Hyderabad,Banjara Hills,Spice Chinese Palace,"Burgers, Pizza, Biryani, Bakery",971,2.8,6943,1015,985565,67,40,Regular Delivery,"805, Sami Marg, Sangli-Miraj & Kupwad-733784",06-10-2025
2738,Bangalore,Whitefield,Delight Biryani Corner,"Desserts, Bakery, Healthy Food, Pizza",250,3.9,8095,3240,810000,58,0,Swiggy One,"01/26, Krishna Marg, Guntur-661509",05-02-2026
2739,Bangalore,Whitefield,Kitchen Chinese Factory,Ice Cream,138,3,14802,98,13524,30,30,Swiggy Genie,"89/49, Kurian Nagar, Katni-760972",24-06-2025
2740,Hyderabad,Madhapur,Spice Burgers World,"South Indian, North Indian, Pizza, Mughlai",458,4,13343,4269,1955202,59,40,Swiggy Genie,"53/692, Rajagopalan Street, Proddatur 521479",19-10-2025
2741,Hyderabad,Madhapur,Food Chinese Palace,"South Indian, Ice Cream",724,3.1,651,3316,2400784,74,50,Swiggy One,"27, Wagle Marg, Chandigarh-941774",06-01-2026
2742,Delhi,Rohini,House Chinese Palace,"Ice Cream, Chinese, North Indian, Andhra",293,3.4,4468,3293,964849,28,25,Swiggy Genie,"123, Ramanathan Street, Haldia-591021",24-04-2026
2743,Mumbai,Bandra,Food Chinese Factory,"Burgers, Biryani, Bakery, Ice Cream",874,3.2,11594,4986,4357764,73,30,Regular Delivery,"H.No. 60, Bakshi Street, Bhubaneswar-416507",19-03-2026
2744,Delhi,Karol Bagh,Food Fast Food World,"Seafood, Healthy Food, Desserts, Bakery",1151,3.2,3812,2655,3055905,21,30,Swiggy One,"61/57, Koshy Zila, Karawal Nagar 169151",23-11-2025
2745,Mumbai,Lower Parel,Spice Healthy Food Palace,"Fast Food, Healthy Food, Desserts, Italian",324,2.9,9661,4466,1446984,33,25,Swiggy Genie,"08/26, Taneja Chowk, Raebareli-736317",25-06-2025
2746,Chennai,Anna Nagar,Tandoori Seafood Treats,"Desserts, Arabian, North Indian",172,4.6,8745,3218,553496,42,40,Swiggy One,"H.No. 378, Shroff Zila, Jalandhar 904005",28-12-2025
2747,Bangalore,Jayanagar,Kitchen Mughlai Hub,"Fast Food, Burgers, Pizza, Seafood",1115,3.5,1391,793,884195,71,15,Swiggy Genie,"29, Kapadia Street, Ramgarh 365933",29-10-2025
2748,Bangalore,Jayanagar,House Pizza Treats,"Pizza, Fast Food, Chinese",756,4.6,4731,1150,869400,26,0,Swiggy One,"H.No. 99, Sura Circle, Dewas 719703",02-05-2026
2749,Chennai,OMR,Delight Desserts Factory,"South Indian, Ice Cream, Burgers",950,3.6,5561,2080,1976000,30,25,Swiggy One,"H.No. 59, Jain Nagar, Guntakal 307753",10-08-2025
2750,Mumbai,Lower Parel,Cafe Andhra Factory,"South Indian, Andhra, Desserts",780,3.8,3711,4668,3641040,51,25,Regular Delivery,"72, Sami Road, Jammu 704470",13-05-2026
2751,Chennai,Velachery,Biryani Arabian Treats,"Chinese, Healthy Food, Italian",1057,4.5,13905,754,796978,60,0,Regular Delivery,"01/629, Shenoy Street, Bettiah 357487",16-07-2025
2752,Mumbai,Powai,Kitchen Burgers Grill,"Burgers, Andhra",680,4,12514,2764,1879520,74,40,Swiggy Genie,"52/35, Sane Road, Shivpuri 813000",15-03-2026
2753,Hyderabad,Hitech City,Delight South Indian Corner,"Healthy Food, Pizza, Seafood, Arabian",243,4.5,10941,2285,555255,53,30,Swiggy Genie,"H.No. 699, Singh Zila, Nizamabad-246127",12-02-2026
2754,Mumbai,Andheri,Royal Seafood Grill,Ice Cream,288,4.8,4684,4702,1354176,29,40,Regular Delivery,"965, Dayal Ganj, Secunderabad-110169",23-08-2025
2755,Chennai,Adyar,Express Seafood Point,"Desserts, Andhra, Bakery",533,4.2,10015,3152,1680016,75,50,Regular Delivery,"H.No. 40, Brar Chowk, Khammam 081899",26-05-2025
2756,Hyderabad,Kukatpally,Royal Arabian Corner,"Arabian, Fast Food",1009,4.4,406,4267,4305403,37,0,Swiggy One,"00/24, Ramesh Marg, Aizawl 743450",10-06-2025
2757,Hyderabad,Madhapur,Royal Chinese Zone,"Desserts, Biryani, Pizza, Fast Food",1140,3.9,3144,4350,4959000,48,15,Swiggy Genie,"49/895, Ganesh Ganj, Chapra-015907",08-08-2025
2758,Mumbai,Powai,Express South Indian Palace,"Fast Food, Bakery",329,4.3,10092,776,255304,24,50,Swiggy One,"45/748, Tandon Ganj, Ozhukarai 194495",09-01-2026
2759,Bangalore,Indiranagar,Express Bakery Palace,"Desserts, North Indian",696,3,10701,3517,2447832,39,20,Regular Delivery,"14/71, Rajan Road, Karaikudi 081905",08-05-2026
2760,Mumbai,Andheri,Delight Fast Food Point,"North Indian, Seafood",575,3.8,9115,1377,791775,54,0,Regular Delivery,"57/45, Sandhu Marg, Madanapalle 563248",16-02-2026
2761,Bangalore,BTM Layout,Cafe Andhra World,"Andhra, Desserts",1057,4.4,7503,2882,3046274,35,40,Swiggy One,"72, Bobal Nagar, Nanded-985471",05-08-2025
2762,Mumbai,Powai,Delight South Indian Junction,"Bakery, Pizza, Burgers",632,4.7,8311,2128,1344896,27,30,Swiggy Genie,"925, Gopal Nagar, Kottayam 632253",26-06-2025
2763,Chennai,Anna Nagar,Urban Mughlai Grill,South Indian,538,4,6136,483,259854,33,20,Regular Delivery,"50, Randhawa Street, Berhampur 847845",04-03-2026
2764,Delhi,Saket,House Chinese Junction,"Desserts, Biryani",867,4.2,1194,2835,2457945,39,30,Regular Delivery,"13/019, Samra, Guna-902630",01-04-2026
2765,Bangalore,Whitefield,Food Ice Cream Hub,Pizza,1005,3.1,13085,3238,3254190,47,0,Swiggy One,"89/189, Andra Road, Howrah 382427",04-09-2025
2766,Chennai,Anna Nagar,Street Arabian Zone,"Biryani, Bakery, Andhra",1097,3.7,1809,4687,5141639,46,25,Swiggy Genie,"251, Kota Path, Kottayam 669050",28-08-2025
2767,Chennai,Velachery,Delight Arabian Hub,"Italian, Biryani, North Indian, Chinese",1014,4,13567,2905,2945670,50,15,Swiggy Genie,"H.No. 93, Seth Ganj, Ballia 702242",26-03-2026
2768,Bangalore,Indiranagar,Delight Fast Food World,"Bakery, Ice Cream",1066,4.4,2684,4479,4774614,43,15,Swiggy One,"H.No. 402, Kamdar Path, Vijayanagaram 485873",16-07-2025
2769,Delhi,Rohini,Delight Bakery Point,Arabian,906,4.2,5519,4863,4405878,59,10,Swiggy One,"H.No. 100, Gokhale Circle, Tenali-984202",06-07-2025
2770,Chennai,Adyar,Biryani Pizza Junction,"Arabian, Fast Food, Pizza",132,2.9,1238,2563,338316,43,15,Swiggy Genie,"H.No. 87, Swaminathan Street, Dibrugarh-831802",21-03-2026
2771,Delhi,Dwarka,Spice Chinese Zone,"Bakery, Burgers, Pizza, Desserts",1082,4.4,9865,449,485818,63,30,Swiggy Genie,"87/023, Tandon Road, Naihati 913915",23-07-2025
2772,Chennai,Adyar,Tandoori Andhra World,"South Indian, Bakery, Arabian, Seafood",413,4.4,5681,4204,1736252,22,15,Regular Delivery,"H.No. 02, Joshi Nagar, Udaipur 750631",11-12-2025
2773,Bangalore,BTM Layout,Cafe South Indian World,"Chinese, Desserts, Italian",614,3.4,13986,2113,1297382,47,0,Swiggy Genie,"H.No. 44, Bandi Path, Jodhpur 009038",19-08-2025
2774,Mumbai,Andheri,Cafe Healthy Food Grill,"Arabian, North Indian",381,4.5,12268,2277,867537,25,40,Swiggy One,"940, Chakrabarti Nagar, Coimbatore 289804",11-04-2026
2775,Mumbai,Powai,Street Burgers Zone,"Healthy Food, Burgers",532,4.6,12506,4093,2177476,55,40,Regular Delivery,"63/30, Deol Nagar, Sambalpur 804576",09-08-2025
2776,Delhi,Karol Bagh,House South Indian Treats,Bakery,921,3.9,8374,3017,2778657,24,30,Regular Delivery,"H.No. 06, Batra Marg, Saharanpur 449669",15-12-2025
2777,Mumbai,Andheri,House Andhra Point,"Bakery, Andhra, Fast Food",982,3.7,9589,4713,4628166,39,0,Swiggy Genie,"H.No. 66, Majumdar Chowk, Gaya-891591",26-05-2025
2778,Mumbai,Bandra,Biryani Bakery Factory,"Ice Cream, Fast Food, Seafood, North Indian",364,4.3,1959,1874,682136,75,10,Swiggy Genie,"H.No. 805, Dass Circle, Hapur 638650",21-11-2025
2779,Delhi,Karol Bagh,Biryani Chinese Zone,"Fast Food, Chinese, Italian, Pizza",424,3.6,9994,4941,2094984,45,10,Swiggy Genie,"42/466, Chhabra Circle, Medininagar-655345",31-05-2025
2780,Bangalore,Indiranagar,Express Mughlai Grill,"Italian, Andhra, Bakery, Pizza",1115,4,8661,1703,1898845,50,40,Swiggy Genie,"060, Dash Ganj, Sambalpur 105019",12-07-2025
2781,Delhi,Dwarka,Urban Healthy Food Hub,"South Indian, Burgers",652,4.3,6418,1558,1015816,56,15,Swiggy One,"79/47, Subramaniam Road, Morbi-398555",10-09-2025
2782,Delhi,Connaught Place,Royal Pizza World,"Ice Cream, Chinese, Biryani, North Indian",696,3.7,11821,986,686256,69,0,Swiggy One,"33/042, Taneja Ganj, Nangloi Jat 085347",13-12-2025
2783,Mumbai,Bandra,Delight Andhra Junction,Chinese,1075,4.9,10725,2913,3131475,21,30,Swiggy Genie,"69, Mangat, Gorakhpur 739445",26-09-2025
2784,Mumbai,Andheri,Food Fast Food Factory,"Pizza, Chinese, Biryani, North Indian",974,3.8,10554,4096,3989504,67,30,Swiggy One,"H.No. 985, Aurora Chowk, Chapra 881150",02-10-2025
2785,Chennai,Adyar,Express Arabian Point,"Burgers, Mughlai, Arabian",123,4.5,14465,1858,228534,20,0,Regular Delivery,"H.No. 64, Andra Marg, Varanasi 765518",03-02-2026
2786,Hyderabad,Banjara Hills,Urban Arabian Zone,"North Indian, Biryani",476,4.3,5040,1775,844900,75,40,Regular Delivery,"74, Shanker Circle, Katni-121066",29-05-2025
2787,Chennai,Velachery,Food Chinese Point,"Seafood, Andhra",1174,4.3,2528,4504,5287696,20,20,Swiggy Genie,"H.No. 22, Andra Road, Nagercoil 213145",20-01-2026
2788,Mumbai,Lower Parel,Royal Seafood Junction,"Andhra, Chinese, Seafood",251,4.3,1588,4196,1053196,61,15,Swiggy Genie,"44, Saha Circle, Warangal 342142",27-08-2025
2789,Mumbai,Dadar,House Mughlai Treats,Fast Food,908,3.6,6477,4013,3643804,61,25,Swiggy Genie,"90, Kade Path, Davanagere 185338",16-11-2025
2790,Delhi,Connaught Place,Biryani Ice Cream Factory,"Burgers, Fast Food",140,3.2,11254,1497,209580,51,0,Regular Delivery,"55/142, Manda Circle, Ozhukarai-482477",07-11-2025
2791,Delhi,Karol Bagh,Kitchen Bakery Junction,Desserts,826,4.1,3292,1725,1424850,62,10,Swiggy Genie,"06, Varughese, Unnao-256176",26-08-2025
2792,Chennai,T Nagar,Biryani Andhra World,"Italian, Bakery",320,4,5658,526,168320,23,20,Swiggy One,"22/97, Bora Path, Mumbai 608322",12-12-2025
2793,Mumbai,Lower Parel,Urban Mughlai Factory,"South Indian, Desserts, Mughlai, Healthy Food",430,3.4,14047,4518,1942740,59,25,Regular Delivery,"H.No. 493, Babu Ganj, Gandhidham-343635",06-07-2025
2794,Bangalore,Jayanagar,Delight Desserts Zone,"Burgers, Mughlai, Bakery",1149,4.7,14948,2767,3179283,20,10,Swiggy Genie,"H.No. 812, Walla Chowk, Fatehpur 671940",02-01-2026
2795,Chennai,OMR,Delight Chinese Junction,"Italian, Desserts, Fast Food, Pizza",939,4.3,6738,3688,3463032,74,30,Swiggy One,"930, Brahmbhatt Ganj, Katihar-348738",14-05-2026
2796,Chennai,Velachery,Food Biryani Grill,"Pizza, Bakery",791,4.2,11656,1153,912023,56,0,Regular Delivery,"H.No. 67, Kari Zila, Mangalore 969535",04-12-2025
2797,Chennai,OMR,Cafe Ice Cream Factory,"Arabian, Biryani, Seafood",1058,3.8,13301,709,750122,46,40,Regular Delivery,"H.No. 05, Sane Street, Nanded-970403",10-12-2025
2798,Hyderabad,Hitech City,Cafe South Indian Grill,"Seafood, Healthy Food, Burgers, North Indian",305,4.3,9787,3713,1132465,42,40,Regular Delivery,"61, Sankaran Chowk, Kavali-325157",06-05-2026
2799,Hyderabad,Gachibowli,Delight Fast Food Treats,"Bakery, Italian",151,4.7,9539,792,119592,69,25,Swiggy Genie,"H.No. 444, Ramanathan Zila, Bongaigaon-362925",21-12-2025
2800,Mumbai,Andheri,Biryani Desserts Treats,"Mughlai, South Indian, Ice Cream, Healthy Food",190,4.3,8122,3670,697300,54,0,Swiggy Genie,"64/923, Bhat Circle, Hindupur 077220",12-02-2026
2801,Bangalore,Indiranagar,House Fast Food Zone,Desserts,325,4.8,2637,3324,1080300,20,40,Swiggy One,"480, Toor Nagar, Bangalore 383489",08-01-2026
2802,Mumbai,Bandra,Kitchen Desserts Palace,"Burgers, North Indian, Biryani, Seafood",632,3.9,14727,3524,2227168,44,30,Swiggy One,"695, Mann Zila, Mira-Bhayandar-655446",31-03-2026
2803,Bangalore,Whitefield,Biryani Mughlai Factory,North Indian,1124,4.5,13796,4904,5512096,75,20,Swiggy One,"H.No. 23, Buch Circle, Kumbakonam-349288",23-02-2026
2804,Mumbai,Dadar,Street Mughlai World,Seafood,532,4.1,1293,4970,2644040,45,25,Swiggy Genie,"21/08, Kant Circle, Ratlam-098789",18-12-2025
2805,Delhi,Karol Bagh,House Healthy Food Junction,"Andhra, Italian, Ice Cream",222,4.4,8528,4452,988344,52,40,Swiggy Genie,"66, Krishnan Road, Nagercoil 134659",19-04-2026
2806,Bangalore,Indiranagar,Delight Burgers Treats,"Fast Food, South Indian, Chinese",979,3.1,4508,347,339713,51,0,Regular Delivery,"42/017, Chahal Ganj, Indore-790715",18-12-2025
2807,Chennai,OMR,Spice Chinese Palace,Arabian,910,3.1,5218,186,169260,58,50,Swiggy Genie,"07/54, Kuruvilla Ganj, Tinsukia 748231",15-11-2025
2808,Bangalore,BTM Layout,Kitchen Fast Food Zone,South Indian,1157,4.8,4271,1978,2288546,45,50,Regular Delivery,"79, Raj Chowk, Purnia 268471",04-12-2025
2809,Chennai,Adyar,Delight Desserts Grill,"Desserts, Andhra, Fast Food",186,4,4576,959,178374,26,20,Regular Delivery,"H.No. 154, Balan Ganj, Thanjavur-361691",18-08-2025
2810,Delhi,Karol Bagh,Urban Biryani Junction,"Healthy Food, South Indian, Ice Cream, Biryani",147,3.5,2111,1514,222558,62,25,Swiggy One,"84/628, Dayal Road, Adoni-445436",17-03-2026
2811,Bangalore,BTM Layout,Tandoori Bakery Grill,South Indian,734,4.6,285,1440,1056960,56,25,Regular Delivery,"84/79, Luthra Circle, Ichalkaranji 082676",18-12-2025
2812,Delhi,Karol Bagh,Biryani Italian Grill,Burgers,194,4.3,3789,2102,407788,68,15,Regular Delivery,"535, Mangal Circle, Tinsukia 872236",18-05-2026
2813,Delhi,Dwarka,Spice Mughlai Corner,"Italian, Fast Food, Andhra, Healthy Food",1192,4,5295,1734,2066928,73,10,Swiggy One,"37/56, Suri Road, Rampur 029193",26-04-2026
2814,Bangalore,Indiranagar,Street Fast Food Hub,"Fast Food, Ice Cream, Desserts, Pizza",324,3.9,6725,4736,1534464,35,15,Regular Delivery,"H.No. 572, Malhotra Path, Raiganj 005736",16-08-2025
2815,Hyderabad,Hitech City,Food Desserts Zone,"North Indian, Chinese, Fast Food, Mughlai",461,4.6,7781,2610,1203210,27,30,Regular Delivery,"341, Bala Zila, Tumkur-424541",27-12-2025
2816,Bangalore,Jayanagar,Royal Chinese World,"Biryani, Healthy Food, Italian",1163,3.7,5638,3405,3960015,48,50,Swiggy One,"00/84, Chatterjee Marg, Bhilai-209314",22-08-2025
2817,Mumbai,Andheri,Spice Desserts Hub,"Pizza, Mughlai",439,3.9,7323,2290,1005310,40,50,Swiggy Genie,"80, Ramanathan Road, Bokaro 641803",12-09-2025
2818,Chennai,OMR,Spice Fast Food Treats,"Desserts, Seafood",146,3.6,8058,987,144102,53,50,Regular Delivery,"18/74, Bawa Zila, Pimpri-Chinchwad 261634",24-07-2025
2819,Hyderabad,Kukatpally,Kitchen Chinese Junction,"Burgers, Fast Food, Healthy Food, Andhra",949,3.4,13837,2199,2086851,46,50,Regular Delivery,"H.No. 11, Ratti Chowk, Ambala-475507",26-07-2025
2820,Chennai,Anna Nagar,Biryani Burgers Factory,"Seafood, Biryani, Desserts",1028,4.3,13267,2727,2803356,39,15,Swiggy Genie,"83/85, Kade Path, Hubli–Dharwad-909730",06-02-2026
2821,Mumbai,Lower Parel,Express Bakery Point,Biryani,330,4.5,5205,3982,1314060,67,40,Swiggy Genie,"46, Dutt Circle, Jalgaon-279494",25-05-2025
2822,Hyderabad,Hitech City,Food Arabian Treats,"Chinese, Burgers, Desserts",1132,4.9,10683,3469,3926908,43,0,Regular Delivery,"94, Rattan Zila, Singrauli 269270",17-09-2025
2823,Bangalore,Jayanagar,Delight Desserts Palace,"Fast Food, South Indian",1008,3.5,1041,2701,2722608,31,50,Regular Delivery,"H.No. 72, Chokshi Nagar, Purnia 203532",27-06-2025
2824,Mumbai,Andheri,Cafe Bakery Treats,"Arabian, Bakery",535,4.2,14043,2080,1112800,33,15,Swiggy One,"H.No. 546, Jha Nagar, Anand-476027",04-07-2025
2825,Delhi,Karol Bagh,Biryani Italian Hub,"Ice Cream, Mughlai",814,3,14198,3934,3202276,75,30,Regular Delivery,"50, Buch Marg, Bulandshahr 537735",11-12-2025
2826,Hyderabad,Banjara Hills,House Fast Food Corner,"North Indian, Andhra",671,4.9,12157,3880,2603480,75,15,Swiggy Genie,"H.No. 509, Sidhu Chowk, Bongaigaon-859591",05-03-2026
2827,Mumbai,Andheri,House Mughlai Grill,"Burgers, Bakery, Italian, Ice Cream",1067,4.8,4161,1553,1657051,50,40,Swiggy Genie,"83, Gera Zila, Agra 316893",29-12-2025
2828,Mumbai,Andheri,Street Healthy Food Zone,"Bakery, Seafood",1029,4.4,11437,4393,4520397,31,40,Swiggy Genie,"580, Tak Chowk, Nagaon-066702",15-09-2025
2829,Delhi,Saket,Urban Ice Cream Point,Pizza,479,4.8,11546,4261,2041019,34,15,Regular Delivery,"H.No. 091, Kara, Munger-802432",16-06-2025
2830,Bangalore,Whitefield,House Ice Cream Point,"Bakery, Biryani",1147,3.6,5648,607,696229,43,25,Regular Delivery,"69, Kalla Ganj, Thiruvananthapuram 323734",09-09-2025
2831,Delhi,Saket,Spice South Indian Junction,"Desserts, South Indian, Pizza",830,3.6,508,4217,3500110,32,15,Swiggy Genie,"H.No. 003, Shankar Circle, Haldia 955680",15-10-2025
2832,Mumbai,Dadar,Street North Indian Palace,"Seafood, Healthy Food",1034,4,12420,3031,3134054,54,40,Swiggy One,"77, Jain Circle, Katni-835349",28-02-2026
2833,Bangalore,Whitefield,Cafe Bakery Hub,"Pizza, South Indian, Biryani, Chinese",1194,3.7,13983,4472,5339568,54,40,Swiggy One,"05/522, Grover Ganj, Baranagar 063887",28-01-2026
2834,Mumbai,Powai,Food South Indian Zone,"Arabian, Desserts",478,3.2,9497,4539,2169642,30,30,Swiggy One,"160, Saini Chowk, Dehradun 065203",09-12-2025
2835,Hyderabad,Hitech City,Tandoori Mughlai Junction,"Mughlai, Desserts, Seafood",279,3.6,4049,3253,907587,21,25,Swiggy Genie,"91, Sachdev Marg, Ahmedabad-990404",26-05-2025
2836,Bangalore,Whitefield,Urban North Indian Junction,"Mughlai, Italian",544,4.3,6689,4303,2340832,39,0,Swiggy One,"708, Shah Marg, Srinagar 343081",06-04-2026
2837,Mumbai,Powai,Food Desserts Palace,Chinese,575,4.6,11188,858,493350,22,20,Swiggy Genie,"H.No. 638, Chand Marg, Durg-221113",26-06-2025
2838,Bangalore,Whitefield,Urban Pizza Zone,"Desserts, Mughlai, Fast Food, Andhra",681,3.6,5262,2456,1672536,39,10,Swiggy Genie,"86/543, Gopal Ganj, Jaunpur-309738",21-01-2026
2839,Delhi,Karol Bagh,Biryani Chinese Point,"Mughlai, Chinese, Italian, Arabian",123,3.9,8685,378,46494,47,10,Swiggy One,"58/946, Kothari Street, Tumkur-171076",12-02-2026
2840,Mumbai,Andheri,Food North Indian Palace,Burgers,977,4,10488,2225,2173825,26,50,Regular Delivery,"441, Chand Road, Tiruppur 293032",16-10-2025
2841,Chennai,Velachery,Urban Arabian Palace,Mughlai,268,4.8,6872,4550,1219400,44,50,Regular Delivery,"H.No. 374, Kadakia Ganj, Kharagpur-464893",30-03-2026
2842,Chennai,T Nagar,Royal Andhra Factory,"Desserts, Andhra, Italian, Chinese",234,4.6,14978,1332,311688,63,25,Swiggy Genie,"H.No. 954, De, Gwalior 268205",25-10-2025
2843,Delhi,Rohini,Cafe Ice Cream Hub,"Bakery, Pizza",1063,3,1158,3881,4125503,61,0,Swiggy Genie,"99/850, Sha Marg, Bharatpur 032386",11-09-2025
2844,Delhi,Rohini,House North Indian Factory,"North Indian, Chinese, Biryani",182,4.6,7156,2149,391118,48,10,Regular Delivery,"H.No. 014, Kaul, Jalgaon-307171",15-01-2026
2845,Chennai,Velachery,Royal Healthy Food Point,"Fast Food, Mughlai",641,3.8,12507,2172,1392252,40,30,Regular Delivery,"90/17, Gara Circle, Vellore 610744",09-03-2026
2846,Bangalore,Indiranagar,Delight Burgers Corner,"Arabian, Mughlai",131,4.5,2997,3000,393000,52,10,Regular Delivery,"08, Ranganathan Zila, Coimbatore-407275",09-02-2026
2847,Hyderabad,Madhapur,Kitchen Mughlai Zone,"Pizza, South Indian, Andhra",127,3.1,13408,3603,457581,30,40,Swiggy Genie,"H.No. 47, Dhaliwal Street, Bhind-164092",15-05-2026
2848,Chennai,Anna Nagar,Tandoori Pizza Palace,"South Indian, Desserts, Bakery",249,3.3,9893,523,130227,38,20,Swiggy Genie,"H.No. 011, Kar Ganj, Darbhanga-826993",10-01-2026
2849,Hyderabad,Kukatpally,Kitchen Ice Cream Grill,Burgers,933,4.5,12965,4223,3940059,35,20,Swiggy One,"H.No. 60, Tata Street, Guwahati 322655",03-07-2025
2850,Chennai,Anna Nagar,Food Bakery Palace,"Healthy Food, Seafood",551,4.1,9747,4685,2581435,37,15,Swiggy One,"H.No. 633, Shroff Circle, Kadapa-995239",16-08-2025
2851,Delhi,Connaught Place,Express Andhra Palace,"Desserts, North Indian",316,3.4,6791,1128,356448,61,20,Regular Delivery,"85/365, Sahota Path, Coimbatore-145787",06-05-2026
2852,Bangalore,Jayanagar,Street Healthy Food Point,"North Indian, Burgers, Healthy Food",805,4,13751,4643,3737615,40,10,Swiggy Genie,"47, Sarma Zila, Ghaziabad 249505",03-02-2026
2853,Hyderabad,Banjara Hills,Spice Healthy Food Palace,"Burgers, South Indian, North Indian, Arabian",711,3.3,9428,4733,3365163,64,20,Swiggy Genie,"710, Cheema Nagar, Bahraich 060678",26-10-2025
2854,Bangalore,Whitefield,Street North Indian Hub,Healthy Food,530,4.3,5891,4421,2343130,45,25,Swiggy One,"26/63, Chakraborty Ganj, Bhiwandi 620266",21-08-2025
2855,Chennai,Adyar,Street Mughlai Treats,"Healthy Food, Pizza",892,4.8,7299,3305,2948060,28,20,Swiggy One,"H.No. 59, Jaggi Ganj, Katihar-663984",28-12-2025
2856,Bangalore,Koramangala,Express Biryani Zone,"Ice Cream, South Indian, Chinese, North Indian",123,3.2,8516,4184,514632,58,20,Regular Delivery,"67/58, Contractor Chowk, Bulandshahr-035635",13-06-2025
2857,Hyderabad,Kukatpally,Street Fast Food Grill,"Arabian, North Indian",625,4.4,1966,1200,750000,45,0,Swiggy One,"66/04, Mahal Road, Tadepalligudem 712854",18-09-2025
2858,Delhi,Karol Bagh,Food Andhra Zone,"Italian, Burgers, Chinese, Bakery",713,4.8,890,3580,2552540,33,10,Swiggy Genie,"H.No. 681, Anne Ganj, Mumbai-551660",14-05-2026
2859,Mumbai,Dadar,Biryani Pizza Palace,Italian,257,3.3,4049,2272,583904,51,40,Swiggy Genie,"37/49, Magar Marg, Bhopal 852794",02-04-2026
2860,Delhi,Rohini,Tandoori Bakery Junction,"Desserts, North Indian",870,3.1,11489,422,367140,74,40,Regular Delivery,"200, Rege Circle, Dibrugarh 259595",08-01-2026
2861,Delhi,Karol Bagh,Express Italian Junction,"Burgers, Arabian",714,4.3,544,2160,1542240,25,10,Regular Delivery,"H.No. 55, Grewal Path, Malda 883789",07-08-2025
2862,Delhi,Dwarka,Cafe Healthy Food Junction,"Italian, Burgers, Pizza",1040,4.6,655,4797,4988880,37,0,Swiggy One,"09/585, Tandon Road, Udupi-461861",07-04-2026
2863,Mumbai,Lower Parel,Biryani Mughlai Factory,Arabian,1101,4.8,3867,850,935850,59,40,Swiggy Genie,"48, Golla, Raurkela Industrial Township-108349",08-06-2025
2864,Hyderabad,Kukatpally,Kitchen Fast Food Treats,Seafood,317,4.7,8551,2483,787111,75,0,Swiggy Genie,"H.No. 072, Ramanathan, Ongole-080534",02-10-2025
2865,Mumbai,Powai,Kitchen Burgers Point,"Ice Cream, Italian, Biryani, North Indian",1149,4.2,8344,639,734211,49,50,Regular Delivery,"H.No. 89, Gole Zila, Srinagar-778226",15-05-2026
2866,Mumbai,Lower Parel,Biryani Italian Corner,Mughlai,594,3.7,5099,1052,624888,68,10,Swiggy Genie,"93/75, Saha Circle, Ahmednagar 344692",13-02-2026
2867,Chennai,OMR,Food Italian Point,"Italian, Ice Cream, Bakery",417,3.6,13308,4579,1909443,50,15,Swiggy Genie,"H.No. 47, Rout Road, Ratlam-063085",10-10-2025
2868,Delhi,Saket,Kitchen Bakery Corner,Burgers,648,4,11089,3392,2198016,57,10,Swiggy Genie,"74, Singh Circle, Parbhani-150336",13-11-2025
2869,Delhi,Karol Bagh,House Seafood Factory,Bakery,515,3.8,3767,1837,946055,23,25,Swiggy One,"782, Sandal Street, Purnia 155004",07-04-2026
2870,Mumbai,Bandra,Biryani Mughlai World,Seafood,164,3.8,2069,2171,356044,47,25,Regular Delivery,"774, Rajagopalan, Singrauli-945626",11-05-2026
2871,Bangalore,Koramangala,Cafe Ice Cream Hub,"North Indian, Healthy Food, Italian",1030,3.6,789,1087,1119610,29,20,Swiggy Genie,"H.No. 29, Mandal Zila, Sambalpur 667093",13-04-2026
2872,Mumbai,Powai,Delight Healthy Food Corner,Italian,961,3.9,2693,2582,2481302,31,30,Swiggy Genie,"H.No. 576, Sampath Street, Bulandshahr 991637",13-07-2025
2873,Mumbai,Bandra,Kitchen Pizza Factory,"Ice Cream, Arabian, Bakery",355,4.5,10569,1676,594980,58,50,Swiggy One,"312, Dalal, Bijapur 800070",21-02-2026
2874,Mumbai,Powai,Express Italian Zone,"Italian, Bakery, Burgers",618,4.8,7985,2722,1682196,24,0,Swiggy Genie,"00, Dara Road, Sri Ganganagar-198163",09-01-2026
2875,Delhi,Saket,Cafe Healthy Food World,"South Indian, Mughlai, Fast Food",366,4,3245,96,35136,65,40,Regular Delivery,"92, Banik Ganj, Indore-516937",26-12-2025
2876,Bangalore,Whitefield,Street South Indian Corner,"Desserts, Bakery, North Indian",837,3.6,13046,2484,2079108,23,0,Swiggy Genie,"85, Dara Street, Hindupur 852583",03-06-2025
2877,Hyderabad,Madhapur,Biryani Pizza World,"Mughlai, Andhra, Desserts, Italian",121,3.7,2601,920,111320,48,50,Swiggy One,"49/57, Lall Zila, Sasaram-578551",17-08-2025
2878,Mumbai,Bandra,Street Burgers World,"North Indian, Fast Food, Andhra",442,4,10003,1805,797810,21,25,Regular Delivery,"746, Tara Chowk, Rajkot-044298",02-02-2026
2879,Delhi,Connaught Place,Urban Italian Hub,"Andhra, Desserts, Fast Food, Chinese",414,4.4,5161,3326,1376964,35,10,Regular Delivery,"94, Tara Street, Mathura-562897",07-07-2025
2880,Hyderabad,Hitech City,Express Arabian Treats,Seafood,678,4.7,2116,523,354594,41,40,Swiggy One,"560, Bumb Chowk, Bettiah 819116",10-06-2025
2881,Mumbai,Dadar,Tandoori Andhra Grill,"South Indian, Seafood",163,3.6,14927,2954,481502,26,30,Swiggy Genie,"663, Kadakia Road, Serampore 493860",12-10-2025
2882,Hyderabad,Banjara Hills,Street North Indian Grill,Desserts,1085,3.3,14224,534,579390,28,15,Regular Delivery,"631, Kota Ganj, Saharsa 474418",11-01-2026
2883,Mumbai,Dadar,House North Indian Factory,"Andhra, Fast Food, Burgers, Pizza",599,4.3,2978,1013,606787,37,15,Regular Delivery,"01, Sandhu Ganj, Bally 876101",28-11-2025
2884,Mumbai,Lower Parel,Cafe Burgers Zone,"Desserts, Burgers, Biryani",1009,4.7,7690,3075,3102675,55,0,Regular Delivery,"70/55, Tailor Nagar, Haldia-426943",10-04-2026
2885,Bangalore,Indiranagar,Kitchen Desserts Corner,Seafood,357,3.3,12760,4650,1660050,71,50,Regular Delivery,"H.No. 864, Shetty Ganj, Amroha 449852",25-09-2025
2886,Delhi,Dwarka,Biryani Pizza Treats,"Bakery, Burgers, Andhra",345,3.5,544,2929,1010505,48,0,Regular Delivery,"720, Konda Street, Kolkata-253157",21-09-2025
2887,Chennai,Adyar,Urban Bakery Hub,Bakery,936,3.9,14623,2449,2292264,71,25,Swiggy Genie,"25/57, Cherian Street, Aurangabad-060984",03-02-2026
2888,Hyderabad,Gachibowli,Biryani Mughlai Grill,"Andhra, Seafood, Chinese",428,4.6,4088,284,121552,40,40,Swiggy Genie,"01, Gole Marg, Gandhinagar-175851",23-12-2025
2889,Mumbai,Bandra,Royal Healthy Food Grill,"Bakery, South Indian, Burgers",1034,4.3,6001,3968,4102912,24,20,Regular Delivery,"401, Chaudhry Marg, Avadi-698850",21-11-2025
2890,Chennai,OMR,Urban Italian Junction,"Fast Food, South Indian, Andhra",667,4.4,4165,4421,2948807,71,30,Regular Delivery,"523, Apte Street, Hajipur-820315",26-03-2026
2891,Bangalore,BTM Layout,Tandoori Ice Cream Treats,"Andhra, Bakery, Chinese, South Indian",302,3.6,11244,2700,815400,44,10,Swiggy Genie,"143, Shere Street, Kadapa-791763",06-07-2025
2892,Mumbai,Powai,Urban Pizza Palace,"Pizza, Mughlai",1040,2.9,11133,99,102960,52,10,Swiggy Genie,"82/61, Maharaj Chowk, Ahmednagar-697345",23-02-2026
2893,Chennai,OMR,Delight Italian Point,Burgers,678,2.9,13813,2097,1421766,55,25,Swiggy One,"138, Kashyap Path, Suryapet-104802",26-12-2025
2894,Chennai,OMR,Food Biryani World,Pizza,631,2.8,282,2731,1723261,53,0,Regular Delivery,"H.No. 54, Gopal Path, Ramgarh 140591",11-05-2026
2895,Delhi,Rohini,House South Indian Zone,Seafood,367,3.4,3205,286,104962,33,25,Swiggy One,"H.No. 89, Ravel Ganj, Ballia-956323",16-08-2025
2896,Bangalore,Jayanagar,Biryani Mughlai Junction,South Indian,818,4.8,8540,4924,4027832,66,40,Regular Delivery,"H.No. 52, Mallick Marg, Tumkur-924589",30-06-2025
2897,Bangalore,Indiranagar,Royal Biryani Treats,Desserts,969,4,6898,695,673455,21,15,Swiggy Genie,"80/441, Sengupta Marg, New Delhi-408137",30-05-2025
2898,Chennai,Adyar,Express Biryani Corner,"Andhra, Mughlai, Pizza, Chinese",830,4,14204,1380,1145400,32,40,Swiggy Genie,"02/251, Vasa, Haridwar 817564",02-10-2025
2899,Mumbai,Powai,Urban Mughlai Hub,"Seafood, Arabian, South Indian",424,2.8,3721,3624,1536576,25,25,Swiggy One,"504, Yogi Circle, Berhampore-313496",20-04-2026
2900,Mumbai,Powai,Biryani Healthy Food Zone,"Biryani, Mughlai, Fast Food, Andhra",317,3.2,4726,549,174033,56,30,Swiggy One,"H.No. 47, Dass, Dehri-288074",17-11-2025
2901,Hyderabad,Hitech City,Street Bakery Hub,"Arabian, Seafood, South Indian, Fast Food",909,3.1,11913,1636,1487124,65,30,Swiggy Genie,"33/281, Sastry Road, Amroha 491536",17-11-2025
2902,Hyderabad,Gachibowli,Urban Ice Cream Zone,Healthy Food,1121,3.6,1590,888,995448,31,40,Swiggy Genie,"H.No. 718, Sami Chowk, Kadapa-268627",01-02-2026
2903,Delhi,Karol Bagh,Express Mughlai Point,"Healthy Food, Pizza, Burgers",1152,4.4,11319,4803,5533056,40,20,Swiggy Genie,"H.No. 13, Brahmbhatt Marg, Dhule-940335",11-06-2025
2904,Chennai,Anna Nagar,House Ice Cream Corner,"Bakery, Pizza",1090,3.9,5831,4909,5350810,56,10,Swiggy Genie,"836, Solanki Path, Sikar 847646",25-08-2025
2905,Bangalore,Whitefield,Urban Bakery Grill,"Bakery, Fast Food, Arabian, Biryani",969,4.5,7561,1217,1179273,47,15,Swiggy Genie,"48/264, Chahal Nagar, Bareilly 969474",31-07-2025
2906,Mumbai,Lower Parel,Urban Healthy Food Factory,"Chinese, Mughlai",592,4.7,2061,2901,1717392,54,20,Swiggy One,"67/56, Badami Zila, Panchkula 386172",16-07-2025
2907,Mumbai,Lower Parel,Urban North Indian Point,Burgers,1050,3.8,11157,1144,1201200,21,40,Regular Delivery,"36, Grover Path, Surat-074159",29-11-2025
2908,Chennai,T Nagar,Cafe Mughlai Grill,Pizza,706,3.4,3707,1829,1291274,69,30,Swiggy One,"H.No. 78, Butala Zila, Karimnagar 149523",31-08-2025
2909,Bangalore,Koramangala,Cafe Fast Food Corner,"Chinese, North Indian",608,4.3,2076,3577,2174816,72,40,Swiggy One,"16/486, Ganesan Circle, Ambarnath-985801",05-10-2025
2910,Delhi,Connaught Place,Street Healthy Food World,"Andhra, Seafood, Desserts, Bakery",398,4.4,11722,583,232034,26,10,Swiggy One,"H.No. 17, Rajan Ganj, Amroha 454295",10-11-2025
2911,Bangalore,Jayanagar,Cafe Italian Zone,"Ice Cream, Biryani",475,3.6,13031,3920,1862000,25,50,Regular Delivery,"44/655, Mani Ganj, Parbhani 205872",08-06-2025
2912,Mumbai,Lower Parel,Cafe Arabian Corner,"Desserts, Biryani, Andhra",392,3.5,9740,1177,461384,34,15,Swiggy One,"71/505, Cheema Street, Kalyan-Dombivli-747610",09-10-2025
2913,Hyderabad,Kukatpally,Kitchen Italian Palace,"Healthy Food, Desserts, Mughlai, Chinese",861,3.7,5605,953,820533,23,15,Regular Delivery,"40/74, Jhaveri Marg, Tenali-185795",07-09-2025
2914,Delhi,Rohini,Street Arabian Treats,"Burgers, South Indian, Italian",191,3.3,6250,4851,926541,32,20,Swiggy One,"47, Comar Path, Ulhasnagar 969692",22-11-2025
2915,Delhi,Dwarka,Spice Arabian World,"Burgers, Mughlai, Italian",798,4.7,10303,3098,2472204,64,20,Regular Delivery,"34/08, Kuruvilla Nagar, Imphal-245608",16-09-2025
2916,Delhi,Rohini,Spice Mughlai Grill,"Italian, Mughlai, Desserts",620,4.2,2960,2057,1275340,53,30,Swiggy Genie,"367, Gupta Path, Madhyamgram-558381",30-03-2026
2917,Bangalore,Indiranagar,Food Healthy Food Grill,"Arabian, Fast Food, South Indian",713,3.7,7342,4383,3125079,61,50,Regular Delivery,"H.No. 934, De Chowk, Salem-295563",10-03-2026
2918,Bangalore,Jayanagar,Royal Desserts Grill,"Fast Food, Bakery, Healthy Food, Italian",786,4.1,4810,4878,3834108,69,30,Swiggy Genie,"75, Thaman Zila, Meerut 838623",01-06-2025
2919,Bangalore,BTM Layout,House Seafood Hub,"Italian, Chinese, Biryani",298,4.1,7596,4072,1213456,33,50,Regular Delivery,"139, Wagle Chowk, Mahbubnagar-362394",17-11-2025
2920,Mumbai,Bandra,Food Bakery Palace,"Fast Food, Ice Cream, Mughlai, Arabian",1130,4.2,9392,4618,5218340,25,50,Regular Delivery,"H.No. 49, Barman Circle, Katihar-230408",15-01-2026
2921,Hyderabad,Gachibowli,Express Biryani Hub,South Indian,181,3,4236,3489,631509,31,40,Regular Delivery,"09/30, Ganesh Path, Anand-000452",03-10-2025
2922,Bangalore,Whitefield,Biryani Healthy Food Factory,"Seafood, South Indian",816,3,14255,4708,3841728,57,0,Regular Delivery,"09/58, Rout Path, Anantapuram-899926",20-11-2025
2923,Mumbai,Dadar,House North Indian Hub,North Indian,663,4.1,5834,1582,1048866,52,50,Swiggy One,"14/90, Biswas, Satna 726982",15-09-2025
2924,Hyderabad,Gachibowli,Delight Mughlai Treats,"Arabian, Italian, Bakery, Andhra",835,4.3,2155,4309,3598015,59,25,Swiggy Genie,"H.No. 58, Ravi Marg, Sonipat-773640",08-04-2026
2925,Bangalore,Koramangala,Royal Italian Corner,Italian,799,2.9,10741,1764,1409436,33,25,Swiggy Genie,"H.No. 069, Biswas Zila, Bhatpara-575903",25-11-2025
2926,Chennai,Velachery,House Healthy Food World,"Italian, Burgers, Seafood, Desserts",1029,3.2,14848,3258,3352482,66,15,Swiggy One,"756, Babu Path, Serampore-093769",15-02-2026
2927,Delhi,Dwarka,Royal North Indian Palace,"South Indian, Biryani, Seafood",1016,4.1,4256,3990,4053840,20,50,Swiggy Genie,"55/002, Barad, Jaunpur 326320",20-09-2025
2928,Hyderabad,Hitech City,Royal South Indian World,Andhra,661,4.9,6489,4155,2746455,65,40,Regular Delivery,"22, Mammen Road, Loni-605868",04-08-2025
2929,Chennai,Adyar,Royal Burgers Palace,"Chinese, Desserts",591,3.6,6983,493,291363,52,20,Swiggy Genie,"80/23, Lall Zila, Rajahmundry 418104",17-02-2026
2930,Hyderabad,Kukatpally,Delight Bakery Corner,"Mughlai, Italian",862,3.5,7348,4090,3525580,66,40,Swiggy Genie,"889, Kunda Circle, Guwahati-420753",17-11-2025
2931,Chennai,Anna Nagar,Kitchen Burgers Zone,"Chinese, Bakery, North Indian, Seafood",578,4.2,4924,3242,1873876,71,50,Swiggy One,"46/59, Desai Nagar, Sangli-Miraj & Kupwad 362526",27-10-2025
2932,Mumbai,Andheri,Street Fast Food Treats,"Mughlai, South Indian",604,3,9439,3695,2231780,45,15,Swiggy One,"14, Acharya Marg, Gandhidham-804441",28-01-2026
2933,Mumbai,Powai,Spice Seafood Point,"Desserts, Arabian, Andhra",809,3.6,6618,585,473265,33,0,Regular Delivery,"458, Issac Road, Silchar 588809",20-01-2026
2934,Mumbai,Bandra,Spice Bakery Point,"Pizza, Bakery, South Indian, Mughlai",916,3.3,7346,534,489144,52,50,Swiggy One,"77/055, Chawla Chowk, Buxar 253370",09-12-2025
2935,Delhi,Connaught Place,Cafe Bakery Junction,Fast Food,1095,4.4,11040,3484,3814980,60,20,Swiggy One,"70, Bahl Road, Avadi 547842",15-02-2026
2936,Hyderabad,Banjara Hills,Cafe Mughlai World,"Seafood, Arabian",1063,3.8,1052,2522,2680886,41,30,Regular Delivery,"H.No. 993, Aurora, Muzaffarpur 293221",02-04-2026
2937,Delhi,Rohini,Royal Burgers Grill,Healthy Food,906,4.1,9902,2475,2242350,26,30,Regular Delivery,"787, Maharaj, Giridih 605827",26-09-2025
2938,Delhi,Saket,Delight Desserts Junction,"North Indian, Healthy Food, Seafood, Chinese",334,3.2,2158,3938,1315292,45,20,Swiggy One,"H.No. 365, Tak Ganj, Guntakal-106302",09-08-2025
2939,Mumbai,Andheri,Food Arabian Point,"Chinese, Biryani",856,3.8,1419,632,540992,64,15,Regular Delivery,"10, Agate Circle, Danapur-050532",10-04-2026
2940,Chennai,Velachery,Biryani Andhra Point,"Chinese, Bakery, Arabian",1088,3.7,14913,4650,5059200,43,30,Regular Delivery,"44, Khanna Road, Phagwara 879383",03-03-2026
2941,Hyderabad,Gachibowli,Urban Seafood Zone,"Bakery, Burgers",1124,4.2,14297,127,142748,47,20,Regular Delivery,"H.No. 589, Kala Ganj, Jamalpur-986180",17-08-2025
2942,Hyderabad,Gachibowli,Tandoori Bakery Corner,"Desserts, Mughlai",1018,3.9,8206,1668,1698024,26,30,Swiggy One,"77/69, Bhat Chowk, Chennai 336959",30-12-2025
2943,Delhi,Dwarka,Express Arabian World,"Healthy Food, Chinese, Fast Food",664,3.7,11123,357,237048,43,30,Swiggy One,"41/709, Kanda Path, Gwalior 160336",14-04-2026
2944,Hyderabad,Hitech City,Spice Biryani Zone,"Biryani, Mughlai",843,4.3,857,4502,3795186,53,0,Swiggy One,"646, Bajaj Marg, Gorakhpur-040082",10-12-2025
2945,Chennai,Adyar,Cafe Seafood Zone,"Bakery, Mughlai, North Indian",347,4.2,5293,971,336937,53,0,Swiggy Genie,"H.No. 212, Kaur Circle, Amravati 928353",14-07-2025
2946,Delhi,Rohini,Street Ice Cream World,"Healthy Food, Arabian, Desserts, Mughlai",1011,3,3525,3167,3201837,48,40,Swiggy Genie,"607, Khurana Nagar, Indore 992634",05-02-2026
2947,Mumbai,Powai,Street Italian World,"Seafood, Biryani, Italian, Andhra",686,4.4,6741,4008,2749488,34,20,Regular Delivery,"H.No. 266, Basu Ganj, Satna-543930",17-04-2026
2948,Hyderabad,Gachibowli,Royal Bakery Hub,"Burgers, Ice Cream, South Indian, Arabian",491,3.3,4804,2086,1024226,33,50,Swiggy One,"95, Koshy Path, Ghaziabad 183767",01-12-2025
2949,Chennai,Anna Nagar,Street North Indian Factory,"Burgers, South Indian, Arabian",127,3.3,2189,296,37592,68,40,Regular Delivery,"18/566, Sankaran Street, Belgaum 080884",01-09-2025
2950,Mumbai,Lower Parel,Biryani Healthy Food World,"Burgers, Arabian, South Indian, Pizza",603,4.9,6762,4766,2873898,44,0,Regular Delivery,"H.No. 881, Bhandari Ganj, Medininagar-590237",13-02-2026
2951,Chennai,OMR,Kitchen Arabian World,Chinese,594,3.6,6027,4411,2620134,33,50,Regular Delivery,"598, Ramesh Road, Satna-940769",25-08-2025
2952,Chennai,OMR,House Bakery Factory,"Arabian, Ice Cream, Bakery, Healthy Food",1047,3,1905,2229,2333763,71,25,Swiggy One,"721, Warrior Path, Yamunanagar-816867",15-02-2026
2953,Delhi,Dwarka,Tandoori Seafood Corner,Andhra,814,3.8,7872,2354,1916156,50,50,Swiggy Genie,"72/60, Chad Path, Kavali-653164",26-02-2026
2954,Mumbai,Bandra,Tandoori Ice Cream Zone,Pizza,1052,3.7,6333,746,784792,72,10,Regular Delivery,"72/42, Lal Road, Pimpri-Chinchwad-012563",17-05-2026
2955,Delhi,Rohini,House Desserts Corner,"Seafood, Burgers, Desserts, Arabian",503,4.5,713,569,286207,60,0,Swiggy One,"09/099, Batra Circle, Raurkela Industrial Township 675774",10-02-2026
2956,Delhi,Connaught Place,Royal Italian Junction,"Arabian, Burgers, Bakery",897,3.5,6019,2722,2441634,38,0,Regular Delivery,"H.No. 635, Kari Road, Davanagere 720865",27-07-2025
2957,Delhi,Connaught Place,Urban Arabian Treats,"Ice Cream, Pizza",377,4.6,12164,924,348348,75,50,Swiggy Genie,"83/98, Iyer Street, Motihari 437467",14-07-2025
2958,Hyderabad,Hitech City,Spice Andhra Factory,"Desserts, Italian",604,3.2,14423,3098,1871192,70,20,Regular Delivery,"48, Balan Path, Jamalpur-446532",11-06-2025
2959,Mumbai,Powai,Urban Burgers Point,Mughlai,946,4.7,8657,2744,2595824,51,50,Regular Delivery,"H.No. 576, Rajagopalan Zila, Ajmer-068209",02-10-2025
2960,Mumbai,Lower Parel,Kitchen Andhra Junction,"Healthy Food, Biryani",217,4,7731,4839,1050063,49,20,Regular Delivery,"18/378, Reddy Zila, Nagaon 669883",19-10-2025
2961,Delhi,Saket,Kitchen Healthy Food Zone,"Mughlai, Fast Food, North Indian, Arabian",787,4.8,232,2474,1947038,70,0,Swiggy One,"378, Sankaran Circle, Tezpur 446821",10-01-2026
2962,Chennai,Anna Nagar,Delight North Indian Point,"Pizza, Arabian, Fast Food, Chinese",155,4.8,10079,1288,199640,34,15,Swiggy One,"07/71, Savant Chowk, Firozabad 393387",03-08-2025
2963,Chennai,Velachery,Tandoori North Indian Factory,"Burgers, Healthy Food, Pizza, Fast Food",743,4.2,12138,4174,3101282,42,40,Swiggy Genie,"38, Shankar Road, Bhilwara-173453",03-01-2026
2964,Bangalore,Whitefield,Cafe Italian Corner,"Seafood, Biryani, Arabian, Ice Cream",689,4.5,5222,4915,3386435,55,10,Regular Delivery,"89/02, Venkataraman Marg, Bikaner-256111",18-07-2025
2965,Mumbai,Andheri,Cafe Seafood Junction,"North Indian, Desserts, Burgers",124,3.6,12201,3989,494636,45,30,Swiggy Genie,"729, Kar Path, Ulhasnagar 631383",25-09-2025
2966,Mumbai,Lower Parel,Kitchen North Indian Factory,"Bakery, North Indian",288,4.5,14010,3483,1003104,22,40,Swiggy One,"984, Chanda Circle, Kharagpur 221397",02-01-2026
2967,Hyderabad,Madhapur,Food Desserts Zone,"Biryani, Burgers",1041,4.4,13615,4345,4523145,31,50,Swiggy One,"44/475, Ramachandran Circle, Baranagar 300565",02-05-2026
2968,Hyderabad,Banjara Hills,Cafe Burgers Palace,"Biryani, Pizza",292,3.3,1744,100,29200,50,20,Swiggy One,"48/40, Kala Marg, Dindigul 575881",12-04-2026
2969,Hyderabad,Hitech City,Express Fast Food Hub,Bakery,955,4,11247,3562,3401710,52,20,Regular Delivery,"H.No. 895, Chand Ganj, Indore 353033",12-04-2026
2970,Bangalore,Whitefield,Food Seafood Treats,"Burgers, Biryani, Ice Cream, Fast Food",214,4.8,7829,2946,630444,50,30,Regular Delivery,"H.No. 824, Rajagopalan Zila, Kavali 406254",13-04-2026
2971,Chennai,Adyar,Royal North Indian Factory,"Seafood, Pizza",1025,3.8,10846,177,181425,28,30,Swiggy One,"96, Rau Nagar, Panvel-624992",05-12-2025
2972,Bangalore,Indiranagar,Express Seafood Factory,"Chinese, North Indian, Seafood",1036,3.1,5663,3027,3135972,51,25,Swiggy One,"34/48, Bahri Ganj, Coimbatore 552188",11-06-2025
2973,Hyderabad,Madhapur,Street Biryani Hub,Pizza,706,3,1021,2561,1808066,70,50,Regular Delivery,"02, Mallick Ganj, Ambattur 312690",15-05-2026
2974,Hyderabad,Madhapur,Royal Andhra Point,"Mughlai, North Indian, Ice Cream, Seafood",296,3.5,6058,3657,1082472,60,40,Swiggy Genie,"50, Sibal Path, Kamarhati-160244",01-06-2025
2975,Hyderabad,Kukatpally,Kitchen Bakery Hub,Ice Cream,206,2.9,13636,4601,947806,39,30,Swiggy One,"H.No. 10, Dutta Circle, Mathura-855681",14-07-2025
2976,Bangalore,Jayanagar,Kitchen North Indian Treats,"Pizza, Seafood",196,4.7,6348,2062,404152,39,25,Swiggy One,"72/726, Deep Nagar, Bikaner-843852",14-08-2025
2977,Mumbai,Powai,House Mughlai Junction,Desserts,565,3.6,8032,2573,1453745,28,15,Swiggy One,"93/482, Varma Chowk, Bettiah-495719",03-09-2025
2978,Chennai,OMR,Spice Desserts Junction,Healthy Food,835,2.9,12553,1587,1325145,69,25,Swiggy One,"69, Mandal Path, Pudukkottai-602829",28-11-2025
2979,Chennai,OMR,Delight South Indian Hub,"Mughlai, Bakery, Biryani, Seafood",191,3.3,3518,2318,442738,57,0,Regular Delivery,"H.No. 581, Lal Street, Rajkot-781694",04-07-2025
2980,Delhi,Rohini,Royal Arabian Hub,"Healthy Food, Seafood, Chinese, Burgers",891,3,7218,1806,1609146,23,50,Swiggy Genie,"548, Ben Street, Ajmer 437862",20-08-2025
2981,Mumbai,Andheri,Food Biryani Junction,Mughlai,156,3.3,10317,3190,497640,54,25,Regular Delivery,"H.No. 41, Gupta Road, Hapur 458250",04-06-2025
2982,Bangalore,Indiranagar,Spice Biryani Treats,Bakery,636,3.5,6748,3108,1976688,44,15,Swiggy One,"79, Kapur Chowk, Bangalore 676115",02-07-2025
2983,Hyderabad,Madhapur,Food Biryani Corner,"Bakery, Biryani",1023,3.6,8251,1490,1524270,48,40,Swiggy Genie,"67/73, Mammen Zila, Singrauli 750767",06-06-2025
2984,Delhi,Karol Bagh,Spice South Indian Grill,"Arabian, Desserts, Pizza, Burgers",1155,4.1,7444,1976,2282280,27,50,Regular Delivery,"H.No. 68, Zacharia, Ambattur 992761",07-06-2025
2985,Hyderabad,Madhapur,Spice Ice Cream Corner,"Healthy Food, South Indian, Fast Food",903,4.8,13599,2148,1939644,25,25,Swiggy One,"H.No. 65, Guha Street, Pudukkottai-155917",21-12-2025
2986,Bangalore,Whitefield,Street Biryani Factory,"South Indian, Andhra, Pizza",499,3.7,4701,4991,2490509,42,15,Swiggy One,"H.No. 92, Ganguly Chowk, Rourkela-234672",18-08-2025
2987,Delhi,Karol Bagh,House Biryani Junction,"Ice Cream, South Indian, Seafood",1068,4,4216,3590,3834120,58,50,Swiggy Genie,"390, Dhar Zila, Kishanganj 827231",07-11-2025
2988,Bangalore,Jayanagar,Tandoori Mughlai Factory,"Fast Food, Desserts",457,3.5,2894,3495,1597215,72,50,Swiggy Genie,"81, Chad Nagar, Jammu-964280",28-06-2025
2989,Mumbai,Powai,Food Ice Cream Palace,Arabian,126,4.5,7182,1639,206514,64,10,Swiggy One,"954, Tandon Chowk, Solapur 076144",02-02-2026
2990,Hyderabad,Kukatpally,Biryani Mughlai Point,"Seafood, Burgers",524,3.1,7099,803,420772,66,15,Swiggy Genie,"22/05, Bhatt Zila, Suryapet-712701",22-04-2026
2991,Delhi,Karol Bagh,Biryani Chinese Hub,Bakery,840,3.4,2221,1238,1039920,75,30,Swiggy One,"H.No. 49, Mallick Ganj, Nagpur 592105",07-02-2026
2992,Chennai,Anna Nagar,Express South Indian Zone,"Mughlai, Italian, Ice Cream",680,4.2,8661,3673,2497640,31,0,Swiggy Genie,"637, Amble Street, Bhilwara 080086",31-12-2025
2993,Mumbai,Andheri,Tandoori Arabian Hub,"Mughlai, Biryani",497,4.2,3521,2113,1050161,51,10,Swiggy Genie,"662, D’Alia Circle, Belgaum-677088",26-05-2025
2994,Mumbai,Dadar,Tandoori Pizza Treats,"Italian, Biryani",376,3.7,11862,2467,927592,47,50,Swiggy One,"61/44, Sama Chowk, Shimla 353944",25-12-2025
2995,Delhi,Karol Bagh,Food Italian World,Arabian,722,4,2524,2279,1645438,56,25,Regular Delivery,"62, Kala Nagar, Dhule 603357",26-06-2025
2996,Delhi,Saket,Food Healthy Food Factory,Fast Food,1133,3.1,14243,3429,3885057,73,40,Regular Delivery,"H.No. 766, Chadha, Secunderabad 622991",03-08-2025
2997,Chennai,OMR,Tandoori Mughlai Treats,Seafood,1019,4.2,3478,340,346460,68,15,Swiggy Genie,"H.No. 727, Lala Nagar, Panvel-906111",14-12-2025
2998,Bangalore,Whitefield,Royal Healthy Food World,Fast Food,150,3.5,5004,4623,693450,22,20,Regular Delivery,"77/97, Sidhu Circle, Amritsar 632962",23-09-2025
2999,Delhi,Saket,House Seafood Point,"Fast Food, South Indian",1168,2.8,6571,4508,5265344,45,25,Swiggy Genie,"80/518, Kaul Road, Aurangabad 179429",12-10-2025
3000,Hyderabad,Gachibowli,Delight Desserts Zone,"Pizza, Ice Cream, North Indian, South Indian",868,4.8,1229,2341,2031988,27,30,Regular Delivery,"05/38, Konda Circle, Machilipatnam 507487",14-10-2025
3001,Hyderabad,Hitech City,Street Chinese Factory,"Biryani, Burgers, Desserts, Healthy Food",292,2.8,6236,180,52560,69,40,Regular Delivery,"H.No. 194, Deep Circle, Shimla 897606",04-11-2025
3002,Mumbai,Bandra,Spice Arabian Treats,"Mughlai, Burgers",197,4.8,6773,1255,247235,61,15,Swiggy One,"99/59, Bose Marg, Bikaner-342496",03-01-2026
3003,Mumbai,Lower Parel,Biryani Biryani Zone,"Pizza, Italian",419,4.6,14693,2084,873196,47,10,Swiggy One,"H.No. 688, Kant Street, Bidhannagar-416469",14-11-2025
3004,Bangalore,Whitefield,Express Arabian Hub,"Chinese, North Indian",278,3.5,7915,224,62272,74,50,Swiggy One,"21, Desai Circle, Patna-671981",26-05-2025
3005,Hyderabad,Hitech City,Delight Healthy Food Factory,South Indian,496,4.6,6974,3507,1739472,53,40,Swiggy One,"H.No. 49, Shroff Path, Suryapet 684561",30-03-2026
3006,Bangalore,Jayanagar,Royal Mughlai Zone,"Andhra, Ice Cream",455,3,737,3938,1791790,48,20,Swiggy Genie,"501, Mander Nagar, Patiala 439050",27-04-2026
3007,Bangalore,Jayanagar,Tandoori North Indian Junction,"Chinese, Italian, Pizza, Mughlai",140,4.1,2590,2875,402500,21,0,Regular Delivery,"439, Setty Ganj, Mango-788303",17-02-2026
3008,Mumbai,Bandra,Urban Arabian World,"South Indian, Desserts, North Indian, Seafood",704,3.9,5397,4367,3074368,61,50,Regular Delivery,"702, Arora Path, Bhilai 387303",11-07-2025
3009,Delhi,Rohini,Urban Italian Junction,"Chinese, Biryani",360,4.7,2902,1496,538560,29,20,Swiggy Genie,"13/019, Ramachandran Street, Orai 115034",27-12-2025
3010,Delhi,Dwarka,Spice Biryani Palace,"Seafood, Pizza",629,4,13906,3093,1945497,38,50,Swiggy One,"29/583, Rajan Path, Satna 769447",19-10-2025
3011,Hyderabad,Madhapur,Kitchen South Indian Hub,"Arabian, Burgers, Healthy Food, Pizza",1093,4.5,13667,2288,2500784,73,15,Swiggy One,"H.No. 17, Sheth Marg, Rourkela 614886",06-01-2026
3012,Hyderabad,Banjara Hills,Biryani Bakery Hub,"Desserts, Healthy Food, Andhra, Burgers",693,4.5,5558,4500,3118500,54,20,Swiggy One,"H.No. 47, Dhawan Chowk, Bidhannagar 202173",08-10-2025
3013,Chennai,Anna Nagar,Cafe Italian Hub,Healthy Food,231,4.3,1943,858,198198,48,15,Regular Delivery,"703, Kar Marg, Yamunanagar 013055",04-02-2026
3014,Bangalore,Indiranagar,Tandoori Desserts Point,"North Indian, Pizza, Biryani",887,4.2,9563,230,204010,46,25,Swiggy Genie,"76/635, Krishna Street, Tiruchirappalli 445917",28-09-2025
3015,Bangalore,BTM Layout,Delight Fast Food Junction,"Mughlai, North Indian, South Indian",789,3.2,13963,1506,1188234,47,15,Swiggy One,"H.No. 264, Bobal Circle, Nizamabad-466205",20-09-2025
3016,Bangalore,Jayanagar,Cafe Ice Cream Corner,"Chinese, Fast Food",911,3.6,3764,3185,2901535,34,10,Swiggy Genie,"H.No. 55, Rao Zila, Nanded 581806",04-03-2026
3017,Chennai,Anna Nagar,Spice Chinese World,"Fast Food, South Indian",295,4.3,2033,2672,788240,58,25,Swiggy One,"H.No. 12, Chanda Ganj, Pali 907941",27-12-2025
3018,Chennai,Anna Nagar,House Bakery Hub,"Biryani, Arabian, Seafood",270,4.1,11678,2805,757350,20,0,Swiggy One,"77/66, Ranganathan Zila, Kolhapur-541983",13-09-2025
3019,Mumbai,Bandra,Tandoori Bakery Grill,"Burgers, Mughlai, Fast Food",875,3,13153,3041,2660875,47,20,Swiggy Genie,"776, Varty Street, Raipur-839396",06-10-2025
3020,Chennai,Anna Nagar,Cafe Burgers Zone,"North Indian, Chinese",890,3.8,1652,3473,3090970,23,40,Swiggy One,"53/628, Jhaveri, Karnal 474498",30-03-2026
3021,Mumbai,Andheri,Urban Fast Food Factory,"Arabian, Healthy Food",1032,3.7,4761,4831,4985592,25,25,Swiggy Genie,"H.No. 786, Sani Zila, Jammu 584163",05-02-2026
3022,Chennai,Adyar,Biryani Fast Food Corner,Healthy Food,383,4.3,14201,2929,1121807,63,50,Swiggy Genie,"H.No. 661, Master Marg, Bhatpara-088359",09-06-2025
3023,Mumbai,Andheri,Delight Biryani Treats,"Italian, Healthy Food, Ice Cream",630,3,1784,846,532980,40,10,Swiggy Genie,"H.No. 221, Sama Ganj, Asansol 818499",07-01-2026
3024,Chennai,Velachery,Cafe Arabian Factory,"Biryani, Chinese, Pizza",745,4.8,7252,1750,1303750,33,10,Swiggy One,"01, Dugar Zila, Raiganj-940086",07-10-2025
3025,Bangalore,Whitefield,House Andhra Treats,"Chinese, Arabian, North Indian",777,3.5,5251,4526,3516702,61,0,Swiggy One,"H.No. 223, Agrawal Ganj, Muzaffarnagar 691195",30-12-2025
3026,Mumbai,Andheri,Royal Chinese World,"Ice Cream, North Indian",945,4.7,1513,3249,3070305,49,0,Swiggy Genie,"84/17, Chaudhry Chowk, Tirupati 687158",03-11-2025
3027,Hyderabad,Madhapur,House Pizza World,Biryani,556,3.9,14092,3807,2116692,25,10,Swiggy Genie,"874, Sekhon Zila, Machilipatnam-707232",18-07-2025
3028,Bangalore,Indiranagar,Biryani Andhra Palace,"Healthy Food, Arabian, Fast Food",145,2.9,9384,2461,356845,24,30,Swiggy Genie,"39/504, Bhatti Ganj, Bettiah-614797",03-05-2026
3029,Mumbai,Andheri,Royal Andhra Palace,"Pizza, Andhra, Healthy Food, South Indian",541,3.4,11330,651,352191,31,25,Swiggy Genie,"00, Kapadia Street, Vijayawada 102417",05-01-2026
3030,Chennai,Adyar,Food Pizza Palace,"Arabian, Seafood, Fast Food",418,3.1,13861,2487,1039566,23,40,Swiggy Genie,"501, Dyal Street, Ozhukarai-798335",21-06-2025
3031,Bangalore,BTM Layout,Express Bakery Point,"Ice Cream, Fast Food, North Indian, Biryani",812,4.1,3950,3282,2664984,37,40,Swiggy One,"33, Jayaraman Road, Kottayam 675935",06-09-2025
3032,Hyderabad,Madhapur,Tandoori Desserts Point,"Arabian, Fast Food, Pizza, Burgers",1007,4.4,4479,158,159106,57,30,Swiggy One,"284, Andra Street, Mau 070278",24-05-2025
3033,Bangalore,Koramangala,Tandoori Healthy Food Point,"Biryani, South Indian, Bakery",578,4.1,4811,2063,1192414,61,40,Regular Delivery,"347, Mani Street, Aurangabad-863021",20-09-2025
3034,Bangalore,BTM Layout,Food Seafood World,"South Indian, Seafood, Desserts, Ice Cream",889,2.9,9182,192,170688,71,20,Swiggy One,"72/55, Vasa Path, Erode-965305",05-12-2025
3035,Bangalore,Koramangala,Kitchen Desserts Junction,"Arabian, Desserts, Pizza",667,4.3,6130,2116,1411372,61,50,Swiggy One,"64, Yadav Circle, Bhilwara 149770",15-12-2025
3036,Delhi,Dwarka,House Andhra Zone,Biryani,857,3.1,5994,706,605042,73,20,Regular Delivery,"H.No. 11, Vohra Road, Orai 070780",06-01-2026
3037,Mumbai,Powai,Spice Fast Food World,Ice Cream,157,3,12299,3339,524223,27,30,Regular Delivery,"69, Venkataraman Circle, Berhampore 727248",19-05-2026
3038,Delhi,Dwarka,Biryani Burgers Grill,"North Indian, Bakery, Arabian",163,3.5,12958,346,56398,62,30,Regular Delivery,"H.No. 02, Brahmbhatt Ganj, Udupi 699366",24-09-2025
3039,Chennai,Adyar,Street Italian Corner,"Chinese, Ice Cream",919,3.6,863,1488,1367472,45,20,Swiggy One,"638, Sekhon Marg, Jabalpur-640028",20-11-2025
3040,Bangalore,Whitefield,Delight Bakery Palace,Chinese,192,4.5,11863,1534,294528,66,40,Regular Delivery,"73, Bhatia Road, Dindigul 345675",22-09-2025
3041,Mumbai,Lower Parel,Food Fast Food Point,South Indian,371,3.1,10990,3851,1428721,72,10,Regular Delivery,"82/41, Kalita Chowk, Jaipur 258358",31-08-2025
3042,Chennai,OMR,Urban Fast Food Junction,"Pizza, Mughlai",286,3.2,6442,1202,343772,51,50,Swiggy One,"420, Arora Zila, Mau-746616",26-04-2026
3043,Bangalore,Indiranagar,Urban Italian Point,"Andhra, South Indian, Fast Food",654,3,4625,4149,2713446,70,15,Regular Delivery,"05/155, Tata Nagar, Gwalior-556180",18-03-2026
3044,Mumbai,Bandra,House Healthy Food Junction,"Fast Food, Burgers",1123,4.6,2997,2615,2936645,70,10,Regular Delivery,"H.No. 705, Manne Ganj, Navi Mumbai 467189",08-03-2026
3045,Hyderabad,Madhapur,Delight Desserts World,"Burgers, North Indian, Desserts",654,3,10691,616,402864,52,50,Regular Delivery,"41/97, Wali Circle, Hindupur-203669",06-01-2026
3046,Delhi,Karol Bagh,House Seafood Grill,"Seafood, North Indian",398,4.2,13925,1933,769334,70,30,Regular Delivery,"H.No. 73, Ganesan Ganj, Thane-774234",14-02-2026
3047,Bangalore,Jayanagar,Cafe Healthy Food World,"Bakery, Healthy Food, Andhra",578,3.6,11050,4082,2359396,70,15,Swiggy Genie,"733, Aggarwal Ganj, Nanded-376697",08-07-2025
3048,Mumbai,Lower Parel,Express Biryani Treats,"Italian, Chinese, Biryani",266,3.1,2484,2706,719796,25,20,Swiggy Genie,"05/34, Setty Path, Adoni 637853",19-06-2025
3049,Bangalore,BTM Layout,Royal North Indian World,"Fast Food, North Indian",792,3.2,12582,1539,1218888,63,0,Swiggy One,"H.No. 621, Seshadri Marg, Ajmer-414511",20-06-2025
3050,Mumbai,Lower Parel,Royal Burgers Junction,"Arabian, Bakery, Italian",405,4.5,2116,1473,596565,31,20,Swiggy Genie,"41/756, Khalsa, Siwan-949563",27-01-2026
3051,Delhi,Dwarka,Cafe Healthy Food Hub,"Seafood, Italian",743,3.2,13664,2116,1572188,73,10,Swiggy One,"31, Chaudhry Street, Bhind 870140",12-08-2025
3052,Bangalore,Jayanagar,Kitchen Burgers Point,"Italian, Ice Cream, Biryani",581,4.8,1878,1231,715211,47,15,Swiggy One,"97, Yogi Chowk, Warangal-799474",22-10-2025
3053,Bangalore,Jayanagar,Kitchen Chinese Factory,Fast Food,338,4.1,1270,2291,774358,48,25,Regular Delivery,"H.No. 55, Randhawa Nagar, Pondicherry-316724",06-01-2026
3054,Delhi,Rohini,Kitchen Ice Cream World,"North Indian, Biryani",593,3.9,1618,3728,2210704,34,20,Swiggy Genie,"48/95, Divan Nagar, Dehri-575188",24-06-2025
3055,Chennai,OMR,Biryani Seafood Palace,"Mughlai, Chinese, Pizza",183,3.7,8049,2708,495564,20,0,Swiggy Genie,"235, Batta Street, Karaikudi 244513",11-01-2026
3056,Chennai,T Nagar,Street Biryani Point,"Fast Food, Italian",1166,2.9,9149,4705,5486030,71,15,Regular Delivery,"H.No. 988, Sabharwal Street, Maheshtala-411028",15-06-2025
3057,Hyderabad,Hitech City,Cafe Ice Cream World,"South Indian, Mughlai, Chinese",1105,4,9115,2870,3171350,68,15,Regular Delivery,"52/35, Comar Road, Ulhasnagar-972320",10-01-2026
3058,Mumbai,Powai,Biryani Andhra Palace,"Italian, South Indian",325,3.5,13973,1852,601900,71,20,Regular Delivery,"65/45, Bahl Circle, South Dumdum-010375",03-01-2026
3059,Bangalore,Whitefield,Food Andhra World,Mughlai,244,4.2,10904,1826,445544,64,40,Swiggy Genie,"762, Sampath Ganj, Davanagere 522745",14-01-2026
3060,Bangalore,BTM Layout,Cafe Chinese Point,Andhra,800,3.5,3658,4094,3275200,21,20,Swiggy Genie,"H.No. 161, Dugar Nagar, Raurkela Industrial Township 532758",20-12-2025
3061,Bangalore,Indiranagar,Kitchen Chinese World,"South Indian, Biryani, Desserts",137,4.4,3571,305,41785,51,20,Swiggy One,"H.No. 53, Kibe Circle, Sri Ganganagar 065785",31-08-2025
3062,Bangalore,Jayanagar,Spice Arabian Factory,"South Indian, Italian",1179,3.1,7862,3284,3871836,29,10,Swiggy Genie,"80, Kakar, Ahmednagar-840780",08-12-2025
3063,Chennai,Adyar,Express Ice Cream World,"Pizza, Healthy Food, Fast Food",619,3.1,14452,576,356544,70,30,Swiggy One,"73/40, Zachariah Circle, Jammu-142044",05-05-2026
3064,Chennai,Velachery,Cafe Desserts Treats,Seafood,1023,4.1,2010,3768,3854664,28,0,Swiggy Genie,"67, Dave Nagar, Ahmednagar 745881",28-12-2025
3065,Bangalore,Jayanagar,House North Indian Junction,"Healthy Food, Ice Cream, Andhra",762,4.3,11546,4480,3413760,40,0,Swiggy Genie,"37/47, Goyal Marg, Aurangabad 674156",21-11-2025
3066,Delhi,Rohini,Biryani Italian Zone,"Ice Cream, Pizza, Burgers, Fast Food",282,4.5,7377,1599,450918,36,25,Swiggy Genie,"20, Tak Road, Deoghar 566864",22-03-2026
3067,Chennai,T Nagar,Royal Bakery Factory,Bakery,979,3.8,4647,477,466983,20,15,Swiggy Genie,"59/401, Luthra Ganj, Hazaribagh-811801",10-11-2025
3068,Mumbai,Dadar,Royal Desserts Palace,"Desserts, North Indian, Italian",280,3.4,595,3255,911400,42,0,Regular Delivery,"H.No. 711, Goel Path, Barasat 270850",01-04-2026
3069,Mumbai,Andheri,Street Andhra Factory,Ice Cream,753,3.9,141,409,307977,23,0,Swiggy One,"146, Bhatt, Amroha 641611",10-10-2025
3070,Bangalore,BTM Layout,Biryani Ice Cream Grill,"Andhra, Pizza, Healthy Food",1066,3.6,13025,4466,4760756,33,25,Swiggy One,"98/799, Khatri Zila, Bhilwara-865778",18-09-2025
3071,Chennai,Velachery,Express Pizza Palace,"Andhra, North Indian, Pizza",931,3.7,5231,575,535325,48,40,Swiggy Genie,"73/37, Sengupta Street, Rourkela 478938",06-04-2026
3072,Hyderabad,Hitech City,Delight Seafood Point,Healthy Food,302,4.9,1886,3226,974252,30,10,Swiggy One,"59, Chatterjee Path, Srinagar 694308",24-06-2025
3073,Hyderabad,Kukatpally,Biryani Seafood Grill,Biryani,166,3.4,1833,3677,610382,41,0,Swiggy Genie,"H.No. 61, Gopal, Kochi-043406",16-06-2025
3074,Mumbai,Powai,House Ice Cream World,Andhra,1111,4.6,11874,1625,1805375,62,40,Swiggy Genie,"627, Dhaliwal Nagar, Bhubaneswar-848936",16-10-2025
3075,Bangalore,Indiranagar,Delight Italian Treats,"Desserts, South Indian",1086,2.9,5984,896,973056,39,40,Swiggy One,"58, Dara Street, Katihar 050750",28-08-2025
3076,Delhi,Karol Bagh,Food Arabian Factory,"Ice Cream, Fast Food, Arabian",1154,4.1,12487,2605,3006170,31,25,Swiggy Genie,"H.No. 214, Bhatia Street, Amaravati-103230",18-09-2025
3077,Delhi,Saket,Royal Desserts World,"Chinese, Andhra",380,3.4,12270,4119,1565220,63,25,Regular Delivery,"H.No. 474, Khurana Nagar, Surendranagar Dudhrej 677098",21-07-2025
3078,Delhi,Saket,Street Arabian Zone,"Seafood, Arabian, South Indian, Bakery",746,2.8,131,3229,2408834,56,25,Swiggy One,"066, Barad Path, Ambattur 462211",24-12-2025
3079,Delhi,Karol Bagh,Urban Arabian Zone,"Desserts, Italian, Mughlai, Arabian",1150,3.8,349,2078,2389700,61,50,Swiggy One,"H.No. 018, Jha Marg, Amaravati-144993",23-02-2026
3080,Mumbai,Dadar,Tandoori Italian Zone,"Ice Cream, Andhra, Arabian, Desserts",212,3.5,4542,2952,625824,74,15,Swiggy Genie,"H.No. 640, Varma Ganj, Bihar Sharif 296074",07-06-2025
3081,Delhi,Connaught Place,Delight Italian Palace,"Biryani, Fast Food, Chinese, Ice Cream",1024,3.7,7549,3359,3439616,47,40,Swiggy Genie,"57/340, Choudhry Path, Aurangabad 788620",16-10-2025
3082,Delhi,Connaught Place,Biryani Burgers Treats,Fast Food,638,3.1,9501,1007,642466,62,20,Swiggy One,"H.No. 20, Bali Marg, Bharatpur-896695",29-07-2025
3083,Mumbai,Lower Parel,Food Italian Factory,"North Indian, Ice Cream, Mughlai, Burgers",359,2.9,6190,1821,653739,74,40,Regular Delivery,"21/115, Chaudhry Chowk, Karaikudi 669950",13-02-2026
3084,Delhi,Dwarka,Kitchen Healthy Food World,"South Indian, Seafood, Pizza, Andhra",347,3.4,5873,3914,1358158,71,50,Swiggy Genie,"39/278, Kara Nagar, Unnao 201488",23-06-2025
3085,Hyderabad,Kukatpally,Biryani Bakery Palace,Chinese,644,4.1,636,3834,2469096,60,30,Swiggy One,"33/796, Shukla Path, Suryapet-105272",08-03-2026
3086,Hyderabad,Kukatpally,Cafe Ice Cream Factory,"Fast Food, Desserts, Pizza, Andhra",809,4.3,11674,3277,2651093,62,50,Regular Delivery,"H.No. 78, Raja Marg, Chandrapur-519806",28-11-2025
3087,Mumbai,Bandra,Street Burgers Hub,"Seafood, Bakery",803,2.9,9311,160,128480,41,20,Regular Delivery,"92/35, Rout Marg, Bhavnagar 626431",21-12-2025
3088,Mumbai,Bandra,Cafe Pizza World,"Healthy Food, Chinese, Ice Cream, Seafood",916,4,11064,573,524868,52,50,Regular Delivery,"92, Lall Nagar, Morena-609733",21-01-2026
3089,Delhi,Rohini,Food Mughlai Hub,"Burgers, Bakery, Seafood",600,3.7,6991,1615,969000,71,0,Swiggy One,"H.No. 59, Tank Path, Erode-114032",02-01-2026
3090,Mumbai,Powai,Delight Arabian Junction,"Burgers, Seafood, Mughlai",858,2.9,7946,920,789360,58,40,Swiggy One,"H.No. 21, Chacko Street, Bharatpur 235153",17-04-2026
3091,Chennai,Velachery,House Ice Cream Corner,"Healthy Food, Andhra, Mughlai, Desserts",689,3.8,6932,4883,3364387,38,10,Swiggy Genie,"H.No. 997, Din Nagar, Kamarhati-979826",28-04-2026
3092,Mumbai,Bandra,Kitchen Burgers Factory,"Seafood, North Indian, Andhra, Healthy Food",480,3.5,1673,2936,1409280,44,10,Swiggy One,"25, Cherian Road, Malda 249241",04-07-2025
3093,Delhi,Dwarka,Delight Pizza Junction,Healthy Food,229,3.8,804,1691,387239,21,10,Swiggy Genie,"626, Devan Path, Vellore 403411",23-01-2026
3094,Chennai,OMR,Tandoori Healthy Food Palace,Pizza,594,3.2,7131,2363,1403622,56,15,Regular Delivery,"H.No. 556, Desai Ganj, Anantapuram-413352",23-04-2026
3095,Chennai,Anna Nagar,Cafe Mughlai Grill,Chinese,841,4.7,10096,1509,1269069,27,10,Regular Delivery,"95/26, Contractor Marg, Satara 462031",29-09-2025
3096,Chennai,Adyar,Royal Pizza Zone,"South Indian, Biryani, Healthy Food",1066,4.9,14888,3640,3880240,26,25,Swiggy One,"15/034, Guha Chowk, Jammu 909382",03-09-2025
3097,Delhi,Karol Bagh,House Pizza Hub,Chinese,506,4.5,9272,3090,1563540,72,0,Regular Delivery,"H.No. 20, Sood Marg, Bally 788413",13-07-2025
3098,Mumbai,Dadar,Street Fast Food Zone,"Ice Cream, Chinese, Biryani, Arabian",545,4.3,5903,1382,753190,75,25,Regular Delivery,"77/78, Date Circle, Tadepalligudem-460698",19-07-2025
3099,Delhi,Karol Bagh,Tandoori Arabian Zone,"Desserts, Healthy Food, Bakery, Italian",784,2.9,4041,3754,2943136,20,15,Swiggy One,"H.No. 197, Varma Circle, Dibrugarh 274751",15-07-2025
3100,Hyderabad,Madhapur,Urban Bakery Hub,"Fast Food, Andhra, South Indian, Healthy Food",795,3.5,2637,1273,1012035,47,50,Swiggy One,"76, Kala Chowk, Ludhiana-594129",13-10-2025
3101,Chennai,OMR,Food Italian World,"Italian, Chinese",612,4.3,14462,4950,3029400,62,25,Swiggy Genie,"65/797, Chaudhuri Path, Kochi 851869",16-01-2026
3102,Hyderabad,Hitech City,Kitchen Ice Cream World,"Italian, Chinese, Ice Cream, Desserts",905,4.7,1417,227,205435,23,25,Swiggy One,"H.No. 215, Kumar Zila, Bilaspur 231884",02-05-2026
3103,Mumbai,Bandra,Street Biryani Factory,"Mughlai, Burgers, Chinese, Bakery",1115,3.3,10957,1232,1373680,52,0,Swiggy Genie,"17/30, Ramanathan Circle, Udaipur 563013",11-12-2025
3104,Chennai,Anna Nagar,Kitchen Biryani Grill,"Chinese, Bakery, North Indian",261,3.1,12757,2122,553842,71,25,Regular Delivery,"94/89, Bhardwaj Nagar, Nizamabad 474666",08-02-2026
3105,Hyderabad,Banjara Hills,Food Bakery World,Burgers,324,3.4,6532,2683,869292,34,30,Swiggy Genie,"96, Ramakrishnan, Ghaziabad-984900",08-10-2025
3106,Bangalore,Jayanagar,Royal Chinese Hub,"Bakery, Biryani",353,4.3,8424,3321,1172313,39,30,Swiggy One,"H.No. 50, Sankar Ganj, Gangtok-587718",07-11-2025
3107,Hyderabad,Madhapur,Cafe South Indian Point,"Healthy Food, North Indian",1064,3.4,3172,3024,3217536,25,50,Swiggy One,"68/99, Dutta Ganj, Rajahmundry 312641",27-10-2025
3108,Bangalore,Whitefield,Royal Italian Junction,"North Indian, Chinese",1048,3.2,13711,442,463216,58,50,Swiggy Genie,"10, De, Sri Ganganagar 856328",24-12-2025
3109,Bangalore,BTM Layout,Royal Burgers Corner,"Burgers, Fast Food, Chinese",654,2.8,51,1789,1170006,46,10,Regular Delivery,"H.No. 701, Bath Path, Siwan-488458",11-07-2025
3110,Mumbai,Powai,Spice Burgers Factory,"Andhra, Italian, Fast Food",294,4.8,4487,4524,1330056,35,30,Regular Delivery,"H.No. 72, Chahal Path, Hosur-398684",28-11-2025
3111,Bangalore,Koramangala,Cafe North Indian Hub,"Chinese, South Indian, Andhra, Ice Cream",740,3.5,1408,653,483220,40,20,Regular Delivery,"H.No. 869, Rajagopal Path, Bhopal-129241",24-05-2026
3112,Bangalore,Jayanagar,Urban Healthy Food Treats,"Andhra, North Indian, Healthy Food",510,4.5,11564,4130,2106300,75,25,Swiggy One,"00/05, Dora Path, Bhagalpur-621417",10-07-2025
3113,Delhi,Dwarka,Express Seafood Treats,"South Indian, Andhra, Burgers, Pizza",426,3.5,5783,1465,624090,20,25,Swiggy Genie,"289, Garg Path, Chittoor-857193",07-04-2026
3114,Chennai,Adyar,Street Andhra Point,"South Indian, Fast Food, Arabian",1127,3.5,4274,4164,4692828,26,15,Swiggy One,"22/90, Saran Ganj, Bettiah-351763",19-11-2025
3115,Bangalore,BTM Layout,Biryani North Indian Point,"Biryani, Fast Food, North Indian",1142,4.2,14186,4094,4675348,41,30,Swiggy Genie,"59, Hari Nagar, Serampore-141379",14-01-2026
3116,Delhi,Saket,Biryani South Indian Palace,"Healthy Food, Bakery, Ice Cream, Fast Food",674,4.3,1547,1205,812170,39,25,Regular Delivery,"971, Vora, Kota-668724",01-08-2025
3117,Chennai,Velachery,Express South Indian Factory,"Healthy Food, Mughlai, Seafood, North Indian",209,2.9,13470,3670,767030,27,20,Regular Delivery,"80/87, Shetty Nagar, Tiruchirappalli-064396",13-07-2025
3118,Delhi,Dwarka,Street Italian Hub,"Andhra, Ice Cream",720,3.1,1078,2495,1796400,46,10,Swiggy Genie,"H.No. 71, Choudhry Street, Tenali-714687",09-07-2025
3119,Bangalore,Whitefield,Spice Andhra Zone,"Chinese, Desserts, Seafood, North Indian",279,4.7,3653,4804,1340316,47,30,Swiggy One,"H.No. 61, Raval, Bikaner-237022",04-04-2026
3120,Hyderabad,Gachibowli,House South Indian Factory,"Mughlai, Fast Food, Bakery, South Indian",635,3.1,7570,2721,1727835,70,10,Swiggy Genie,"58/88, Sahota, Vellore 601006",16-09-2025
3121,Bangalore,Whitefield,Biryani Biryani Zone,"North Indian, South Indian, Bakery, Desserts",132,2.8,7402,1546,204072,50,25,Regular Delivery,"H.No. 191, Gaba Circle, Machilipatnam-136070",28-09-2025
3122,Chennai,T Nagar,Express Andhra World,"Italian, Fast Food, South Indian",1107,4.5,7151,1155,1278585,47,50,Regular Delivery,"786, Sem Road, Dindigul 193321",29-09-2025
3123,Bangalore,Jayanagar,Tandoori Arabian Grill,"Burgers, Ice Cream",360,3.3,224,987,355320,60,15,Swiggy One,"97/526, Khosla Nagar, Patna-339198",08-12-2025
3124,Hyderabad,Banjara Hills,Kitchen Desserts Junction,"Bakery, Arabian",985,4.8,7649,4371,4305435,37,0,Regular Delivery,"508, Virk Path, Khora  198480",13-03-2026
3125,Delhi,Connaught Place,Delight Ice Cream Palace,"South Indian, Burgers",1072,4.1,12718,822,881184,45,0,Swiggy Genie,"H.No. 665, Chand Circle, Dehradun-043156",22-10-2025
3126,Hyderabad,Kukatpally,Food Biryani Hub,"Pizza, North Indian, Ice Cream, Biryani",198,3.1,8092,652,129096,72,0,Swiggy One,"581, Bala Nagar, Bathinda 062259",28-04-2026
3127,Hyderabad,Madhapur,Biryani Seafood Grill,"Desserts, Healthy Food, North Indian, Biryani",840,4.7,10253,1089,914760,26,30,Swiggy One,"89/905, Chana Chowk, Udupi 157799",31-01-2026
3128,Mumbai,Dadar,Cafe Andhra Corner,Andhra,951,4.6,5738,1659,1577709,54,40,Swiggy One,"H.No. 180, Sachdeva Path, Alappuzha-295963",24-10-2025
3129,Bangalore,Indiranagar,Express Healthy Food Junction,"Desserts, Andhra, Fast Food",415,4.5,10188,2752,1142080,29,15,Swiggy One,"81/55, Ravel Circle, Vasai-Virar-013786",12-10-2025
3130,Chennai,Anna Nagar,Delight Ice Cream Hub,Mughlai,1019,4,7637,4658,4746502,72,20,Swiggy One,"81/944, Dara Street, Jalandhar-337739",11-10-2025
3131,Bangalore,Jayanagar,Royal South Indian Hub,"Arabian, Italian",129,3.7,5335,4301,554829,54,25,Swiggy One,"H.No. 79, Sampath Circle, Solapur 362136",30-08-2025
3132,Hyderabad,Hitech City,Spice Ice Cream Treats,"North Indian, Mughlai",246,3.3,13352,90,22140,40,40,Regular Delivery,"746, Deshpande, Durg-823066",23-04-2026
3133,Delhi,Rohini,House Desserts World,"South Indian, Fast Food, Pizza, Arabian",883,4.1,137,3909,3451647,38,25,Regular Delivery,"70, Varughese Road, Rourkela-400983",03-12-2025
3134,Bangalore,Koramangala,Kitchen North Indian Corner,"South Indian, Pizza",1120,4.2,9502,3811,4268320,21,15,Swiggy One,"659, Shroff Chowk, Kolkata 308676",14-07-2025
3135,Chennai,T Nagar,Spice South Indian Factory,Fast Food,222,4.7,1987,4101,910422,59,30,Swiggy One,"674, Dani Nagar, Akola 491247",12-10-2025
3136,Chennai,Adyar,Street Burgers World,"North Indian, Ice Cream",749,2.9,2670,4187,3136063,52,15,Swiggy One,"71, Balasubramanian, Vasai-Virar-085686",29-12-2025
3137,Bangalore,Whitefield,Tandoori Burgers Hub,"Bakery, Burgers",878,4.3,8835,2698,2368844,43,10,Swiggy One,"603, Sule Path, Gandhidham-602200",25-07-2025
3138,Bangalore,BTM Layout,Street Italian Point,"Seafood, Chinese",308,4.5,9108,2910,896280,52,50,Swiggy Genie,"99, Varughese Path, Bhavnagar 992619",27-11-2025
3139,Chennai,Anna Nagar,Express Ice Cream Point,"Biryani, Italian",1170,2.9,12316,914,1069380,25,25,Swiggy Genie,"54/047, Savant Road, Dehradun-688688",28-08-2025
3140,Bangalore,BTM Layout,Cafe Bakery Point,"Ice Cream, Seafood, North Indian, Pizza",798,3.7,9941,1851,1477098,73,20,Swiggy Genie,"67/15, Dua Marg, Junagadh-487907",03-01-2026
3141,Mumbai,Dadar,Delight Ice Cream World,"Mughlai, Ice Cream",583,3.9,13769,424,247192,59,20,Regular Delivery,"24, Ramesh Path, Bhiwani 887442",24-03-2026
3142,Hyderabad,Kukatpally,Spice Mughlai Hub,"Fast Food, Arabian",871,3.7,6791,3675,3200925,71,0,Swiggy Genie,"61/238, Ahuja Marg, Gangtok-482345",29-08-2025
3143,Hyderabad,Kukatpally,Kitchen Fast Food Grill,Fast Food,728,4.1,2293,4464,3249792,61,30,Swiggy Genie,"88/04, Baria Path, Siwan 502656",19-02-2026
3144,Delhi,Saket,Food Arabian Junction,"Mughlai, Arabian, Pizza, Biryani",995,3.5,11409,2588,2575060,32,10,Regular Delivery,"17/13, Dhawan Circle, Ranchi-273179",26-09-2025
3145,Chennai,OMR,Royal Bakery Hub,"Bakery, Fast Food, Ice Cream",774,4.9,4859,963,745362,44,20,Regular Delivery,"69/88, Char Circle, Ujjain 354862",15-07-2025
3146,Mumbai,Lower Parel,House South Indian Corner,"Andhra, Mughlai, Biryani, Healthy Food",526,2.8,2600,2051,1078826,71,20,Swiggy Genie,"21/442, Gala Street, Rourkela 963126",03-02-2026
3147,Delhi,Rohini,Delight Mughlai Hub,"Biryani, Seafood",417,3.5,10053,4140,1726380,66,15,Swiggy Genie,"67/008, Agarwal Circle, Jodhpur 173584",17-11-2025
3148,Chennai,Anna Nagar,Tandoori Andhra Treats,Arabian,998,3.9,7706,1331,1328338,22,50,Swiggy One,"H.No. 93, Sharaf Street, Gopalpur 195027",06-10-2025
3149,Bangalore,Indiranagar,Delight Andhra Treats,"Seafood, Desserts, Bakery, Ice Cream",534,3.7,524,4057,2166438,42,20,Swiggy Genie,"92/604, Seshadri, Tirunelveli-874903",13-11-2025
3150,Delhi,Connaught Place,Spice Italian Hub,"Fast Food, Biryani",311,4.1,9565,2493,775323,54,15,Swiggy One,"19, Bhatti Zila, Hospet 645819",23-11-2025
3151,Mumbai,Andheri,Food Pizza Point,"Bakery, South Indian, Ice Cream, Healthy Food",126,4,10867,1621,204246,60,40,Swiggy One,"H.No. 89, Warrior Ganj, Mathura 612295",08-11-2025
3152,Mumbai,Lower Parel,Food Mughlai Hub,"Chinese, Italian",148,3.6,14536,1387,205276,45,10,Swiggy One,"H.No. 558, Sani Zila, Mirzapur 974188",24-05-2025
3153,Delhi,Connaught Place,Express Ice Cream Treats,"Burgers, Healthy Food, Chinese",780,3.9,430,3763,2935140,47,10,Regular Delivery,"H.No. 32, Vora Nagar, Sonipat-589917",26-04-2026
3154,Hyderabad,Gachibowli,Delight Italian Grill,"Biryani, Seafood, Arabian",1026,2.8,2070,4431,4546206,22,0,Swiggy Genie,"H.No. 20, Thaman Chowk, Ratlam 890472",11-11-2025
3155,Chennai,OMR,Cafe Ice Cream Palace,Bakery,1053,4,779,4454,4690062,72,25,Swiggy Genie,"37, Ramanathan Street, Bokaro 467676",06-01-2026
3156,Hyderabad,Kukatpally,Kitchen Pizza Treats,"Seafood, Ice Cream, Fast Food, Bakery",242,3.2,3597,3539,856438,24,0,Regular Delivery,"157, Krishna Road, Bidhannagar-015498",07-01-2026
3157,Mumbai,Dadar,Delight Healthy Food Palace,"South Indian, Burgers, Seafood",575,4.1,8753,1813,1042475,51,0,Swiggy One,"31/10, Garg Chowk, Tirunelveli-599618",19-07-2025
3158,Delhi,Saket,Urban Andhra Zone,"Desserts, Healthy Food, South Indian",1200,3.8,4757,2701,3241200,25,30,Swiggy One,"32, Varkey Street, Dhanbad-183269",19-10-2025
3159,Delhi,Connaught Place,Cafe Chinese Palace,"Italian, Biryani",462,4.8,2006,2850,1316700,73,50,Swiggy One,"277, Koshy Marg, Gandhidham-690522",08-06-2025
3160,Hyderabad,Kukatpally,Tandoori Biryani World,"Ice Cream, Bakery, Pizza, Biryani",445,3.7,11885,2962,1318090,71,0,Regular Delivery,"682, Khurana, Cuttack 160279",15-03-2026
3161,Delhi,Dwarka,Street North Indian World,"Andhra, Chinese, North Indian, Ice Cream",1186,3.4,6619,1021,1210906,36,0,Swiggy One,"H.No. 939, Sandal Nagar, Agartala-465650",07-05-2026
3162,Mumbai,Dadar,Royal Healthy Food Zone,"Andhra, Fast Food, Chinese",768,4.6,5668,2669,2049792,60,15,Swiggy One,"H.No. 651, Yogi Chowk, Warangal-757853",18-06-2025
3163,Chennai,Velachery,Food Mughlai World,"Seafood, Ice Cream, Mughlai",477,4.1,9430,3874,1847898,58,0,Swiggy Genie,"H.No. 60, Saxena Ganj, Allahabad-393100",17-02-2026
3164,Hyderabad,Banjara Hills,Spice Biryani Factory,"Ice Cream, North Indian, Fast Food, Seafood",652,3,8516,1991,1298132,30,50,Regular Delivery,"83/021, Kibe Circle, Kolhapur 135588",19-03-2026
3165,Mumbai,Lower Parel,Urban Fast Food Zone,"Desserts, Arabian",1194,3.6,2591,3546,4233924,42,25,Regular Delivery,"58/929, Hayer Circle, Hosur 917276",07-01-2026
3166,Delhi,Dwarka,Food Chinese Hub,"Andhra, Italian",584,3.6,6160,4623,2699832,51,25,Swiggy Genie,"06/329, Iyer Street, North Dumdum-925895",19-07-2025
3167,Delhi,Karol Bagh,Royal Arabian Grill,"Healthy Food, Seafood",449,3.7,7931,113,50737,34,30,Regular Delivery,"H.No. 429, Gola Circle, Gwalior-745568",05-03-2026
3168,Mumbai,Andheri,Urban Andhra Treats,Chinese,704,4.6,10481,4876,3432704,72,0,Swiggy One,"06/39, Chaudhry Street, Jalgaon-003435",11-03-2026
3169,Bangalore,Koramangala,Spice South Indian Grill,Chinese,337,3.7,5876,2610,879570,73,30,Swiggy One,"67/79, Zacharia Ganj, Rajpur Sonarpur-102786",11-02-2026
3170,Chennai,Velachery,Royal Healthy Food Zone,South Indian,670,4.6,2184,2522,1689740,61,50,Regular Delivery,"27/51, Chakrabarti Road, Unnao-713200",18-07-2025
3171,Hyderabad,Madhapur,Urban Seafood Zone,"Burgers, Andhra, Bakery",1157,4.8,7549,542,627094,63,20,Swiggy One,"25, Saha Zila, Hapur-473512",27-08-2025
3172,Hyderabad,Gachibowli,Food Bakery Treats,Andhra,337,2.9,7380,618,208266,23,40,Swiggy Genie,"H.No. 089, Atwal Zila, Bijapur 314918",14-09-2025
3173,Mumbai,Andheri,House Pizza Factory,"Ice Cream, North Indian",188,4.8,6720,1289,242332,37,15,Swiggy One,"07/014, Mani Nagar, Katihar 502830",08-04-2026
3174,Mumbai,Powai,Delight Arabian Treats,"Arabian, Andhra",813,3.1,7112,578,469914,63,30,Swiggy One,"H.No. 577, Tata Path, Chandrapur 374513",30-12-2025
3175,Hyderabad,Kukatpally,Royal Chinese Treats,"Healthy Food, Seafood, Andhra, Pizza",150,3.1,6177,1654,248100,64,30,Regular Delivery,"H.No. 048, Dubey Nagar, Ludhiana-464481",14-08-2025
3176,Delhi,Rohini,Express Healthy Food Factory,"Seafood, Burgers, Arabian, Healthy Food",503,2.9,11906,2727,1371681,24,30,Swiggy Genie,"H.No. 08, Sidhu Marg, Shimoga 011629",22-05-2026
3177,Delhi,Saket,Royal Mughlai Palace,"South Indian, Mughlai",593,2.8,10844,4135,2452055,35,15,Swiggy One,"94/90, Venkataraman Road, Gopalpur 895337",27-01-2026
3178,Chennai,T Nagar,Cafe Pizza Grill,"Desserts, Biryani, Mughlai",753,3.5,7530,4166,3136998,53,40,Regular Delivery,"509, Tak Nagar, Thrissur-342380",28-07-2025
3179,Chennai,Anna Nagar,Street Mughlai Palace,"Healthy Food, Desserts, Chinese",1104,3.1,14268,2503,2763312,70,20,Swiggy Genie,"37/997, Johal Circle, Dhanbad 841290",10-10-2025
3180,Delhi,Connaught Place,Royal North Indian Hub,"Italian, Seafood, Mughlai, Healthy Food",1025,4,4827,4822,4942550,31,15,Regular Delivery,"59/579, Reddy Path, Ramgarh-072811",31-07-2025
3181,Hyderabad,Madhapur,Express Pizza Treats,"Ice Cream, Chinese, South Indian, Italian",848,3.9,9953,1554,1317792,50,0,Swiggy One,"H.No. 145, Shukla Path, Shimoga-506352",13-08-2025
3182,Delhi,Rohini,Biryani Bakery World,North Indian,301,3.6,13953,1952,587552,73,25,Swiggy One,"35, Ramachandran Chowk, Ballia-223638",03-12-2025
3183,Chennai,Adyar,Tandoori Arabian Junction,"Biryani, Seafood, Chinese",663,3.4,11792,299,198237,75,50,Regular Delivery,"33/444, Din Path, Nangloi Jat 376283",23-05-2026
3184,Bangalore,Whitefield,Tandoori Seafood Grill,"Chinese, Bakery",718,3.3,7419,2751,1975218,54,25,Regular Delivery,"10, Kala Nagar, Chennai 153772",24-11-2025
3185,Bangalore,Whitefield,Express Burgers Point,"Biryani, Chinese",326,4.5,3039,1326,432276,45,25,Swiggy Genie,"H.No. 572, Bajwa Path, Srikakulam 811659",02-04-2026
3186,Delhi,Connaught Place,Kitchen Fast Food World,"Ice Cream, Pizza, Mughlai",1053,2.9,1004,3716,3912948,43,0,Swiggy Genie,"99/85, Luthra Street, Loni 699790",21-07-2025
3187,Delhi,Karol Bagh,Urban Mughlai Junction,Mughlai,499,3.7,2987,1144,570856,36,20,Swiggy One,"309, Hans Street, Bidar 623105",06-02-2026
3188,Chennai,Adyar,Kitchen South Indian Palace,"North Indian, Mughlai",1125,2.9,8461,3692,4153500,59,20,Regular Delivery,"63/58, Banik Chowk, Nagercoil 217100",03-04-2026
3189,Delhi,Dwarka,Tandoori Andhra Junction,"Seafood, Chinese, Bakery, Healthy Food",916,4,1833,3045,2789220,71,25,Swiggy One,"43/613, Cheema, Karimnagar 882303",25-07-2025
3190,Chennai,Anna Nagar,Cafe Pizza Zone,"Bakery, Desserts",459,3.6,2455,904,414936,67,0,Swiggy One,"H.No. 620, Wagle Street, Ramgarh-730450",14-06-2025
3191,Chennai,Anna Nagar,Street Italian Zone,"Seafood, Chinese, Desserts",1131,4.8,5966,1914,2164734,61,30,Swiggy Genie,"H.No. 882, Chana Circle, Morbi 699453",25-06-2025
3192,Hyderabad,Madhapur,Tandoori Arabian World,"Desserts, South Indian, Mughlai, Seafood",794,4.7,14465,856,679664,24,40,Swiggy One,"55, Wason Marg, Vellore-421927",10-10-2025
3193,Mumbai,Powai,Royal North Indian Hub,Pizza,208,3.2,8706,4692,975936,47,25,Swiggy One,"980, Khosla Ganj, Phusro-871861",07-09-2025
3194,Delhi,Dwarka,Biryani Biryani Corner,North Indian,786,3.3,14754,3535,2778510,61,0,Swiggy Genie,"H.No. 55, Tata Circle, Bilaspur 618048",04-11-2025
3195,Bangalore,Jayanagar,Tandoori Healthy Food Treats,Seafood,546,3.2,9164,4159,2270814,49,15,Swiggy One,"H.No. 573, Bedi Zila, Darbhanga-029058",28-11-2025
3196,Mumbai,Bandra,Express Healthy Food Factory,"Mughlai, Italian",518,3,12286,2211,1145298,42,15,Swiggy Genie,"932, Lal Path, Farrukhabad 786637",06-05-2026
3197,Delhi,Dwarka,Biryani Italian Grill,"North Indian, Desserts",514,4.3,5136,2136,1097904,75,25,Regular Delivery,"H.No. 93, Dewan Street, Pune-601596",24-09-2025
3198,Delhi,Karol Bagh,House Ice Cream Factory,Mughlai,907,3.2,4354,4609,4180363,62,20,Swiggy One,"09/676, Uppal Circle, Solapur-785291",14-06-2025
3199,Bangalore,Jayanagar,House Chinese Factory,"Healthy Food, Desserts",1042,4.6,3794,4404,4588968,62,40,Swiggy One,"H.No. 22, Deol Street, Thiruvananthapuram 690392",03-11-2025
3200,Bangalore,Whitefield,House Biryani Zone,Seafood,439,3.5,10639,1648,723472,27,0,Swiggy Genie,"H.No. 135, Brar Circle, Danapur-118741",17-01-2026
3201,Delhi,Dwarka,Delight Biryani Palace,"Pizza, North Indian, Desserts, Burgers",688,4.5,6165,712,489856,46,40,Regular Delivery,"H.No. 389, Issac Circle, Hospet-861776",13-01-2026
3202,Mumbai,Dadar,Cafe Seafood Hub,"Mughlai, Healthy Food, North Indian, South Indian",673,3.3,74,88,59224,69,10,Swiggy Genie,"H.No. 20, Kapoor Ganj, Bhusawal 583084",06-10-2025
3203,Mumbai,Powai,Street Italian Factory,"Italian, Fast Food, Bakery",978,4.6,13910,3051,2983878,69,40,Regular Delivery,"050, Babu Zila, Bhind 514418",23-09-2025
3204,Mumbai,Bandra,Street Chinese Hub,"Healthy Food, Desserts",811,2.8,8563,1324,1073764,40,0,Swiggy Genie,"36/718, Bajwa Marg, Ambarnath-690308",10-08-2025
3205,Hyderabad,Madhapur,Urban Biryani Palace,"Andhra, Mughlai, Bakery",1113,4.1,14202,3153,3509289,46,10,Swiggy One,"44/193, Bora, Dhanbad 593420",07-07-2025
3206,Hyderabad,Banjara Hills,Tandoori Arabian Corner,"North Indian, Burgers",120,4.8,11671,3503,420360,53,10,Swiggy Genie,"179, Mannan Circle, Alwar 420032",05-10-2025
3207,Delhi,Saket,Royal Bakery Hub,Mughlai,1100,3,13849,3341,3675100,23,40,Swiggy Genie,"H.No. 117, Chana, Bulandshahr 896488",30-10-2025
3208,Mumbai,Lower Parel,Food Italian Hub,Desserts,799,4,4460,3849,3075351,27,10,Regular Delivery,"95/151, Ahluwalia Zila, Solapur-759926",25-11-2025
3209,Delhi,Dwarka,Delight Arabian Treats,"Andhra, Seafood, Biryani, South Indian",1027,2.9,10239,4581,4704687,44,0,Swiggy One,"43/014, Ahuja, Machilipatnam-873990",07-02-2026
3210,Chennai,OMR,Delight Desserts Hub,"Chinese, Andhra, Healthy Food, Italian",1170,4.2,8079,3922,4588740,54,25,Swiggy One,"02, Edwin Ganj, Miryalaguda 595800",08-03-2026
3211,Delhi,Rohini,Tandoori Italian Factory,"Ice Cream, Mughlai",945,4.9,12187,1529,1444905,45,40,Swiggy One,"32, Tailor, Kottayam-892944",18-07-2025
3212,Chennai,OMR,Spice Italian Point,"Desserts, North Indian",784,3.3,13392,210,164640,41,30,Swiggy Genie,"03/777, Agrawal Chowk, Ambattur 985931",31-01-2026
3213,Hyderabad,Gachibowli,House Chinese Point,"Italian, Andhra, Chinese, Bakery",790,3.6,12579,2349,1855710,66,10,Swiggy Genie,"H.No. 11, Dora Circle, Noida-141880",21-09-2025
3214,Delhi,Saket,Food Arabian Grill,"Arabian, Mughlai",363,4.1,7412,2751,998613,25,40,Swiggy Genie,"68/44, Savant Road, Jhansi-770040",05-06-2025
3215,Delhi,Karol Bagh,Royal Bakery Grill,"Fast Food, Seafood",956,4.1,7737,1904,1820224,54,10,Swiggy Genie,"H.No. 36, Buch Street, Warangal-355377",28-07-2025
3216,Delhi,Connaught Place,Royal Desserts Treats,"Biryani, Ice Cream, Bakery",167,2.9,14839,2569,429023,48,0,Swiggy One,"38, Kohli Marg, Motihari 078068",15-11-2025
3217,Chennai,T Nagar,House Chinese Factory,"South Indian, Mughlai, Burgers",321,4.1,3699,1355,434955,59,25,Swiggy One,"H.No. 511, Krishna Circle, Rourkela-180678",26-02-2026
3218,Delhi,Rohini,Delight Burgers Treats,Chinese,231,2.8,8250,489,112959,74,40,Regular Delivery,"996, Mammen, Bulandshahr-254632",11-02-2026
3219,Mumbai,Lower Parel,Street Chinese Treats,Arabian,993,4.6,6419,3986,3958098,26,10,Swiggy One,"95, Jain Marg, Muzaffarnagar-757167",09-04-2026
3220,Hyderabad,Hitech City,Kitchen South Indian Zone,"Burgers, North Indian, Fast Food",181,3.5,8551,4621,836401,67,30,Swiggy Genie,"64/729, Iyengar Nagar, Phagwara-568784",11-08-2025
3221,Chennai,Anna Nagar,House Seafood World,"Healthy Food, Desserts, Bakery",481,3.4,160,561,269841,22,20,Swiggy Genie,"24, Thakkar Ganj, Hospet 404748",04-10-2025
3222,Bangalore,Koramangala,Royal Italian Factory,Andhra,1011,3.2,2545,2568,2596248,63,25,Regular Delivery,"29, Srinivasan Path, Adoni-320899",23-02-2026
3223,Mumbai,Dadar,Delight Bakery Zone,"Biryani, Arabian, Pizza",553,3.2,5995,757,418621,24,0,Swiggy Genie,"H.No. 775, Bala Path, Amritsar 231009",22-07-2025
3224,Hyderabad,Banjara Hills,Delight Pizza Corner,"Fast Food, Pizza",1027,4.7,8017,529,543283,64,50,Regular Delivery,"84/75, Sodhi Path, Nizamabad 521992",24-02-2026
3225,Chennai,OMR,Urban Desserts Grill,"Burgers, Fast Food, Ice Cream",858,4.4,4374,2177,1867866,32,25,Regular Delivery,"666, Soman Ganj, Faridabad 028058",01-11-2025
3226,Hyderabad,Madhapur,Royal Seafood Factory,"North Indian, South Indian",1097,3.7,4579,3116,3418252,69,10,Swiggy Genie,"H.No. 80, Bhavsar Marg, Vijayawada 450766",04-02-2026
3227,Hyderabad,Hitech City,Urban Fast Food World,"Bakery, Mughlai, Biryani",860,2.8,12470,2064,1775040,33,50,Swiggy Genie,"75/946, Balan Chowk, Hubli–Dharwad 315292",24-02-2026
3228,Mumbai,Powai,House Desserts Corner,"Seafood, Chinese",690,3.3,11496,1755,1210950,29,10,Regular Delivery,"H.No. 04, Kale Marg, Adoni-941741",13-05-2026
3229,Chennai,Adyar,Spice Healthy Food Junction,"Seafood, Fast Food, Chinese, Ice Cream",576,3.6,251,2748,1582848,46,25,Swiggy One,"506, Batra Ganj, Ichalkaranji 851608",03-04-2026
3230,Delhi,Connaught Place,Spice Healthy Food Zone,"Burgers, Arabian, Pizza",446,3.9,3116,4352,1940992,43,30,Swiggy One,"H.No. 869, Lall Road, Bhind-296771",29-03-2026
3231,Hyderabad,Hitech City,Food Burgers Factory,"Italian, North Indian",1157,4.8,11911,239,276523,33,40,Regular Delivery,"962, Sekhon Road, Motihari-906637",02-12-2025
3232,Bangalore,Koramangala,Urban Andhra Corner,"Pizza, Andhra, Seafood",535,4.8,10935,3849,2059215,25,40,Swiggy One,"H.No. 64, Char Zila, Hajipur 650828",02-08-2025
3233,Bangalore,BTM Layout,Tandoori Pizza World,Bakery,170,4.9,3573,861,146370,73,25,Swiggy One,"29/77, Sibal, Pallavaram 385255",21-01-2026
3234,Mumbai,Dadar,Express Andhra Junction,"Mughlai, Andhra, Bakery",1118,3,7252,144,160992,57,50,Regular Delivery,"95/96, Chacko Chowk, Ambattur-472331",11-11-2025
3235,Bangalore,Koramangala,Delight Chinese Corner,"Burgers, Ice Cream",427,4.2,12773,2784,1188768,34,40,Swiggy One,"44/358, Sachar Nagar, Hajipur-014267",24-07-2025
3236,Chennai,Velachery,Biryani Biryani Corner,"Mughlai, Pizza, Healthy Food, Italian",791,4.7,2584,178,140798,30,15,Regular Delivery,"H.No. 850, Sani Marg, Ozhukarai-269446",28-06-2025
3237,Hyderabad,Kukatpally,Urban Mughlai Point,"Ice Cream, Seafood, Pizza, Mughlai",549,3.9,7382,443,243207,24,40,Regular Delivery,"18/719, Aurora Nagar, Davanagere 516095",22-04-2026
3238,Mumbai,Lower Parel,Royal South Indian Treats,"Ice Cream, Burgers",528,3.9,2539,658,347424,59,15,Swiggy One,"H.No. 896, Ray Road, Shimla-371235",02-03-2026
3239,Hyderabad,Hitech City,Kitchen Bakery World,"North Indian, Pizza, Bakery, Chinese",336,4.4,4071,182,61152,46,20,Swiggy One,"48, Choudhry Zila, Machilipatnam-490370",13-06-2025
3240,Mumbai,Lower Parel,Biryani South Indian Grill,"Andhra, Italian, Chinese",905,4.1,1251,2694,2438070,28,20,Swiggy Genie,"H.No. 13, Sane Street, Begusarai 695328",18-05-2026
3241,Delhi,Rohini,Spice Chinese Point,Mughlai,127,3.8,4675,1753,222631,58,15,Regular Delivery,"78/38, Vasa Road, Bhimavaram-949253",17-01-2026
3242,Mumbai,Andheri,Spice Seafood Zone,"Andhra, Ice Cream",1155,3.4,12863,1795,2073225,69,25,Swiggy One,"H.No. 84, Goyal Zila, Hosur 980936",21-08-2025
3243,Hyderabad,Madhapur,Cafe Healthy Food World,"Burgers, Fast Food",973,3.2,9209,675,656775,70,20,Regular Delivery,"H.No. 806, Chokshi, Orai-168492",12-10-2025
3244,Delhi,Connaught Place,Tandoori Arabian Junction,Arabian,215,4.4,7733,2778,597270,56,50,Swiggy One,"550, Keer Street, Panipat-883632",22-05-2026
3245,Delhi,Karol Bagh,Royal South Indian Point,"Biryani, Ice Cream",1196,4.6,7791,1440,1722240,37,50,Regular Delivery,"033, Zachariah Path, Medininagar-768282",08-11-2025
3246,Bangalore,Indiranagar,Urban Mughlai Factory,Biryani,1022,3.4,170,1154,1179388,33,0,Regular Delivery,"20/13, Mannan Nagar, Katni 858237",11-04-2026
3247,Hyderabad,Madhapur,Express Biryani World,"Chinese, Desserts",154,3.4,11572,4126,635404,35,15,Swiggy One,"27/48, Rajagopalan Road, Dhanbad-850562",11-03-2026
3248,Delhi,Rohini,Express Seafood Grill,Chinese,461,2.9,3632,1033,476213,21,25,Swiggy One,"529, Sama Street, Warangal-165196",31-10-2025
3249,Chennai,Velachery,Express Biryani Hub,"Burgers, Italian, Fast Food, South Indian",824,3.3,746,3845,3168280,21,10,Regular Delivery,"H.No. 68, Maharaj Ganj, Nandyal-059696",14-08-2025
3250,Hyderabad,Kukatpally,Food Burgers Corner,Desserts,519,3.9,344,3756,1949364,24,20,Swiggy Genie,"18, Aurora Street, Mira-Bhayandar-015392",07-03-2026
3251,Hyderabad,Madhapur,Spice Chinese Palace,Arabian,914,4.1,1399,3381,3090234,75,20,Swiggy Genie,"31, Sundaram Circle, Ghaziabad-154936",29-08-2025
3252,Mumbai,Dadar,Spice Arabian Factory,"Healthy Food, Chinese",219,4.3,9411,3634,795846,55,0,Regular Delivery,"44/658, Brahmbhatt Circle, Dehradun 047106",02-03-2026
3253,Hyderabad,Kukatpally,Biryani North Indian Point,"Desserts, Biryani",943,4.3,6951,638,601634,28,30,Swiggy Genie,"H.No. 587, Hans Zila, Ambarnath 768852",17-08-2025
3254,Chennai,OMR,Tandoori South Indian Factory,"Mughlai, South Indian, Desserts",272,4.5,5586,1893,514896,26,20,Regular Delivery,"829, Krishna Path, Thrissur 126077",26-07-2025
3255,Hyderabad,Madhapur,Urban Arabian Hub,"Italian, Biryani, North Indian, Arabian",1098,3.4,10498,2848,3127104,73,20,Regular Delivery,"47/134, Rana Street, Gangtok 788437",26-10-2025
3256,Mumbai,Dadar,Spice Desserts Treats,"Desserts, Biryani, Arabian",581,4.2,8528,2356,1368836,43,50,Swiggy Genie,"656, Varughese Street, Gulbarga 002493",18-07-2025
3257,Hyderabad,Hitech City,Express North Indian Hub,Seafood,176,4.5,4939,1240,218240,26,40,Regular Delivery,"H.No. 54, Sahota Street, Thane 643735",01-04-2026
3258,Mumbai,Dadar,Street Andhra Zone,"South Indian, Healthy Food, Bakery",613,4.2,4440,124,76012,45,30,Swiggy Genie,"20/018, Dubey Ganj, Bidhannagar 600372",22-04-2026
3259,Hyderabad,Hitech City,Biryani Arabian Treats,"Bakery, Andhra, Italian",708,4.1,1010,4977,3523716,26,10,Swiggy Genie,"H.No. 67, Bhat Path, Hubli–Dharwad 081470",14-02-2026
3260,Hyderabad,Gachibowli,Food Bakery Point,"North Indian, South Indian",1189,3.9,9945,209,248501,20,40,Regular Delivery,"97, Raju Ganj, Alwar 835614",27-06-2025
3261,Bangalore,Whitefield,Royal Burgers Treats,"South Indian, Desserts, Burgers",1065,3.8,5855,2378,2532570,71,0,Swiggy One,"853, Lalla Circle, Berhampur 875162",07-07-2025
3262,Bangalore,Whitefield,House Arabian Junction,"Pizza, Seafood",1003,3.5,8863,1428,1432284,67,50,Swiggy Genie,"950, Basak Chowk, Chinsurah 845621",15-05-2026
3263,Hyderabad,Madhapur,Tandoori Mughlai Factory,"Healthy Food, South Indian, North Indian",585,3.4,6220,804,470340,68,25,Swiggy One,"947, Aurora Ganj, Dhanbad-646411",13-02-2026
3264,Chennai,Velachery,Street Seafood Junction,"Biryani, Seafood, Arabian, Desserts",251,4.6,6002,2989,750239,57,30,Swiggy Genie,"71/66, Boase Chowk, Bilaspur-680653",15-01-2026
3265,Delhi,Connaught Place,House North Indian Treats,Pizza,836,3.4,3257,2163,1808268,40,40,Swiggy Genie,"H.No. 917, Rattan Zila, Delhi 194576",08-03-2026
3266,Mumbai,Bandra,Royal South Indian Grill,"Fast Food, Healthy Food, Seafood",170,4,2663,544,92480,36,30,Regular Delivery,"41/375, Rout Path, Adoni 278517",18-09-2025
3267,Delhi,Connaught Place,Kitchen South Indian Corner,"Andhra, Seafood, Pizza",525,3.7,7253,4110,2157750,38,10,Swiggy Genie,"52, Koshy, Bangalore-156435",14-10-2025
3268,Mumbai,Andheri,Urban Seafood Factory,"Burgers, Healthy Food",534,4.2,1365,844,450696,32,25,Swiggy One,"01/52, Rana Chowk, Madhyamgram 916981",27-06-2025
3269,Mumbai,Bandra,Delight Bakery Palace,"North Indian, Italian",261,3.8,4406,868,226548,63,0,Swiggy One,"H.No. 708, Bansal Street, Junagadh-586096",30-06-2025
3270,Hyderabad,Banjara Hills,Express Ice Cream Zone,Bakery,457,4,7350,1810,827170,32,20,Regular Delivery,"93, Jani Ganj, Bhiwani-396772",18-11-2025
3271,Mumbai,Lower Parel,Express Burgers Grill,North Indian,986,4.2,5849,1199,1182214,47,10,Swiggy Genie,"872, Wason Zila, Thane 529200",18-01-2026
3272,Mumbai,Powai,Food Ice Cream World,"Ice Cream, Bakery, Fast Food, Desserts",848,3.6,5471,2971,2519408,23,25,Swiggy Genie,"50/25, Gulati Ganj, Imphal-690063",12-09-2025
3273,Bangalore,Koramangala,Kitchen North Indian Grill,"Pizza, Burgers",469,3.9,2012,4347,2038743,20,15,Swiggy One,"16/710, Reddy Ganj, Chinsurah 890498",02-03-2026
3274,Chennai,Anna Nagar,Urban Seafood Factory,"Desserts, Ice Cream, Seafood",408,2.8,3091,2843,1159944,63,40,Regular Delivery,"34, Lal Street, Ambala-188436",06-08-2025
3275,Bangalore,Jayanagar,Biryani Burgers Zone,South Indian,540,4.5,12688,1675,904500,22,30,Swiggy Genie,"H.No. 41, Venkataraman, Arrah-413332",11-09-2025
3276,Mumbai,Dadar,House Desserts Hub,"North Indian, Bakery",584,4,8689,936,546624,38,0,Regular Delivery,"381, Sunder Ganj, Sirsa-573514",24-04-2026
3277,Mumbai,Dadar,Cafe Chinese Grill,"Mughlai, Arabian, Chinese, Bakery",371,4.3,5430,911,337981,20,50,Regular Delivery,"H.No. 88, Venkatesh Ganj, Bhatpara-374619",07-05-2026
3278,Mumbai,Andheri,Street Bakery Palace,"Healthy Food, Pizza, Mughlai",170,4.6,9734,2105,357850,27,25,Regular Delivery,"57, Mall Nagar, Orai 220289",11-04-2026
3279,Mumbai,Dadar,Tandoori Biryani Factory,"Fast Food, Ice Cream, Seafood, Pizza",883,3.7,7006,4990,4406170,58,30,Swiggy One,"768, Gokhale Path, Tumkur 812040",03-07-2025
3280,Delhi,Saket,Urban Healthy Food Junction,"Burgers, Bakery, Fast Food, Biryani",462,4.8,3791,1641,758142,51,0,Regular Delivery,"83, Agrawal, Mira-Bhayandar 447407",04-08-2025
3281,Delhi,Connaught Place,Food Mughlai Factory,Seafood,343,4.7,4400,2604,893172,24,20,Swiggy Genie,"34/39, Golla Circle, Bidhannagar-508741",10-09-2025
3282,Bangalore,Whitefield,Express Italian Treats,"Desserts, Chinese, Arabian, Mughlai",295,4.1,12314,2981,879395,47,0,Regular Delivery,"83/78, Vohra, Erode-356461",11-07-2025
3283,Bangalore,Jayanagar,Spice Burgers Palace,Healthy Food,501,4.6,7058,3696,1851696,67,20,Swiggy One,"H.No. 202, Bora Zila, Tirunelveli-379789",03-11-2025
3284,Hyderabad,Banjara Hills,Tandoori Chinese Zone,"South Indian, Healthy Food",658,3.2,1279,4024,2647792,32,30,Regular Delivery,"386, Mani Zila, Kolkata 718546",01-06-2025
3285,Bangalore,Whitefield,Royal Biryani Palace,"Andhra, South Indian",1064,3.6,14743,3727,3965528,30,0,Swiggy Genie,"687, Borra Path, Meerut-239878",30-04-2026
3286,Chennai,Adyar,Royal Ice Cream Factory,"Desserts, Bakery, Burgers, Pizza",834,4.5,6891,3783,3155022,75,25,Swiggy Genie,"48, Lall Marg, Naihati 122164",15-01-2026
3287,Bangalore,BTM Layout,Food Desserts World,"Seafood, Arabian, Chinese, Fast Food",158,2.8,14274,1911,301938,61,25,Regular Delivery,"H.No. 825, Dasgupta Road, Kulti-705191",30-05-2025
3288,Hyderabad,Madhapur,Express Bakery World,Arabian,1158,4.3,14632,3139,3634962,26,40,Swiggy One,"H.No. 266, Dara Zila, Mahbubnagar 413603",29-12-2025
3289,Bangalore,Jayanagar,Royal South Indian Corner,Ice Cream,696,3.4,6638,4632,3223872,71,15,Regular Delivery,"58/735, Bahri Path, Surendranagar Dudhrej-820604",04-11-2025
3290,Hyderabad,Banjara Hills,Tandoori Ice Cream Treats,Italian,189,4.7,13346,1862,351918,54,50,Swiggy One,"62/25, Swamy, Ramagundam 681454",25-04-2026
3291,Hyderabad,Madhapur,Express Chinese Junction,"Fast Food, Bakery, South Indian",1044,4.7,12552,4340,4530960,29,20,Regular Delivery,"620, Sankaran Path, Maheshtala 797853",07-11-2025
3292,Bangalore,Koramangala,Spice Desserts Palace,"North Indian, Seafood, Biryani",349,4.2,6633,3458,1206842,38,50,Swiggy One,"51, Jayaraman, Udupi-350687",16-12-2025
3293,Delhi,Saket,Express Biryani Junction,"Fast Food, Ice Cream, Bakery, Healthy Food",598,4.7,7833,1401,837798,61,15,Regular Delivery,"H.No. 69, Bajwa Nagar, Etawah 533145",05-02-2026
3294,Mumbai,Lower Parel,Biryani Bakery Junction,Chinese,499,3.6,8305,359,179141,54,20,Swiggy Genie,"78/916, Sur, Madhyamgram-398090",29-03-2026
3295,Bangalore,Indiranagar,House Desserts Junction,"Healthy Food, South Indian, Fast Food, North Indian",1151,3.5,11944,3386,3897286,50,50,Swiggy Genie,"241, Viswanathan Chowk, Navi Mumbai 035285",04-09-2025
3296,Hyderabad,Hitech City,Urban Andhra Palace,"Arabian, Healthy Food, North Indian, Desserts",1162,2.9,5596,2113,2455306,64,0,Regular Delivery,"01/078, Raval Nagar, Phusro-668363",20-08-2025
3297,Bangalore,Whitefield,House Desserts World,"Chinese, Healthy Food, Ice Cream, Andhra",573,4.1,8898,554,317442,41,20,Regular Delivery,"H.No. 79, Sanghvi Circle, Akola-648973",06-03-2026
3298,Hyderabad,Gachibowli,Biryani Desserts Grill,"Biryani, Pizza, Fast Food, Arabian",768,3.3,12731,2070,1589760,46,15,Swiggy Genie,"H.No. 84, Cherian Chowk, Bhubaneswar 799721",05-11-2025
3299,Bangalore,Whitefield,Express Andhra Point,"Arabian, Andhra",295,3.5,13153,1973,582035,63,15,Swiggy Genie,"H.No. 78, Tailor Nagar, Darbhanga 754651",26-10-2025
3300,Mumbai,Dadar,House Ice Cream Treats,Chinese,1126,2.9,1436,1312,1477312,37,10,Regular Delivery,"927, Balakrishnan Zila, Kottayam-382417",20-12-2025
3301,Bangalore,Koramangala,Urban South Indian Zone,"Italian, South Indian, Andhra",532,4.4,2149,2599,1382668,38,50,Regular Delivery,"60, Keer Ganj, Bhilai-815778",30-05-2025
3302,Chennai,Adyar,Kitchen Andhra Point,"Fast Food, Andhra",1102,4.7,13206,3783,4168866,71,15,Swiggy One,"H.No. 023, Talwar Circle, Bhusawal 828496",13-03-2026
3303,Mumbai,Andheri,Biryani Chinese Junction,"Fast Food, Arabian, Seafood, Andhra",954,4,14137,3575,3410550,57,0,Swiggy One,"H.No. 519, Handa Path, Sagar 177913",03-11-2025
3304,Mumbai,Powai,Delight Ice Cream Junction,Andhra,970,3.6,11655,3976,3856720,35,20,Regular Delivery,"594, Shukla Road, Belgaum-015981",07-11-2025
3305,Chennai,Adyar,Biryani Desserts Factory,Ice Cream,1106,3.8,11755,4690,5187140,51,30,Swiggy Genie,"H.No. 531, Sarraf Zila, Burhanpur-598070",16-01-2026
3306,Delhi,Karol Bagh,Express Fast Food World,"Desserts, Fast Food, South Indian",717,3.5,14405,1637,1173729,56,15,Regular Delivery,"39/640, Ramesh Street, Dhule 119703",19-12-2025
3307,Mumbai,Andheri,Biryani North Indian Corner,"Pizza, Healthy Food, Italian",839,4.5,6438,1353,1135167,51,0,Swiggy Genie,"48/077, Ahuja Zila, Bhubaneswar 644155",13-06-2025
3308,Mumbai,Lower Parel,Delight Chinese Treats,"Seafood, Mughlai",342,4.3,3886,1786,610812,48,40,Swiggy Genie,"H.No. 15, Shere Nagar, Kakinada 594980",07-08-2025
3309,Delhi,Karol Bagh,Express North Indian Palace,Desserts,558,3.8,1525,3660,2042280,60,15,Regular Delivery,"61/02, Jayaraman Ganj, Kadapa 958233",18-12-2025
3310,Delhi,Connaught Place,Spice Andhra Point,"Seafood, Burgers, Andhra, South Indian",1067,4.7,100,4195,4476065,75,50,Swiggy Genie,"83, Sheth Marg, Nashik 846810",27-05-2025
3311,Delhi,Saket,Urban Arabian Hub,Desserts,460,4.2,13064,1567,720820,43,25,Swiggy One,"37, Ray Road, Kolhapur-032162",23-01-2026
3312,Bangalore,BTM Layout,Biryani Healthy Food Palace,"Bakery, Desserts, Burgers, Andhra",1187,3.6,10447,168,199416,29,10,Regular Delivery,"792, Vig Circle, Rewa 767474",21-01-2026
3313,Mumbai,Andheri,Biryani Seafood World,"Mughlai, North Indian, Andhra",550,3.9,10299,1028,565400,68,25,Swiggy Genie,"H.No. 017, Sharma, Naihati 134666",20-11-2025
3314,Delhi,Dwarka,Cafe Andhra Treats,North Indian,358,3.7,13224,2888,1033904,63,10,Swiggy Genie,"94/28, Chana Circle, Muzaffarpur 786086",04-09-2025
3315,Bangalore,Whitefield,Urban Arabian Palace,"Mughlai, North Indian, Healthy Food, Bakery",887,3.6,7636,4260,3778620,64,10,Swiggy Genie,"65/717, Shah Street, Karaikudi 232554",05-06-2025
3316,Chennai,Velachery,Delight Italian Factory,"Mughlai, Andhra",1058,3.5,13027,3301,3492458,43,25,Swiggy Genie,"H.No. 65, Shenoy Chowk, Kumbakonam 092544",08-06-2025
3317,Mumbai,Lower Parel,Urban Andhra Hub,"Ice Cream, Mughlai",883,3.2,14321,2621,2314343,53,15,Regular Delivery,"92, Bhandari Street, Pudukkottai-087327",29-06-2025
3318,Delhi,Dwarka,Cafe Biryani Zone,"Mughlai, Bakery, North Indian, Ice Cream",1074,4.4,8529,2442,2622708,55,0,Swiggy Genie,"33/833, Bhandari Street, Rajahmundry 393717",25-09-2025
3319,Chennai,Anna Nagar,Street Italian Palace,"Andhra, Biryani",803,3,13189,1070,859210,67,40,Regular Delivery,"H.No. 48, Tandon, Karaikudi-487635",30-12-2025
3320,Hyderabad,Banjara Hills,Urban Fast Food Hub,Burgers,716,3.4,1199,774,554184,63,15,Swiggy Genie,"51/133, Bakshi, Amritsar-003216",30-05-2025
3321,Chennai,T Nagar,Delight North Indian Hub,"Italian, Arabian, Healthy Food",1093,3.2,6621,1154,1261322,44,50,Swiggy Genie,"55/996, Edwin Path, Agra 559813",16-11-2025
3322,Bangalore,Whitefield,Kitchen Fast Food World,"Andhra, Burgers",270,4.2,6116,2413,651510,26,0,Swiggy Genie,"34/723, Sampath Circle, Bathinda-664192",13-09-2025
3323,Hyderabad,Banjara Hills,Delight Bakery Grill,"Italian, Desserts, Fast Food, Healthy Food",533,4.4,11838,3217,1714661,28,25,Swiggy One,"H.No. 724, Ben Nagar, Sultan Pur Majra-543405",20-04-2026
3324,Hyderabad,Banjara Hills,Kitchen Seafood Factory,Andhra,1044,4,1987,326,340344,71,15,Regular Delivery,"H.No. 82, Kade, Raichur-912578",21-05-2026
3325,Chennai,T Nagar,Express Ice Cream Palace,"North Indian, Italian, Chinese",536,4,12121,3168,1698048,53,15,Regular Delivery,"03, Shukla Marg, Pudukkottai-912402",20-08-2025
3326,Mumbai,Dadar,Food Mughlai World,"Biryani, Healthy Food, Seafood",672,4.4,8584,146,98112,47,40,Regular Delivery,"01, Borra Circle, Madurai-316907",18-08-2025
3327,Mumbai,Lower Parel,Royal Desserts Factory,"Desserts, Arabian, South Indian, Pizza",198,4.4,14781,513,101574,59,25,Regular Delivery,"H.No. 264, Malhotra, Kota-527089",18-03-2026
3328,Chennai,T Nagar,Kitchen South Indian World,"Italian, Pizza, Chinese",402,3.6,4517,4015,1614030,41,15,Regular Delivery,"84, Bahri Ganj, Dewas-933833",04-11-2025
3329,Mumbai,Andheri,Street Italian Corner,Seafood,1093,3.4,948,820,896260,49,30,Regular Delivery,"H.No. 183, Varghese Zila, Raiganj-348069",14-07-2025
3330,Hyderabad,Hitech City,Food North Indian Junction,Ice Cream,1039,3.9,9206,2653,2756467,21,20,Swiggy One,"H.No. 56, Setty Zila, Raichur-583721",05-06-2025
3331,Delhi,Rohini,Express Bakery Zone,North Indian,1133,3.8,56,3014,3414862,66,50,Swiggy Genie,"83/139, Dhar Street, Deoghar-128733",06-01-2026
3332,Bangalore,Indiranagar,Food Italian Grill,"Burgers, Healthy Food",1099,4.3,5038,2085,2291415,69,40,Swiggy Genie,"18, Anand Nagar, Pune 804371",06-06-2025
3333,Mumbai,Dadar,Urban Andhra Treats,Mughlai,1020,4.3,13990,653,666060,53,40,Swiggy One,"H.No. 78, Basak Nagar, Khammam-787672",16-02-2026
3334,Hyderabad,Gachibowli,Tandoori North Indian Junction,"Fast Food, Mughlai, Ice Cream, South Indian",411,4.4,6768,4304,1768944,28,25,Swiggy One,"369, Brar, Imphal-195839",02-08-2025
3335,Chennai,Anna Nagar,Street Healthy Food World,"Mughlai, Fast Food, Burgers",182,4.4,3736,2283,415506,45,25,Swiggy Genie,"15, Bahri Ganj, Rajahmundry 575856",06-05-2026
3336,Chennai,OMR,Royal Italian Treats,"Arabian, South Indian, Chinese",468,2.9,8911,704,329472,61,0,Regular Delivery,"70/64, Dey Ganj, Vadodara 541230",17-06-2025
3337,Hyderabad,Hitech City,Express Burgers Zone,"Ice Cream, Italian",138,4.7,12991,233,32154,63,15,Swiggy One,"42, Ganesh Marg, Proddatur 648033",16-03-2026
3338,Hyderabad,Banjara Hills,Biryani Mughlai Zone,"North Indian, Pizza, Seafood",993,4.1,9858,732,726876,22,0,Regular Delivery,"38, Arora Chowk, Nagercoil-578023",26-04-2026
3339,Hyderabad,Gachibowli,Biryani Pizza Palace,"Chinese, Mughlai",149,4.8,14670,3816,568584,27,30,Swiggy One,"56, Lalla Chowk, Jalgaon-566181",25-04-2026
3340,Delhi,Karol Bagh,Express Andhra Point,"Italian, Fast Food",477,3.8,13389,2058,981666,66,20,Swiggy Genie,"H.No. 718, De Path, Tirupati-964707",15-03-2026
3341,Hyderabad,Kukatpally,Royal Ice Cream Palace,"Arabian, Italian, Chinese, North Indian",776,3.7,6246,1515,1175640,25,40,Regular Delivery,"39, Dhaliwal Chowk, Barasat 145441",01-06-2025
3342,Chennai,Anna Nagar,Royal Arabian Point,"Arabian, South Indian, North Indian, Biryani",1117,4.7,11000,3099,3461583,31,40,Swiggy Genie,"37/19, Seshadri, Ambattur-624421",07-11-2025
3343,Hyderabad,Kukatpally,Food Chinese Corner,"Bakery, Healthy Food, Burgers, Pizza",246,3.3,12490,3449,848454,54,25,Swiggy One,"84, Hans Zila, Dhanbad 889870",19-06-2025
3344,Hyderabad,Banjara Hills,Royal Burgers Zone,"Arabian, Seafood, North Indian",354,4.7,11185,1816,642864,33,30,Swiggy One,"14/125, Toor, Nagercoil 312461",22-12-2025
3345,Chennai,Velachery,Express Andhra Hub,"Andhra, Chinese, Healthy Food",1136,4.3,8425,4231,4806416,25,20,Swiggy One,"17/07, Bedi Nagar, Kulti 250091",12-04-2026
3346,Mumbai,Powai,Cafe Ice Cream Hub,Desserts,1068,4.2,10182,231,246708,25,30,Swiggy One,"16/60, Khosla Ganj, Fatehpur 145051",24-05-2026
3347,Delhi,Saket,House Seafood Palace,"South Indian, Mughlai, Burgers",975,4.3,1329,3369,3284775,28,0,Regular Delivery,"H.No. 36, Devi Nagar, Deoghar-905880",10-08-2025
3348,Bangalore,Whitefield,Delight Bakery Grill,Biryani,1050,3.3,7252,2032,2133600,29,30,Swiggy Genie,"271, Sangha Marg, Gulbarga 723277",09-04-2026
3349,Hyderabad,Madhapur,Tandoori Ice Cream Palace,"Ice Cream, Fast Food, Pizza",381,3.9,11321,218,83058,40,25,Swiggy Genie,"03, Bhalla Marg, Arrah 161227",07-05-2026
3350,Delhi,Saket,Biryani South Indian World,"Biryani, Arabian",1136,3.3,14476,1627,1848272,74,30,Regular Delivery,"H.No. 810, Goel Road, Jhansi 560328",05-03-2026
3351,Bangalore,BTM Layout,Cafe Fast Food Corner,"Ice Cream, Seafood",445,4.6,2379,3064,1363480,21,30,Regular Delivery,"46/028, Swaminathan Marg, Alappuzha-715137",01-04-2026
3352,Chennai,T Nagar,Delight Healthy Food Factory,"Pizza, Italian, Ice Cream, Healthy Food",907,4.5,12063,1959,1776813,48,20,Regular Delivery,"13, Comar Marg, Sangli-Miraj & Kupwad 119231",08-02-2026
3353,Hyderabad,Hitech City,Delight Bakery Point,"Fast Food, South Indian, North Indian",1153,3.9,12532,4427,5104331,48,50,Swiggy Genie,"25, Ramachandran Path, Rourkela 420892",03-03-2026
3354,Delhi,Connaught Place,Express Desserts Grill,"Healthy Food, Chinese, Bakery",1032,3.9,248,4674,4823568,63,10,Regular Delivery,"H.No. 601, Lall Zila, Jehanabad-104283",05-02-2026
3355,Delhi,Dwarka,House North Indian World,"Arabian, Fast Food, Mughlai",718,3.5,6923,3169,2275342,30,30,Regular Delivery,"55, Kale Road, Satna 674461",25-06-2025
3356,Mumbai,Andheri,Royal Italian Factory,"Burgers, Desserts",1185,3.7,5427,1162,1376970,23,0,Swiggy Genie,"82/63, Dey Path, Bhiwandi 318240",20-07-2025
3357,Mumbai,Powai,Food South Indian World,"South Indian, Pizza",708,3.2,391,2207,1562556,60,40,Regular Delivery,"H.No. 681, Sunder, Kamarhati 809195",25-12-2025
3358,Chennai,Adyar,Urban Arabian Palace,"Fast Food, Arabian, Chinese, North Indian",670,2.8,7876,4783,3204610,35,10,Swiggy One,"04/401, Kamdar, Maheshtala 472982",07-05-2026
3359,Bangalore,Jayanagar,Royal Burgers Hub,Biryani,521,4.4,8050,3314,1726594,31,10,Regular Delivery,"04, Wable Chowk, Kamarhati-519479",10-03-2026
3360,Chennai,Velachery,Food Andhra Palace,"Chinese, Seafood, Mughlai, Fast Food",1110,2.9,528,2919,3240090,51,20,Swiggy Genie,"H.No. 75, Jayaraman Path, Aligarh-820591",26-05-2025
3361,Mumbai,Powai,Spice Desserts Point,"Bakery, Chinese, Healthy Food, Andhra",514,2.8,134,735,377790,24,40,Regular Delivery,"80/08, Bail Path, Agartala-718348",17-05-2026
3362,Delhi,Saket,Urban South Indian Hub,"Chinese, Burgers",1128,3.4,13277,3172,3578016,67,40,Regular Delivery,"22, Tandon Zila, Kochi-183116",09-08-2025
3363,Chennai,Velachery,Spice Arabian Corner,Mughlai,601,3,8090,1150,691150,28,20,Swiggy One,"41/869, Dada Nagar, Surat-321607",08-06-2025
3364,Mumbai,Powai,Food South Indian Treats,"Healthy Food, South Indian, North Indian",245,3.7,10599,3792,929040,35,50,Regular Delivery,"40/56, Dey Chowk, Faridabad-362559",08-09-2025
3365,Delhi,Rohini,Royal Biryani Hub,"Chinese, Pizza",242,3.8,13260,4206,1017852,58,0,Regular Delivery,"371, Mahal Chowk, Hindupur 940745",22-06-2025
3366,Chennai,Adyar,House Biryani World,Biryani,244,4.3,12623,3888,948672,45,25,Regular Delivery,"87/599, Borah Ganj, Kalyan-Dombivli-426766",07-02-2026
3367,Mumbai,Powai,Kitchen North Indian Junction,"Italian, Mughlai, Burgers",580,3.6,7605,4905,2844900,75,30,Regular Delivery,"10/293, Sani, Ballia-320185",16-09-2025
3368,Chennai,Adyar,Delight Fast Food World,North Indian,698,3.9,14027,1409,983482,45,30,Swiggy Genie,"747, Saxena Path, Kumbakonam 938609",30-05-2025
3369,Bangalore,Jayanagar,Biryani Fast Food Junction,Arabian,661,4.6,456,293,193673,36,15,Swiggy One,"689, Kanda Circle, Phusro-480875",08-02-2026
3370,Bangalore,BTM Layout,Food Italian Factory,Pizza,811,3.3,5738,2460,1995060,32,40,Regular Delivery,"741, Balay Ganj, Rajkot 647300",07-07-2025
3371,Bangalore,Whitefield,Royal Biryani World,"Pizza, Burgers",408,4.5,10448,1656,675648,32,0,Swiggy One,"H.No. 26, Behl, Gandhinagar-833724",14-07-2025
3372,Delhi,Saket,Urban Mughlai Junction,Healthy Food,628,4.6,8964,2195,1378460,69,0,Regular Delivery,"270, Karan Circle, Sangli-Miraj & Kupwad 577396",02-02-2026
3373,Bangalore,Jayanagar,Biryani North Indian Palace,"Chinese, South Indian, Healthy Food, Mughlai",743,4.3,3845,2689,1997927,23,40,Regular Delivery,"H.No. 084, Bakshi Street, Dindigul 065367",18-06-2025
3374,Mumbai,Dadar,Urban Italian Point,"Chinese, South Indian",948,3.9,62,3798,3600504,56,10,Swiggy One,"14/048, Venkataraman Road, Phagwara-583957",25-01-2026
3375,Mumbai,Bandra,Urban Andhra World,"Pizza, South Indian, Burgers",533,4.5,7449,182,97006,27,10,Swiggy One,"241, Gandhi Nagar, Ramgarh-689793",09-06-2025
3376,Bangalore,Whitefield,Street Biryani Palace,"Andhra, Pizza, Fast Food, Bakery",1088,4.7,5783,3583,3898304,75,25,Regular Delivery,"73, Iyengar Marg, Cuttack 812930",28-05-2025
3377,Delhi,Karol Bagh,Urban Seafood Corner,"Italian, Pizza",770,3.8,6273,4031,3103870,54,50,Swiggy Genie,"83/984, Dayal Path, Kharagpur-486019",05-05-2026
3378,Delhi,Karol Bagh,House Mughlai Hub,Mughlai,579,4.3,10995,4015,2324685,61,20,Regular Delivery,"818, Barad Path, Mangalore-892394",06-09-2025
3379,Bangalore,BTM Layout,Biryani South Indian World,"North Indian, Italian, Arabian",277,3.5,12626,1902,526854,26,40,Swiggy Genie,"H.No. 671, Dhingra Ganj, Sangli-Miraj & Kupwad 498592",28-10-2025
3380,Hyderabad,Madhapur,Urban Seafood Grill,"Healthy Food, Italian, Desserts",977,3,1548,1963,1917851,43,30,Swiggy Genie,"H.No. 37, Sastry Ganj, Nagaon-099737",15-08-2025
3381,Delhi,Karol Bagh,Urban North Indian Treats,Mughlai,499,3.9,12566,2708,1351292,52,10,Regular Delivery,"866, Deo Road, Katni-111973",09-06-2025
3382,Mumbai,Dadar,Spice South Indian Factory,Fast Food,291,4.1,3580,2325,676575,36,20,Regular Delivery,"H.No. 92, Chhabra Path, Raebareli 443081",05-11-2025
3383,Hyderabad,Banjara Hills,Express South Indian Zone,"Seafood, Fast Food",1141,3.7,10355,2409,2748669,68,20,Swiggy One,"42/87, Bhargava Circle, Kharagpur-225343",21-02-2026
3384,Hyderabad,Kukatpally,Kitchen Mughlai Corner,"Biryani, Bakery, Fast Food",313,4.5,8090,2057,643841,67,25,Swiggy Genie,"H.No. 99, Aurora Path, Tiruppur 304488",17-04-2026
3385,Delhi,Dwarka,Delight Fast Food Corner,"Healthy Food, Pizza, Chinese",920,3.9,11999,278,255760,39,50,Regular Delivery,"63/84, Bobal Street, Proddatur-308090",01-12-2025
3386,Hyderabad,Hitech City,Urban South Indian Zone,"Biryani, Fast Food, Seafood",759,3.5,8671,3173,2408307,70,15,Swiggy Genie,"59/735, Shan, Jaipur-931624",01-12-2025
3387,Mumbai,Dadar,Urban Seafood Zone,"Desserts, South Indian",316,3.1,12641,3302,1043432,73,50,Swiggy One,"95/60, Dash, Uluberia 205919",28-11-2025
3388,Hyderabad,Kukatpally,Royal Italian Palace,Ice Cream,655,4.7,7711,1571,1029005,47,30,Swiggy Genie,"149, Bassi Road, Dehradun 661374",15-10-2025
3389,Chennai,Adyar,Delight Burgers Point,"Seafood, Mughlai, South Indian, Fast Food",1096,3.6,7609,3123,3422808,26,20,Regular Delivery,"H.No. 95, Bhandari Zila, Raipur-866038",07-08-2025
3390,Hyderabad,Hitech City,Kitchen North Indian Factory,"Seafood, Pizza, Healthy Food",134,4.1,5857,2208,295872,71,50,Regular Delivery,"47, Shan, Vasai-Virar 892447",16-10-2025
3391,Chennai,OMR,Food Andhra Palace,Healthy Food,1061,3.9,1934,1054,1118294,34,20,Swiggy Genie,"35/40, Badami, Udaipur 951239",16-08-2025
3392,Mumbai,Dadar,Express Desserts Junction,Healthy Food,837,4.1,8908,2178,1822986,31,15,Swiggy One,"63, Ramaswamy Path, Eluru-901601",07-08-2025
3393,Hyderabad,Kukatpally,Spice Fast Food Factory,Mughlai,628,3.4,8032,2631,1652268,47,30,Swiggy One,"H.No. 158, Gole Zila, Jalna-367254",09-05-2026
3394,Bangalore,Koramangala,House Biryani Hub,Biryani,324,3.4,12761,4734,1533816,49,20,Regular Delivery,"02/779, Shanker, Kalyan-Dombivli 720607",01-04-2026
3395,Bangalore,Indiranagar,Street Arabian Zone,"Seafood, Ice Cream",136,4.2,2256,681,92616,49,50,Swiggy Genie,"64/03, Varughese Nagar, Bhalswa Jahangir Pur 007105",13-06-2025
3396,Mumbai,Dadar,Food Seafood Junction,Seafood,129,4.5,1624,2388,308052,63,50,Swiggy One,"H.No. 480, Chand Ganj, Sikar 216365",21-10-2025
3397,Mumbai,Lower Parel,Spice Fast Food Hub,"North Indian, Italian, Ice Cream",447,3.1,10457,2221,992787,22,40,Swiggy Genie,"H.No. 57, Chokshi, Ramgarh-988956",10-04-2026
3398,Delhi,Rohini,Spice Pizza Grill,"Seafood, Ice Cream, Bakery, Pizza",621,3.8,4175,3487,2165427,40,15,Regular Delivery,"585, Sama Chowk, Nadiad 677083",11-08-2025
3399,Chennai,OMR,Tandoori Mughlai Factory,"Pizza, Ice Cream, North Indian, Chinese",979,3.2,6833,4621,4523959,22,0,Swiggy Genie,"40, Rana Chowk, Khammam 979051",28-03-2026
3400,Chennai,OMR,Express North Indian Hub,Biryani,626,2.8,5492,4487,2808862,32,50,Swiggy Genie,"H.No. 15, Mandal Road, Tiruchirappalli 299839",25-04-2026
3401,Delhi,Dwarka,House Pizza Hub,"Burgers, Mughlai, Bakery, Seafood",510,2.8,1205,3554,1812540,23,10,Regular Delivery,"H.No. 180, Dutt Street, Kalyan-Dombivli 448071",19-11-2025
3402,Hyderabad,Gachibowli,House Mughlai Corner,"Italian, Fast Food",351,3.6,1182,4818,1691118,42,10,Regular Delivery,"H.No. 014, Chaudhuri Road, Kirari Suleman Nagar-017952",08-10-2025
3403,Bangalore,Whitefield,Kitchen Pizza Grill,Pizza,461,4.5,11429,1347,620967,58,25,Regular Delivery,"56, Kala, Amravati 921495",17-04-2026
3404,Delhi,Dwarka,Tandoori Arabian Grill,"Seafood, Ice Cream",463,4.3,6447,2286,1058418,32,50,Regular Delivery,"083, Varghese Street, Karawal Nagar-949675",19-02-2026
3405,Chennai,T Nagar,Delight Pizza Junction,South Indian,611,3.6,13962,3811,2328521,53,30,Swiggy Genie,"465, Kakar Nagar, Rohtak 168886",06-09-2025
3406,Delhi,Saket,House Biryani Treats,"Mughlai, Seafood, Biryani",287,4.2,488,4627,1327949,42,30,Swiggy One,"948, Kothari Road, Delhi-904405",28-04-2026
3407,Chennai,Velachery,Delight Andhra Point,Pizza,676,4.3,9904,2518,1702168,62,0,Swiggy Genie,"072, Dayal, Guna-273339",31-01-2026
3408,Mumbai,Dadar,Urban Italian Grill,"Burgers, Seafood, North Indian",1160,4.1,12020,2331,2703960,64,10,Swiggy One,"26, Virk Zila, Avadi 927799",09-04-2026
3409,Chennai,OMR,Express Biryani World,Chinese,451,3.9,5574,4471,2016421,70,25,Regular Delivery,"H.No. 820, Saraf Zila, Bhopal 423429",20-09-2025
3410,Mumbai,Powai,Delight Burgers Treats,"South Indian, Andhra, North Indian",496,4,12827,2919,1447824,53,40,Regular Delivery,"820, Kapur Street, Srikakulam 711651",20-11-2025
3411,Delhi,Connaught Place,Express North Indian Factory,"Burgers, North Indian, Andhra, Italian",1055,4.5,1366,2416,2548880,56,50,Swiggy Genie,"24/293, Yohannan Road, Nangloi Jat 218181",07-04-2026
3412,Chennai,Adyar,Urban Seafood Factory,"Pizza, Seafood, Arabian",885,4.6,6958,4562,4037370,52,0,Swiggy One,"H.No. 593, Sami Path, Burhanpur-544058",10-02-2026
3413,Mumbai,Lower Parel,Royal Seafood Zone,North Indian,347,3.1,3508,2318,804346,44,15,Regular Delivery,"H.No. 256, Butala Road, Jabalpur-634510",26-09-2025
3414,Hyderabad,Kukatpally,Spice Pizza Factory,"Healthy Food, Seafood, North Indian",357,4,701,1218,434826,45,50,Swiggy One,"34, Balakrishnan Road, Jaunpur 346484",26-05-2025
3415,Chennai,Adyar,Kitchen Healthy Food Corner,Bakery,708,3.9,7986,3244,2296752,38,50,Swiggy Genie,"366, Ahluwalia Road, Dhule-621268",04-10-2025
3416,Bangalore,Jayanagar,Urban North Indian Grill,"Seafood, Desserts",313,4.6,11098,3500,1095500,23,0,Swiggy Genie,"22, Goswami Street, Latur-741607",14-11-2025
3417,Chennai,Adyar,Street Pizza Hub,"Chinese, Ice Cream, North Indian",435,3.1,302,2900,1261500,40,50,Swiggy One,"111, Mammen Road, Ambala-157551",21-01-2026
3418,Hyderabad,Gachibowli,Food Bakery World,"Burgers, Italian, Ice Cream, Desserts",857,4.3,5735,4249,3641393,28,30,Swiggy One,"716, Lad Street, Nangloi Jat-979001",13-05-2026
3419,Delhi,Karol Bagh,Food Ice Cream Zone,"Bakery, North Indian, Healthy Food, Fast Food",1096,3.9,10828,4259,4667864,45,25,Swiggy One,"493, Bhatnagar Zila, Pali 937665",07-12-2025
3420,Bangalore,Indiranagar,Spice Burgers Factory,South Indian,841,3.3,10553,2122,1784602,36,30,Swiggy Genie,"09, Gala Marg, Tinsukia-356843",03-07-2025
3421,Chennai,Adyar,House Arabian Palace,"Pizza, Arabian, Healthy Food",1052,2.8,13456,3126,3288552,27,25,Swiggy Genie,"097, Datta Circle, Dehri-601337",09-03-2026
3422,Chennai,Adyar,Spice Andhra Grill,"Fast Food, Desserts",805,4.2,14021,4917,3958185,24,10,Swiggy One,"H.No. 59, Ram Nagar, Nadiad-614893",13-05-2026
3423,Bangalore,Indiranagar,Biryani Ice Cream Corner,"Bakery, Seafood, Arabian, Burgers",484,4,1740,2096,1014464,62,20,Regular Delivery,"H.No. 98, Mahal Nagar, Farrukhabad-295928",01-07-2025
3424,Hyderabad,Kukatpally,Kitchen Chinese Point,Italian,1184,2.8,1818,3696,4376064,65,40,Regular Delivery,"92, Chopra Chowk, Ambala-130011",07-03-2026
3425,Mumbai,Powai,Street North Indian Grill,"Mughlai, North Indian",1184,3.5,2593,2195,2598880,48,10,Swiggy Genie,"05/273, Wali Street, Aizawl-373489",23-12-2025
3426,Mumbai,Lower Parel,Tandoori Arabian World,"Healthy Food, Pizza, Arabian",919,4.3,8516,4222,3880018,54,20,Swiggy One,"99/128, Bal Chowk, Malegaon 701557",21-01-2026
3427,Bangalore,Whitefield,Kitchen Mughlai Palace,Healthy Food,767,3.9,963,1628,1248676,54,25,Swiggy Genie,"59/08, Hegde Marg, Tezpur-730335",06-02-2026
3428,Delhi,Dwarka,Cafe Italian Grill,"Burgers, Bakery, South Indian",194,4.1,503,1666,323204,75,30,Regular Delivery,"34/018, Koshy Ganj, Bijapur 606639",01-04-2026
3429,Bangalore,Indiranagar,Kitchen Arabian Hub,"North Indian, Burgers, Italian, Bakery",406,4.7,13153,2832,1149792,54,25,Regular Delivery,"H.No. 70, Dayal Nagar, Allahabad 435676",17-12-2025
3430,Chennai,OMR,Delight Biryani Corner,"Andhra, Arabian, Burgers, Healthy Food",971,3.9,3771,4326,4200546,22,50,Swiggy Genie,"H.No. 210, Khanna Chowk, Ulhasnagar 723244",06-05-2026
3431,Mumbai,Bandra,Biryani Arabian Point,Desserts,470,4.3,12582,2765,1299550,67,25,Regular Delivery,"69/38, Basak, Mirzapur 193617",27-01-2026
3432,Hyderabad,Gachibowli,Express South Indian Corner,"Bakery, Healthy Food",711,3.5,13758,912,648432,51,10,Swiggy One,"H.No. 45, Talwar Nagar, Tadipatri-271090",14-04-2026
3433,Hyderabad,Banjara Hills,Street Pizza Zone,"Fast Food, Burgers, South Indian",963,3.2,8173,1340,1290420,64,0,Swiggy Genie,"08, Shah Marg, Bhavnagar-225970",22-04-2026
3434,Bangalore,Whitefield,Cafe Chinese Hub,"South Indian, Chinese, Ice Cream",898,2.8,10393,3257,2924786,74,50,Swiggy Genie,"21/431, Lad Street, Kadapa 540968",16-11-2025
3435,Chennai,T Nagar,House Andhra Hub,"Fast Food, Pizza",491,4.2,14575,1784,875944,67,40,Swiggy Genie,"H.No. 150, Goyal Marg, Gulbarga 238856",06-11-2025
3436,Chennai,Adyar,House Burgers Grill,"Chinese, Bakery, Fast Food",1134,2.9,2852,855,969570,41,15,Swiggy One,"55/053, Shanker Chowk, Arrah-226872",15-06-2025
3437,Bangalore,Koramangala,Royal Healthy Food Corner,"Bakery, Andhra",525,4.2,8362,2236,1173900,43,0,Regular Delivery,"599, Dhawan Ganj, Morena-996435",22-03-2026
3438,Chennai,OMR,House Pizza Junction,"Burgers, Fast Food, North Indian",803,3.4,7760,2181,1751343,29,15,Swiggy Genie,"88/686, Shenoy, Sambhal-062611",02-08-2025
3439,Chennai,T Nagar,Food Chinese Point,"South Indian, Mughlai",582,4.1,119,4428,2577096,37,30,Regular Delivery,"01, Gour, Dindigul-555668",25-02-2026
3440,Hyderabad,Banjara Hills,Spice Healthy Food Hub,"Burgers, Biryani, Pizza",886,3.7,13070,1873,1659478,62,20,Swiggy One,"387, Sibal Ganj, Patiala-525599",17-07-2025
3441,Chennai,T Nagar,Express Chinese Zone,"Desserts, Ice Cream, Burgers, Arabian",435,4,14516,2513,1093155,33,50,Regular Delivery,"H.No. 469, Mander Chowk, Mysore 319671",01-02-2026
3442,Mumbai,Lower Parel,Biryani Bakery World,South Indian,547,4.5,13827,3855,2108685,32,0,Regular Delivery,"371, Kumer Street, Jaipur 546857",09-02-2026
3443,Hyderabad,Banjara Hills,Spice Arabian Palace,"North Indian, Arabian, Seafood, Pizza",1053,4.7,6116,3807,4008771,21,10,Swiggy One,"H.No. 06, Sethi Nagar, Bikaner-095336",07-10-2025
3444,Bangalore,Koramangala,Express South Indian Treats,"Mughlai, Burgers, Healthy Food, Italian",781,3.9,6552,1170,913770,75,50,Swiggy Genie,"02, Deol Chowk, Mathura 501179",03-07-2025
3445,Hyderabad,Gachibowli,Tandoori North Indian Hub,"Burgers, North Indian, Pizza",937,3.3,1099,384,359808,56,10,Swiggy One,"93/87, Aurora Street, Karimnagar 507460",19-01-2026
3446,Delhi,Dwarka,Food Desserts Factory,Desserts,280,4.4,13107,2547,713160,71,10,Regular Delivery,"29/02, Ratti, Madhyamgram-902921",22-08-2025
3447,Hyderabad,Madhapur,Urban Pizza Junction,"Mughlai, South Indian",443,4,11180,2288,1013584,74,10,Swiggy Genie,"50, Wadhwa Chowk, Jaipur-602067",12-09-2025
3448,Hyderabad,Kukatpally,Street Pizza Corner,"Arabian, Chinese, Italian",708,3.3,2485,536,379488,34,15,Swiggy Genie,"56/347, Master Street, Motihari-871104",28-06-2025
3449,Bangalore,BTM Layout,Express Burgers Zone,"Pizza, Desserts",449,3.4,3913,4880,2191120,41,0,Swiggy One,"H.No. 046, Suresh Ganj, Gaya 942701",03-09-2025
3450,Delhi,Connaught Place,Urban Seafood Treats,"Seafood, Biryani",358,4.1,7991,4900,1754200,46,15,Swiggy One,"95, Krishna Ganj, Hyderabad 177914",18-03-2026
3451,Delhi,Karol Bagh,Spice Italian World,"Healthy Food, Mughlai, Fast Food, Pizza",863,3.3,1182,4600,3969800,37,0,Swiggy Genie,"92, Doctor Zila, Tiruppur 697484",30-08-2025
3452,Bangalore,Whitefield,Food Desserts Junction,South Indian,891,2.9,7998,2819,2511729,32,10,Swiggy One,"H.No. 99, Dugar Street, Bhiwandi-857115",11-04-2026
3453,Mumbai,Bandra,Tandoori Andhra Corner,"Chinese, Desserts, Bakery, Mughlai",418,3.4,13348,3770,1575860,58,50,Swiggy One,"H.No. 12, Khurana Street, Tirupati-482965",25-07-2025
3454,Hyderabad,Hitech City,Express Pizza Point,"Arabian, Biryani",692,3.7,9782,1604,1109968,30,15,Swiggy Genie,"955, Edwin Zila, Jehanabad 674686",15-09-2025
3455,Delhi,Saket,Express Seafood Corner,"Chinese, Biryani",454,3.3,9903,1264,573856,21,40,Swiggy One,"H.No. 674, Ramanathan Chowk, Madhyamgram-196982",18-12-2025
3456,Bangalore,Jayanagar,House Biryani Palace,"South Indian, Italian, Bakery",732,3,5153,1599,1170468,41,15,Regular Delivery,"93, Bumb Nagar, Sri Ganganagar 934982",14-04-2026
3457,Hyderabad,Kukatpally,Spice Desserts Grill,"Mughlai, Desserts, Seafood",584,4.7,11475,363,211992,61,30,Swiggy One,"45, Ranganathan, Vadodara-380635",29-09-2025
3458,Mumbai,Bandra,Kitchen Ice Cream Point,"Fast Food, Seafood",841,4.7,14124,1777,1494457,41,20,Regular Delivery,"05/056, Srinivas, Nellore 119475",21-01-2026
3459,Delhi,Dwarka,Delight North Indian Factory,"Chinese, Bakery, Mughlai",616,4.4,9541,2867,1766072,60,25,Regular Delivery,"12/39, Choudhry Circle, Patiala 347883",31-12-2025
3460,Mumbai,Powai,Urban Bakery World,"South Indian, Ice Cream, Bakery",384,3.3,12191,194,74496,64,20,Swiggy Genie,"442, Biswas Zila, Rajahmundry 885497",04-07-2025
3461,Mumbai,Andheri,Street Arabian Treats,"Chinese, Ice Cream, Fast Food, Arabian",1054,3.4,11831,1457,1535678,60,30,Regular Delivery,"43/096, Thakkar Nagar, Rajpur Sonarpur-232596",15-12-2025
3462,Delhi,Connaught Place,House Mughlai Factory,"Desserts, Bakery, Burgers",204,4,12683,1221,249084,44,15,Swiggy One,"H.No. 35, Ranganathan Chowk, Bidar-153817",13-03-2026
3463,Bangalore,Indiranagar,Biryani Ice Cream Point,"Pizza, Seafood, Italian",346,4.4,1067,2988,1033848,68,30,Regular Delivery,"H.No. 108, Garde Zila, Eluru 404946",18-11-2025
3464,Mumbai,Bandra,House Andhra World,"Chinese, Healthy Food, Fast Food",981,4.7,8363,484,474804,21,25,Regular Delivery,"915, Bhatt Path, Jamnagar-949830",03-04-2026
3465,Chennai,OMR,Tandoori Andhra Palace,"Arabian, Desserts, North Indian, Biryani",469,4.6,13851,1706,800114,69,30,Regular Delivery,"H.No. 05, Singh Zila, Bettiah 169265",10-12-2025
3466,Hyderabad,Madhapur,Cafe Desserts Corner,"Seafood, Pizza, Andhra, Bakery",955,4.1,4882,560,534800,34,25,Regular Delivery,"09/412, Karpe Path, Jhansi 583044",16-09-2025
3467,Hyderabad,Banjara Hills,Urban Ice Cream Junction,Bakery,365,2.9,1114,4450,1624250,41,40,Swiggy Genie,"274, Bahri, Belgaum-874861",22-12-2025
3468,Bangalore,Jayanagar,Cafe Burgers Corner,"Desserts, Bakery, South Indian",864,3.1,14138,2338,2020032,69,40,Regular Delivery,"01/724, Iyer Street, Ongole-073076",12-04-2026
3469,Mumbai,Powai,House Mughlai Palace,"Italian, North Indian, Fast Food, Desserts",697,3.1,6826,383,266951,60,20,Swiggy One,"88/72, Chadha Street, Asansol-871187",16-11-2025
3470,Bangalore,Whitefield,Cafe Chinese Hub,South Indian,343,3.1,13801,3126,1072218,38,0,Swiggy One,"H.No. 11, Kannan Chowk, Davanagere-420149",10-12-2025
3471,Delhi,Karol Bagh,Cafe Healthy Food Palace,"Biryani, South Indian",160,2.9,4247,527,84320,57,10,Regular Delivery,"H.No. 44, Savant Street, Shivpuri 511131",02-01-2026
3472,Bangalore,Whitefield,Royal Arabian Grill,"Fast Food, Bakery",474,4.9,4690,213,100962,56,20,Regular Delivery,"65/370, Bir, Mau 828245",30-08-2025
3473,Mumbai,Powai,Royal Pizza Point,Ice Cream,240,3.8,11047,1775,426000,74,25,Swiggy Genie,"17, Yohannan Chowk, Bally-745250",01-10-2025
3474,Bangalore,Koramangala,Biryani Italian Zone,"North Indian, Biryani, South Indian",768,2.9,6853,3724,2860032,20,40,Swiggy One,"30, Sathe Zila, Pune-850487",18-10-2025
3475,Bangalore,Koramangala,Express Desserts Factory,Ice Cream,267,3.5,394,1066,284622,56,30,Swiggy One,"H.No. 541, Ghosh Path, Solapur-181468",18-03-2026
3476,Hyderabad,Banjara Hills,Biryani Desserts Zone,"South Indian, Seafood, Chinese, Healthy Food",915,3,5537,729,667035,27,10,Regular Delivery,"53/796, Badami Marg, Kolkata 179076",15-08-2025
3477,Mumbai,Bandra,Biryani Fast Food Palace,"Biryani, Pizza, Healthy Food, Mughlai",349,2.9,1770,2747,958703,61,40,Swiggy Genie,"304, Tripathi Chowk, Gaya-482766",22-11-2025
3478,Chennai,Adyar,Tandoori Biryani Hub,"Seafood, Burgers",1137,3.2,14741,1272,1446264,24,15,Swiggy Genie,"50, Rajagopalan Street, Vijayanagaram-172879",12-08-2025
3479,Mumbai,Bandra,Street Seafood Corner,"South Indian, Ice Cream, Seafood",735,4.7,9041,362,266070,53,40,Regular Delivery,"H.No. 244, Chacko Marg, Phagwara 876546",01-10-2025
3480,Delhi,Dwarka,Tandoori Desserts Treats,"Seafood, Mughlai",199,3,294,689,137111,57,20,Regular Delivery,"70/100, Divan, Vijayawada-232990",15-04-2026
3481,Bangalore,Koramangala,Delight Biryani Corner,North Indian,1045,4.8,1862,1593,1664685,70,15,Regular Delivery,"863, Cherian Ganj, Ghaziabad-562043",05-08-2025
3482,Delhi,Dwarka,Delight Ice Cream Grill,"Chinese, Burgers, Bakery",427,4.5,4386,2520,1076040,60,20,Regular Delivery,"H.No. 10, Sachdeva Road, Alappuzha-551867",08-06-2025
3483,Chennai,Anna Nagar,Street Burgers World,"Mughlai, Fast Food",617,3.9,11679,3662,2259454,47,40,Swiggy One,"H.No. 712, Comar Ganj, Rourkela-197547",08-04-2026
3484,Delhi,Connaught Place,Biryani Chinese Corner,South Indian,397,4.3,7723,1628,646316,29,25,Swiggy Genie,"94/969, Ganesh Ganj, Jammu 990153",05-07-2025
3485,Mumbai,Dadar,House Mughlai World,"Healthy Food, Arabian, Ice Cream, Biryani",1059,3.9,239,4263,4514517,51,0,Regular Delivery,"08, Sengupta Road, Avadi 490012",12-02-2026
3486,Hyderabad,Kukatpally,House Bakery Point,Desserts,568,3.2,12534,3802,2159536,26,30,Regular Delivery,"83, Mani Street, Hindupur-772712",21-12-2025
3487,Hyderabad,Madhapur,Food Mughlai Point,"Desserts, Mughlai",913,4.2,314,1317,1202421,25,50,Regular Delivery,"H.No. 47, Thakur Path, Bhind 033660",05-02-2026
3488,Chennai,Anna Nagar,Food South Indian Zone,"Mughlai, Seafood",977,4.8,6984,796,777692,69,10,Swiggy Genie,"333, Dugar Zila, Navi Mumbai-793969",25-06-2025
3489,Delhi,Karol Bagh,Delight North Indian Grill,Desserts,489,4.2,11053,4040,1975560,50,40,Swiggy Genie,"06/469, Karan Marg, Dhule-055750",05-02-2026
3490,Mumbai,Andheri,Tandoori Bakery Hub,"Desserts, Italian, Mughlai, Biryani",921,3.6,6675,3587,3303627,61,50,Swiggy Genie,"45/997, Bhakta Zila, Muzaffarnagar-538931",07-03-2026
3491,Chennai,T Nagar,House South Indian Factory,North Indian,219,4.2,923,432,94608,55,20,Swiggy One,"041, Sahota Zila, Haldia 050035",22-01-2026
3492,Delhi,Saket,Delight South Indian Factory,"South Indian, Bakery, Italian",879,4.7,4883,4872,4282488,39,10,Regular Delivery,"H.No. 567, Sandal Road, Ambarnath 601555",17-02-2026
3493,Chennai,Anna Nagar,Food Chinese Treats,"Ice Cream, Biryani",218,3.6,11505,3686,803548,31,0,Swiggy One,"H.No. 768, Sheth Chowk, Chinsurah-425673",26-08-2025
3494,Bangalore,Jayanagar,Cafe Arabian Grill,Biryani,551,3.7,8600,2021,1113571,36,0,Swiggy Genie,"21, Badami Circle, Kishanganj 179990",15-10-2025
3495,Bangalore,Whitefield,Royal Biryani World,"Ice Cream, Arabian, Andhra, Bakery",1011,3.7,6134,2366,2392026,21,0,Swiggy Genie,"H.No. 34, Tara Road, Danapur-769094",01-05-2026
3496,Mumbai,Powai,Kitchen Bakery Corner,"Biryani, Burgers",483,4.1,909,4658,2249814,65,20,Swiggy One,"088, Chauhan Chowk, Jamshedpur 375271",17-04-2026
3497,Bangalore,Indiranagar,Food Healthy Food Palace,Fast Food,999,3.7,5949,3088,3084912,45,50,Swiggy Genie,"67/278, Soni Path, Bidhannagar 360427",18-09-2025
3498,Chennai,Anna Nagar,Cafe Healthy Food Palace,"Desserts, Pizza, Seafood",533,4.1,2288,4324,2304692,51,0,Swiggy Genie,"H.No. 660, Sule Road, Katihar 794482",05-12-2025
3499,Hyderabad,Madhapur,Spice Fast Food World,"South Indian, Mughlai, Andhra, Bakery",302,4.6,1945,1253,378406,20,20,Swiggy Genie,"33/07, Sankar Zila, Anand 713874",12-02-2026
3500,Delhi,Saket,Royal Mughlai Hub,"Ice Cream, Italian",170,4,5743,1012,172040,51,30,Swiggy One,"H.No. 28, Wable Street, Jodhpur-393155",16-11-2025
3501,Mumbai,Andheri,Food Ice Cream Palace,Healthy Food,664,4.7,836,4913,3262232,37,20,Swiggy One,"80/090, Walia Ganj, Varanasi 604521",27-03-2026
3502,Mumbai,Andheri,Kitchen Italian Corner,"Pizza, Chinese, Bakery, Italian",1003,3,5628,1467,1471401,37,0,Regular Delivery,"26/799, Gopal Zila, Aligarh-889119",14-02-2026
3503,Mumbai,Andheri,Food Bakery Factory,"Arabian, Andhra",411,4.7,11638,3218,1322598,53,30,Regular Delivery,"H.No. 530, Lad Path, Begusarai-830639",30-07-2025
3504,Delhi,Dwarka,House Italian Palace,"Fast Food, Andhra, Biryani",841,3.2,9986,1523,1280843,24,0,Swiggy Genie,"H.No. 57, Ravi Nagar, Etawah-408813",10-07-2025
3505,Delhi,Karol Bagh,Street Arabian Palace,"Andhra, South Indian, Mughlai, Seafood",578,4.3,13930,1979,1143862,34,50,Swiggy One,"76, Raman Circle, Rajahmundry-878476",18-12-2025
3506,Bangalore,Jayanagar,Kitchen Seafood Junction,Seafood,1078,4.1,7304,937,1010086,45,20,Regular Delivery,"47/67, Bora Path, Erode 041385",01-07-2025
3507,Hyderabad,Kukatpally,Urban Arabian Grill,"North Indian, Healthy Food",459,4.1,8851,1366,626994,70,30,Swiggy Genie,"99, Manne Chowk, Bihar Sharif 969285",09-05-2026
3508,Chennai,Adyar,Royal Burgers Point,Seafood,993,3.8,12094,442,438906,20,40,Swiggy Genie,"H.No. 774, Jayaraman Nagar, Muzaffarnagar-965447",28-06-2025
3509,Bangalore,Whitefield,Express Burgers Palace,"Seafood, Ice Cream, Arabian, Desserts",385,4.3,13935,4604,1772540,46,30,Swiggy Genie,"H.No. 325, Yohannan Circle, Rohtak-699961",18-06-2025
3510,Delhi,Saket,Spice Arabian Palace,"Ice Cream, Bakery, Seafood",809,2.8,3860,1666,1347794,56,40,Regular Delivery,"H.No. 61, Sanghvi Zila, Solapur 628793",07-11-2025
3511,Hyderabad,Kukatpally,Express Biryani Palace,"Mughlai, Arabian, Healthy Food, North Indian",722,4.1,6461,3393,2449746,22,15,Swiggy One,"687, Dara Ganj, Karnal-946416",20-06-2025
3512,Hyderabad,Gachibowli,House Fast Food Hub,"Chinese, Burgers",1101,2.8,14665,427,470127,58,10,Swiggy One,"H.No. 197, Bir Street, Rajkot-254870",02-04-2026
3513,Delhi,Dwarka,Express Desserts Junction,"North Indian, South Indian, Burgers, Healthy Food",687,4.5,1204,2140,1470180,31,15,Swiggy One,"H.No. 897, Mane, Tadepalligudem-695567",16-04-2026
3514,Chennai,Anna Nagar,Kitchen Biryani Palace,"Fast Food, Mughlai",1126,4.4,11657,2947,3318322,39,15,Swiggy Genie,"H.No. 791, Sachdeva Street, Katihar 254609",05-02-2026
3515,Mumbai,Powai,Tandoori Bakery Hub,"Pizza, North Indian",233,3.7,7059,2807,654031,48,50,Swiggy One,"24, Doshi Zila, Davanagere 961058",15-05-2026
3516,Bangalore,BTM Layout,Kitchen Mughlai Hub,"Fast Food, Bakery, Burgers",570,3.6,7461,3267,1862190,33,20,Swiggy Genie,"66/035, Agate Zila, Vijayanagaram-568615",08-05-2026
3517,Chennai,Velachery,Biryani Chinese Treats,"Healthy Food, Pizza, South Indian",578,3.1,5227,607,350846,47,40,Regular Delivery,"H.No. 811, Sabharwal Ganj, Asansol 641720",14-09-2025
3518,Chennai,OMR,Tandoori Andhra Palace,"Ice Cream, Seafood",820,3,8692,3042,2494440,30,50,Regular Delivery,"566, Ravi Circle, Nanded 916398",12-12-2025
3519,Mumbai,Dadar,Food Chinese Palace,"South Indian, Mughlai",920,2.9,8120,784,721280,62,25,Regular Delivery,"H.No. 06, Banik Chowk, Chandrapur 393894",11-09-2025
3520,Mumbai,Powai,Spice Pizza Factory,South Indian,964,4.2,12994,4999,4819036,32,30,Regular Delivery,"H.No. 332, Shankar Street, Ramagundam-177459",06-03-2026
3521,Mumbai,Bandra,Kitchen Healthy Food World,"Desserts, Seafood, Mughlai, Ice Cream",903,3.5,52,2518,2273754,28,20,Swiggy One,"H.No. 211, Babu Road, Amaravati-716717",18-10-2025
3522,Bangalore,Koramangala,Kitchen Ice Cream Hub,"Biryani, Italian, Healthy Food",381,3.9,12859,2996,1141476,30,40,Regular Delivery,"24, Cheema Marg, Naihati 748010",03-07-2025
3523,Mumbai,Powai,House Mughlai World,"Desserts, Italian",861,3.6,7492,2873,2473653,43,25,Regular Delivery,"017, Ratta Chowk, Sikar 895923",10-05-2026
3524,Chennai,Anna Nagar,House Desserts Grill,"Arabian, Healthy Food",1039,3.6,5915,3351,3481689,41,20,Regular Delivery,"04, Varma Street, Mangalore 016100",27-12-2025
3525,Chennai,Velachery,Delight Ice Cream World,"South Indian, Andhra",188,3.5,14557,3338,627544,36,50,Swiggy One,"49/184, Sant Nagar, Moradabad 651294",20-08-2025
3526,Delhi,Saket,Express Italian Treats,Chinese,456,4.6,1072,4269,1946664,37,20,Regular Delivery,"262, Gandhi Circle, Mehsana 806186",28-09-2025
3527,Chennai,Velachery,Cafe Desserts Palace,"Chinese, Andhra, Burgers, Mughlai",665,3.3,2203,2046,1360590,72,50,Regular Delivery,"H.No. 063, Sekhon Path, Gangtok 724664",07-07-2025
3528,Chennai,T Nagar,Spice Pizza Grill,"Burgers, Mughlai, Pizza",651,4.5,8825,2550,1660050,68,0,Regular Delivery,"H.No. 91, Kibe Nagar, Karimnagar-820143",20-07-2025
3529,Mumbai,Lower Parel,Food Fast Food Palace,"South Indian, Ice Cream, Bakery, Desserts",476,3.8,5085,928,441728,48,50,Swiggy Genie,"H.No. 862, Datta Circle, Begusarai-280525",27-03-2026
3530,Chennai,Adyar,Royal Seafood Treats,"Fast Food, Desserts, Mughlai, Ice Cream",371,4.6,6663,4084,1515164,30,10,Swiggy Genie,"631, Sengupta Chowk, Jammu-322033",07-10-2025
3531,Mumbai,Dadar,Cafe Healthy Food Junction,Desserts,249,3.4,11497,697,173553,60,20,Regular Delivery,"H.No. 70, Bhakta Nagar, Pune 348947",17-06-2025
3532,Bangalore,Whitefield,Royal Andhra Corner,"Andhra, Healthy Food, Mughlai, Bakery",756,4.4,10879,4008,3030048,45,40,Swiggy One,"H.No. 48, Wagle Circle, Agra-635420",31-08-2025
3533,Hyderabad,Madhapur,Kitchen Burgers Corner,"Burgers, Pizza",647,3.8,10736,3684,2383548,55,40,Swiggy Genie,"357, Date Chowk, Hospet-121575",29-01-2026
3534,Mumbai,Andheri,Express Bakery World,"Italian, South Indian, Seafood, Pizza",408,3.5,8844,1655,675240,43,15,Swiggy One,"42/65, Bera Path, Katihar 749568",28-01-2026
3535,Hyderabad,Hitech City,Delight Fast Food Palace,North Indian,263,3.3,7283,2874,755862,35,25,Swiggy One,"H.No. 18, Dar Chowk, Burhanpur-626456",13-01-2026
3536,Hyderabad,Kukatpally,Express Burgers Corner,"Biryani, South Indian, Burgers, Andhra",255,4,13593,770,196350,56,30,Swiggy One,"62/124, Kala Ganj, Bangalore 054695",22-07-2025
3537,Bangalore,Jayanagar,Spice Andhra World,Italian,1086,4.2,10985,1038,1127268,58,20,Swiggy Genie,"637, Ravel Circle, Ramagundam 338042",07-05-2026
3538,Bangalore,Whitefield,Tandoori Fast Food Treats,"Seafood, Biryani, Ice Cream",726,3.1,5332,3035,2203410,20,20,Swiggy Genie,"H.No. 30, Jhaveri Nagar, Bihar Sharif 382573",29-05-2025
3539,Hyderabad,Gachibowli,Royal Burgers Factory,South Indian,734,4.3,7441,2473,1815182,40,10,Regular Delivery,"81/050, Kakar Path, Barasat 090047",17-11-2025
3540,Delhi,Rohini,Tandoori Biryani World,"Italian, Desserts, North Indian",123,3.6,8780,3108,382284,62,15,Regular Delivery,"38/82, Vig Chowk, Delhi 468730",12-07-2025
3541,Hyderabad,Gachibowli,Street Fast Food Factory,Chinese,747,3.6,13232,3324,2483028,75,20,Swiggy One,"13, Luthra Marg, Siliguri 210017",10-12-2025
3542,Delhi,Rohini,Food Desserts Treats,"Andhra, Ice Cream",735,4.9,5160,4827,3547845,66,25,Regular Delivery,"64/969, Arya Ganj, Bihar Sharif 728232",25-06-2025
3543,Bangalore,BTM Layout,Food Italian Junction,"Fast Food, Mughlai, Chinese, Italian",405,4.1,6226,2330,943650,72,0,Swiggy Genie,"23, Kota Street, Vellore 885385",13-09-2025
3544,Delhi,Karol Bagh,Royal Chinese Grill,"Pizza, Mughlai",478,3.4,4353,490,234220,33,30,Swiggy One,"82, Khosla Marg, Udupi 632555",13-10-2025
3545,Delhi,Dwarka,Delight Fast Food Zone,"South Indian, Arabian",1103,3.1,1994,231,254793,26,15,Swiggy Genie,"773, Thaker Zila, Morbi-589737",03-09-2025
3546,Delhi,Saket,Biryani North Indian Factory,"South Indian, Healthy Food",835,4.8,8079,3640,3039400,47,10,Regular Delivery,"00, Yadav Path, Delhi-843710",07-11-2025
3547,Bangalore,Whitefield,Spice Arabian Hub,Desserts,132,4.6,5403,3520,464640,63,25,Regular Delivery,"H.No. 96, Ben Street, Tadipatri-281002",16-11-2025
3548,Bangalore,BTM Layout,Street Fast Food Junction,"Biryani, Andhra",972,2.8,5910,1685,1637820,51,25,Swiggy Genie,"H.No. 50, Wali Street, Raichur 829955",08-10-2025
3549,Bangalore,BTM Layout,Street Seafood Grill,Bakery,386,4,12478,4956,1913016,63,50,Regular Delivery,"H.No. 824, Ravi Nagar, Delhi 453753",17-06-2025
3550,Bangalore,Jayanagar,Tandoori Mughlai Palace,"South Indian, Arabian, Andhra, Healthy Food",254,3.8,6870,228,57912,40,15,Swiggy One,"H.No. 537, Mallick Nagar, Ichalkaranji 551656",15-02-2026
3551,Delhi,Karol Bagh,Delight North Indian Point,"Mughlai, North Indian",981,4.5,272,2867,2812527,26,10,Regular Delivery,"H.No. 966, Dass Zila, Sultan Pur Majra 039173",14-01-2026
3552,Hyderabad,Banjara Hills,Street Fast Food Grill,Mughlai,733,3.6,13888,4117,3017761,32,25,Swiggy Genie,"908, Iyengar Path, Thrissur-249468",28-06-2025
3553,Hyderabad,Madhapur,Spice Biryani Factory,Andhra,522,3.5,13224,3019,1575918,60,0,Swiggy Genie,"H.No. 079, Arora Road, Patna-273707",18-10-2025
3554,Hyderabad,Kukatpally,Express North Indian Palace,"Burgers, Italian, Pizza, Seafood",1134,2.9,6796,2723,3087882,37,30,Swiggy One,"02/118, Babu Path, Bhopal-356220",13-07-2025
3555,Bangalore,Whitefield,Street South Indian Factory,"Burgers, Bakery",1042,4.4,11063,897,934674,70,25,Swiggy Genie,"46/69, Dayal Ganj, Suryapet-935103",14-12-2025
3556,Delhi,Saket,House North Indian Junction,"Fast Food, Arabian, South Indian",1170,4.2,9538,3359,3930030,24,40,Swiggy One,"79/125, Sura Road, Gudivada 171224",01-11-2025
3557,Mumbai,Andheri,Biryani Mughlai Zone,"Pizza, South Indian, Ice Cream",207,3.3,3148,1262,261234,58,25,Regular Delivery,"H.No. 22, Dugar, Madanapalle 562337",01-05-2026
3558,Bangalore,BTM Layout,Express Seafood World,"Seafood, Mughlai",1172,4.5,10023,1650,1933800,65,0,Swiggy One,"268, Tella Street, Imphal 201238",29-06-2025
3559,Bangalore,Indiranagar,Urban South Indian Factory,"Healthy Food, Biryani, Mughlai, South Indian",958,4,11318,1761,1687038,39,30,Regular Delivery,"35/201, Mahajan Nagar, Hajipur-453282",16-12-2025
3560,Bangalore,Whitefield,Tandoori Ice Cream Hub,"Italian, Ice Cream, South Indian",834,4.3,1976,2696,2248464,37,0,Swiggy Genie,"H.No. 060, Yohannan Ganj, Rewa-332841",11-06-2025
3561,Bangalore,Jayanagar,Cafe Mughlai Point,Desserts,1132,4.6,88,4296,4863072,22,25,Swiggy One,"69/11, Uppal Street, Amravati-561170",05-09-2025
3562,Chennai,Anna Nagar,Street Biryani Hub,"Fast Food, Seafood",702,4.2,2760,2119,1487538,40,30,Regular Delivery,"H.No. 188, Gole Ganj, Gangtok-573171",05-06-2025
3563,Delhi,Dwarka,Biryani Andhra Point,"Seafood, Andhra",676,3.4,2595,581,392756,62,50,Swiggy Genie,"H.No. 691, Bhat, Munger 320463",24-05-2026
3564,Bangalore,Jayanagar,Biryani Pizza Grill,"Pizza, South Indian",643,3,13260,986,633998,47,10,Swiggy Genie,"55, Kadakia Zila, Danapur 369627",04-07-2025
3565,Chennai,OMR,Cafe South Indian Grill,"Burgers, Pizza",951,4.4,12454,705,670455,28,40,Swiggy Genie,"50/99, Chanda Street, Tinsukia-861458",06-03-2026
3566,Bangalore,Whitefield,House South Indian Hub,"Arabian, Ice Cream, South Indian, Bakery",277,2.9,11676,267,73959,33,20,Swiggy Genie,"17/359, Setty Zila, Kochi-495962",30-12-2025
3567,Mumbai,Dadar,House Italian Junction,"Seafood, Burgers, Healthy Food, Fast Food",502,3.3,11960,3260,1636520,61,20,Regular Delivery,"58/588, Krishna Path, Etawah 049685",26-06-2025
3568,Chennai,Anna Nagar,Food Burgers Corner,"Desserts, Pizza, Italian",1154,2.8,8023,2650,3058100,36,0,Swiggy Genie,"59, Khosla, Kamarhati-437641",28-12-2025
3569,Delhi,Rohini,Cafe Bakery Hub,Seafood,673,3.1,10553,4531,3049363,24,40,Swiggy Genie,"20, Badal Path, Aizawl-569343",20-08-2025
3570,Mumbai,Bandra,Royal North Indian Zone,"Italian, Desserts, Chinese",1124,3.2,4747,3133,3521492,27,0,Regular Delivery,"82/333, Bhakta Road, Morbi-272185",11-02-2026
3571,Bangalore,Koramangala,Royal Arabian Grill,"Chinese, Burgers, Italian, Andhra",851,4.3,12994,3554,3024454,43,15,Swiggy One,"H.No. 29, Wagle Circle, Madurai-275975",08-12-2025
3572,Hyderabad,Kukatpally,Kitchen Fast Food Corner,"Pizza, South Indian",745,3.1,12778,1485,1106325,53,50,Regular Delivery,"74/672, Borde Road, Siwan 046837",16-12-2025
3573,Delhi,Connaught Place,Urban Chinese World,"North Indian, Italian",472,3.6,12746,2232,1053504,26,20,Swiggy Genie,"06, Sundaram Nagar, Danapur-962167",22-11-2025
3574,Bangalore,Koramangala,Royal Desserts Point,"Healthy Food, Ice Cream, Mughlai",715,3.6,12535,1203,860145,75,40,Regular Delivery,"749, Din Zila, Raurkela Industrial Township-226523",05-04-2026
3575,Chennai,Velachery,Spice Pizza Palace,Fast Food,253,3.3,299,1807,457171,27,10,Swiggy Genie,"43/231, Kata Ganj, Ahmedabad 351050",01-01-2026
3576,Chennai,Adyar,Street Desserts World,"Arabian, Chinese, South Indian",1099,3.9,14384,3121,3429979,63,0,Swiggy One,"45/38, Cheema Zila, Agra 291447",21-09-2025
3577,Delhi,Saket,Spice Pizza Treats,"Healthy Food, Desserts",228,4.4,9280,3955,901740,49,40,Regular Delivery,"H.No. 975, Chatterjee Ganj, Sirsa 748245",06-11-2025
3578,Delhi,Rohini,Delight Andhra Palace,"Burgers, Healthy Food, Fast Food, Seafood",279,2.9,5746,3639,1015281,20,50,Swiggy One,"632, Suresh Chowk, Tadipatri-143354",18-04-2026
3579,Delhi,Rohini,Cafe Mughlai Junction,"Italian, Chinese, Bakery, Desserts",565,4,8340,3708,2095020,21,0,Swiggy Genie,"90/538, Ranganathan Nagar, Eluru 616606",13-01-2026
3580,Bangalore,Jayanagar,House Bakery Corner,"Healthy Food, Burgers, North Indian",382,2.9,1132,147,56154,29,50,Regular Delivery,"H.No. 540, Tata Path, Jabalpur 432611",13-05-2026
3581,Chennai,Velachery,Delight Desserts Junction,"Bakery, Italian",403,3.2,9092,1982,798746,25,25,Swiggy Genie,"H.No. 742, Chatterjee Chowk, Karawal Nagar 828485",01-01-2026
3582,Bangalore,Whitefield,Food Healthy Food Palace,Andhra,749,4.7,6821,404,302596,57,50,Swiggy One,"282, Comar Road, Arrah-143487",18-10-2025
3583,Bangalore,BTM Layout,Royal Bakery World,"Chinese, Mughlai, South Indian",1049,3.1,9600,4132,4334468,23,20,Swiggy Genie,"H.No. 429, Balasubramanian Street, Gudivada-453985",08-03-2026
3584,Chennai,T Nagar,Urban Fast Food Treats,"North Indian, Chinese, Fast Food, Pizza",484,4.3,5003,3162,1530408,41,25,Regular Delivery,"21/882, Sanghvi Ganj, Tenali 741860",21-08-2025
3585,Delhi,Saket,House Healthy Food Factory,"Chinese, Mughlai, Pizza, Desserts",172,3.9,427,616,105952,42,50,Swiggy Genie,"H.No. 439, Cheema Ganj, Bhopal 015560",26-02-2026
3586,Mumbai,Lower Parel,Spice Pizza World,"Arabian, Pizza, North Indian",653,4.4,9919,2342,1529326,36,15,Swiggy One,"49, Srinivasan Zila, Sikar-161225",25-09-2025
3587,Hyderabad,Banjara Hills,Food South Indian Palace,"Mughlai, Fast Food",753,3.9,6558,1036,780108,70,50,Swiggy Genie,"00, Dhaliwal Marg, Sirsa 163242",19-12-2025
3588,Delhi,Rohini,Royal Burgers World,Andhra,1022,4.2,4897,3878,3963316,72,50,Swiggy One,"85, Yohannan Marg, Parbhani-711516",30-12-2025
3589,Delhi,Dwarka,Kitchen Desserts Junction,"Arabian, Burgers, Bakery, Chinese",329,4.1,13641,2682,882378,71,10,Swiggy One,"596, Bera Street, Katihar-889745",01-12-2025
3590,Mumbai,Powai,Biryani Ice Cream Factory,"Biryani, Andhra, Healthy Food",823,4.2,9834,3850,3168550,49,0,Regular Delivery,"H.No. 93, Barad Road, Bhilai-941226",10-08-2025
3591,Bangalore,Whitefield,House Bakery Factory,"South Indian, Andhra, Pizza, Seafood",551,2.9,372,1684,927884,24,50,Swiggy Genie,"H.No. 431, Varghese Zila, Mahbubnagar-662545",30-07-2025
3592,Chennai,Anna Nagar,Biryani Burgers Point,"Healthy Food, Chinese",495,4,9130,3748,1855260,42,40,Regular Delivery,"H.No. 557, Wason Marg, Thane-181716",15-04-2026
3593,Hyderabad,Kukatpally,Biryani Seafood Corner,Bakery,788,4.6,1763,2445,1926660,51,50,Regular Delivery,"11/92, Gaba Zila, Panvel-043584",12-10-2025
3594,Delhi,Karol Bagh,Street Pizza Palace,"Seafood, Chinese, Healthy Food, Fast Food",562,3.7,2580,1340,753080,52,15,Swiggy Genie,"H.No. 14, Dass Path, Agartala 140043",10-12-2025
3595,Hyderabad,Gachibowli,Royal North Indian Treats,Ice Cream,719,4.7,6698,1406,1010914,22,50,Swiggy One,"H.No. 313, Dhingra Circle, Narasaraopet 055573",30-08-2025
3596,Chennai,Velachery,Cafe Ice Cream Zone,Biryani,1064,3.7,10255,1979,2105656,46,50,Swiggy One,"H.No. 740, Rajan, Sikar 844052",25-04-2026
3597,Hyderabad,Kukatpally,Delight Desserts Corner,South Indian,360,4.3,5661,1549,557640,44,20,Swiggy Genie,"88/019, Iyengar Street, Kirari Suleman Nagar-727912",30-11-2025
3598,Chennai,Anna Nagar,Food Biryani Factory,"Bakery, North Indian, Fast Food, Arabian",1184,3.3,11018,1861,2203424,42,15,Swiggy One,"H.No. 451, Sengupta Zila, Amravati-012992",10-04-2026
3599,Chennai,OMR,Spice South Indian Corner,"Chinese, South Indian, Bakery",187,3.9,6198,359,67133,51,40,Swiggy One,"92/52, Gole Nagar, Jalgaon-447923",27-03-2026
3600,Bangalore,Whitefield,Royal Bakery Point,"Desserts, Chinese",1074,3.5,9918,4915,5278710,44,50,Swiggy Genie,"H.No. 73, Sethi Road, Jaipur-570215",17-10-2025
3601,Delhi,Dwarka,Express Andhra Factory,Seafood,599,3,4483,2295,1374705,63,20,Swiggy Genie,"H.No. 030, Sheth Path, Visakhapatnam 561683",19-05-2026
3602,Hyderabad,Madhapur,Royal South Indian World,"South Indian, Italian, Pizza, Biryani",1056,3.2,2399,2159,2279904,55,50,Regular Delivery,"43/901, Sane Street, Dharmavaram 011304",28-01-2026
3603,Delhi,Karol Bagh,Street Burgers Zone,"Mughlai, Desserts",934,2.9,8015,3939,3679026,69,40,Regular Delivery,"600, Bora Ganj, Jaunpur 158658",15-10-2025
3604,Delhi,Dwarka,Royal Chinese Junction,"South Indian, Healthy Food",187,4.2,2870,1782,333234,63,15,Regular Delivery,"900, Shankar Path, Asansol 751445",01-06-2025
3605,Hyderabad,Kukatpally,Kitchen Healthy Food Factory,"Pizza, Biryani",210,3.4,13086,3336,700560,53,0,Regular Delivery,"64/36, Thakkar Circle, Raurkela Industrial Township 748370",30-07-2025
3606,Hyderabad,Gachibowli,Delight Mughlai Zone,"Ice Cream, Healthy Food, Seafood",632,3.7,4616,1467,927144,74,10,Swiggy One,"65, Johal Path, Noida-730934",13-03-2026
3607,Bangalore,Whitefield,Urban Italian Grill,"Seafood, Healthy Food, Pizza",627,3.2,9683,536,336072,56,50,Swiggy Genie,"H.No. 547, Aggarwal Path, Kollam 332131",28-04-2026
3608,Bangalore,Koramangala,Cafe South Indian Palace,"Chinese, Bakery, Fast Food, Arabian",1089,4.2,1243,3580,3898620,23,15,Regular Delivery,"H.No. 727, Cherian Road, Munger-958890",14-03-2026
3609,Chennai,T Nagar,Spice Ice Cream Junction,"Chinese, Arabian, Bakery",1122,3.8,592,3835,4302870,30,40,Swiggy Genie,"36, Manda, Meerut 616995",24-06-2025
3610,Chennai,Anna Nagar,Urban Desserts World,"Seafood, Fast Food",502,4.9,4542,2746,1378492,45,25,Swiggy One,"27/71, Korpal Circle, Hosur-843886",04-12-2025
3611,Bangalore,Koramangala,Delight South Indian Treats,"Chinese, South Indian, Arabian",775,4.4,12043,1604,1243100,35,15,Regular Delivery,"H.No. 082, Talwar Circle, Patiala 227348",05-05-2026
3612,Mumbai,Dadar,Royal Healthy Food Zone,Biryani,809,3,5745,3800,3074200,58,15,Swiggy Genie,"56/583, Sawhney Circle, Bhubaneswar-311632",02-01-2026
3613,Delhi,Connaught Place,Urban Pizza Factory,"Arabian, Chinese, Mughlai, Italian",625,3.9,1208,2786,1741250,55,50,Swiggy One,"82/67, Kibe Chowk, Indore-218270",27-12-2025
3614,Mumbai,Andheri,Urban Burgers Palace,"Mughlai, Burgers, Seafood, Desserts",865,4.6,14765,3651,3158115,72,20,Swiggy One,"46, Kuruvilla Nagar, Vellore-003627",04-11-2025
3615,Bangalore,Whitefield,Street South Indian Zone,"Desserts, Seafood",531,4.3,13200,4268,2266308,32,50,Swiggy Genie,"58/12, Gera Circle, Vijayawada 141990",29-03-2026
3616,Mumbai,Andheri,Food Mughlai Treats,"Burgers, Andhra, Fast Food",1180,2.8,412,3496,4125280,50,30,Swiggy One,"H.No. 94, Lata Path, Motihari-268417",21-12-2025
3617,Hyderabad,Madhapur,Urban Pizza World,South Indian,866,2.8,3354,209,180994,64,40,Swiggy One,"H.No. 98, Roy Chowk, Kishanganj-121007",19-12-2025
3618,Mumbai,Andheri,Tandoori Italian Point,"South Indian, Biryani",662,3.1,1876,2444,1617928,33,50,Swiggy One,"08/39, Kata Zila, Anantapuram 333229",09-05-2026
3619,Hyderabad,Banjara Hills,Urban Andhra Zone,"Burgers, Seafood",690,4.6,5419,4165,2873850,36,15,Swiggy One,"H.No. 75, Bahl Street, Vijayanagaram-761493",17-09-2025
3620,Hyderabad,Hitech City,Cafe Fast Food Corner,"Desserts, Fast Food",753,2.9,7772,2911,2191983,31,10,Regular Delivery,"346, Tara Nagar, Buxar-263032",04-11-2025
3621,Delhi,Connaught Place,Delight North Indian Grill,"Chinese, Seafood, Ice Cream, North Indian",247,3.4,10289,3307,816829,33,20,Regular Delivery,"46, Dalal Chowk, Pudukkottai-922510",18-09-2025
3622,Hyderabad,Banjara Hills,Street Seafood Corner,"Ice Cream, Mughlai",500,3.8,9917,3272,1636000,36,15,Swiggy One,"H.No. 18, Sura, Bellary-416697",25-05-2025
3623,Hyderabad,Gachibowli,Biryani Bakery Junction,"Burgers, Chinese, Italian, South Indian",419,3.5,12782,4818,2018742,26,40,Swiggy Genie,"76/353, Khanna Road, Bally 253892",17-02-2026
3624,Hyderabad,Hitech City,Cafe Mughlai Factory,"Ice Cream, Burgers, South Indian, Andhra",260,3.7,9006,2506,651560,45,15,Regular Delivery,"H.No. 611, Vala Nagar, Proddatur 652620",29-10-2025
3625,Chennai,Anna Nagar,Food Andhra Hub,"Fast Food, Arabian",818,4.5,5353,4790,3918220,74,15,Swiggy One,"54, Vohra Nagar, Vasai-Virar 306163",03-02-2026
3626,Mumbai,Powai,Royal Fast Food Corner,"Chinese, Seafood, South Indian, Ice Cream",127,3.8,3217,4855,616585,67,10,Regular Delivery,"11/116, Toor Circle, Ghaziabad-826411",28-03-2026
3627,Bangalore,Jayanagar,Spice Andhra Junction,"Mughlai, Burgers, Italian",1006,4,10935,598,601588,74,30,Swiggy One,"38/40, Dewan Ganj, Bettiah-028171",26-10-2025
3628,Mumbai,Dadar,Delight Chinese Grill,"Bakery, Arabian, Italian",896,4.9,6807,3405,3050880,57,50,Swiggy Genie,"H.No. 740, Sura Nagar, Bidar 595485",25-05-2025
3629,Hyderabad,Gachibowli,Street Bakery Point,"Mughlai, Pizza",712,3.3,10972,1694,1206128,20,25,Regular Delivery,"30/556, Deshmukh Chowk, Ahmednagar-735277",14-04-2026
3630,Chennai,Velachery,Urban Andhra Junction,"Biryani, Andhra, Fast Food",365,3.8,7740,2319,846435,68,25,Swiggy Genie,"H.No. 236, Bal Marg, Miryalaguda-687367",18-02-2026
3631,Hyderabad,Gachibowli,House Arabian Corner,Burgers,340,4.5,13058,1651,561340,57,50,Regular Delivery,"99, Kunda Road, Firozabad-371657",01-08-2025
3632,Bangalore,Jayanagar,Street Italian Junction,Desserts,332,3.8,1703,4920,1633440,22,15,Swiggy One,"13/93, Rao Nagar, Surat-517193",06-03-2026
3633,Delhi,Saket,Tandoori Desserts Corner,"North Indian, Ice Cream, Bakery",1090,3,4939,2722,2966980,40,20,Swiggy Genie,"54/157, Deol Chowk, Noida-078339",03-03-2026
3634,Hyderabad,Kukatpally,Tandoori Chinese World,"Fast Food, Seafood, Bakery, Pizza",279,4.1,10417,1966,548514,24,40,Swiggy Genie,"34/63, Sahni Road, Bikaner 097821",10-12-2025
3635,Chennai,T Nagar,Tandoori Desserts Zone,"Chinese, Bakery, Burgers, Pizza",460,3.5,1815,4540,2088400,51,40,Regular Delivery,"H.No. 38, Mallick Chowk, Amritsar 116922",20-04-2026
3636,Hyderabad,Gachibowli,Express Pizza Grill,Mughlai,641,3.5,9078,1503,963423,64,0,Regular Delivery,"46/660, Krishnamurthy Chowk, Kulti-850866",20-07-2025
3637,Chennai,T Nagar,Delight Biryani Grill,"Biryani, Seafood, Ice Cream, Fast Food",1173,4.8,7049,3104,3640992,67,15,Swiggy One,"H.No. 85, Walia Nagar, Nanded 675942",18-05-2026
3638,Delhi,Rohini,Street Seafood Junction,"Biryani, Italian",976,3.5,3331,989,965264,33,40,Swiggy Genie,"H.No. 444, Bhardwaj Ganj, Tiruvottiyur 019401",28-04-2026
3639,Mumbai,Dadar,Royal Andhra Hub,"Mughlai, South Indian, Fast Food",772,3.4,3761,4045,3122740,48,0,Regular Delivery,"62/17, Bahri Road, Hyderabad-021507",05-10-2025
3640,Hyderabad,Banjara Hills,Street Healthy Food Hub,"Chinese, Healthy Food, Desserts, Bakery",975,4.1,14048,719,701025,43,20,Swiggy Genie,"67/513, Mannan Zila, Kamarhati-381177",14-07-2025
3641,Bangalore,Whitefield,Food Italian Corner,"North Indian, Seafood, Italian",992,3.7,2357,2315,2296480,74,0,Swiggy Genie,"H.No. 17, Gola Circle, Malegaon-889716",05-05-2026
3642,Delhi,Dwarka,Delight Biryani Treats,"Fast Food, South Indian",1028,4,14555,2648,2722144,60,50,Regular Delivery,"58, Upadhyay Zila, Aizawl-538558",04-10-2025
3643,Delhi,Dwarka,Royal Pizza Factory,"Healthy Food, Pizza, North Indian",825,3.3,2027,2752,2270400,48,30,Swiggy Genie,"75, Sabharwal Circle, Pondicherry 149199",18-11-2025
3644,Chennai,Adyar,Royal Arabian Junction,Andhra,676,2.9,9929,1109,749684,75,50,Swiggy One,"91, Verma, Davanagere-914911",07-07-2025
3645,Mumbai,Powai,Delight South Indian Grill,"Bakery, Desserts, Fast Food",722,3,2172,2968,2142896,42,0,Swiggy One,"21/11, Chaudhuri Zila, Nanded-063989",23-05-2026
3646,Hyderabad,Banjara Hills,Express Seafood Factory,Fast Food,448,3.9,8616,1029,460992,31,20,Swiggy Genie,"72, Chawla Street, Chittoor 610319",27-04-2026
3647,Hyderabad,Hitech City,Tandoori Bakery Zone,"Healthy Food, Ice Cream, Biryani, Pizza",867,4.1,1820,3898,3379566,75,50,Swiggy One,"56/29, Chacko, Dhanbad 737364",29-11-2025
3648,Hyderabad,Hitech City,House Pizza Corner,"Mughlai, Bakery, Healthy Food",804,4.3,11480,4075,3276300,37,20,Regular Delivery,"65/69, Dugar Chowk, Bettiah 833847",11-05-2026
3649,Mumbai,Bandra,Royal Chinese World,"Mughlai, Chinese, Ice Cream, Desserts",357,4.8,7213,2885,1029945,43,20,Regular Delivery,"38, Sen Path, Agartala-024872",24-10-2025
3650,Chennai,T Nagar,Biryani South Indian Treats,"Ice Cream, Italian",1187,4.1,8283,2239,2657693,69,15,Regular Delivery,"054, Chander, Sirsa 171714",15-01-2026
3651,Mumbai,Bandra,Cafe Pizza Zone,Italian,803,3.5,10337,3739,3002417,37,10,Regular Delivery,"87/767, Sabharwal Nagar, Meerut-111139",05-12-2025
3652,Hyderabad,Hitech City,Delight Biryani Palace,"Desserts, South Indian, Pizza",445,4.7,5886,351,156195,36,25,Regular Delivery,"H.No. 05, Mannan Nagar, Ulhasnagar 918229",20-01-2026
3653,Mumbai,Dadar,Biryani Healthy Food Palace,"Pizza, Healthy Food, Chinese, Ice Cream",187,3.4,12797,4052,757724,43,15,Regular Delivery,"26, Kumar Street, Farrukhabad 489198",21-09-2025
3654,Mumbai,Andheri,Kitchen Andhra Treats,"Bakery, Pizza",594,2.9,7468,4752,2822688,70,50,Regular Delivery,"38/97, Tata Zila, Katihar 683940",23-01-2026
3655,Mumbai,Powai,Delight North Indian Treats,North Indian,844,4.4,14961,269,227036,26,25,Swiggy One,"H.No. 20, Mand Marg, Allahabad 516494",30-07-2025
3656,Hyderabad,Gachibowli,Cafe South Indian Palace,"Andhra, South Indian, Burgers",362,4.3,1074,4285,1551170,51,0,Swiggy Genie,"05/24, Krishna Road, Morbi-386779",22-07-2025
3657,Delhi,Saket,Urban Seafood Point,"South Indian, Arabian",551,4.1,121,446,245746,31,30,Swiggy Genie,"47/082, Agate Marg, Allahabad 635951",17-09-2025
3658,Bangalore,Koramangala,Urban South Indian Factory,"Ice Cream, Italian, Seafood, Desserts",878,3.5,3992,308,270424,50,20,Swiggy One,"09/98, Dass Nagar, Bhiwani 097659",05-11-2025
3659,Delhi,Dwarka,Street Seafood Treats,"Healthy Food, Bakery, Mughlai",699,3.4,13561,1682,1175718,44,20,Swiggy Genie,"514, Handa Marg, Dhule-099131",06-05-2026
3660,Hyderabad,Hitech City,Delight South Indian Junction,"Andhra, Burgers, South Indian",715,4,13025,2493,1782495,23,15,Swiggy Genie,"H.No. 625, Zachariah Road, Bongaigaon 880994",06-12-2025
3661,Hyderabad,Madhapur,Spice Mughlai Palace,Andhra,658,4.5,722,4716,3103128,32,30,Swiggy Genie,"018, Sur Nagar, Jaipur-631428",26-08-2025
3662,Chennai,Anna Nagar,Tandoori Arabian Junction,"Healthy Food, Bakery, Seafood, Biryani",206,4.8,11576,989,203734,73,50,Regular Delivery,"10, Bajwa Road, Shimoga 806243",03-01-2026
3663,Hyderabad,Madhapur,Food North Indian Treats,"Chinese, Mughlai",505,4,3650,3859,1948795,24,40,Regular Delivery,"H.No. 29, Dua, Nellore 869216",24-08-2025
3664,Delhi,Connaught Place,Express South Indian Corner,North Indian,602,4.7,9177,4808,2894416,35,40,Regular Delivery,"H.No. 19, Barman Road, Ongole-559310",11-11-2025
3665,Mumbai,Andheri,Delight Seafood Junction,"Bakery, Desserts",852,3.7,4480,649,552948,62,10,Regular Delivery,"59/493, Johal Chowk, Madhyamgram-319111",08-07-2025
3666,Hyderabad,Kukatpally,Express Mughlai Junction,"Italian, Bakery, Chinese",923,3.1,13276,1976,1823848,21,15,Regular Delivery,"945, Tiwari Chowk, Srikakulam-915513",10-02-2026
3667,Chennai,OMR,Royal Healthy Food Factory,"South Indian, Biryani",274,3.3,214,273,74802,58,0,Regular Delivery,"H.No. 825, Brahmbhatt Nagar, Srikakulam-643801",03-03-2026
3668,Hyderabad,Hitech City,Food Desserts Grill,"Healthy Food, Chinese, Ice Cream",816,3.3,10522,281,229296,70,10,Swiggy One,"H.No. 747, Iyengar Nagar, Ghaziabad-532169",27-12-2025
3669,Mumbai,Bandra,Express Burgers World,"Fast Food, Italian",906,4.8,5292,2500,2265000,72,20,Regular Delivery,"52/803, Dutta Chowk, Madurai-660403",16-04-2026
3670,Bangalore,Indiranagar,Delight Burgers Junction,"Mughlai, Fast Food, Ice Cream",861,4,11921,302,260022,41,15,Swiggy Genie,"705, Bhasin Road, Farrukhabad-301841",29-03-2026
3671,Bangalore,BTM Layout,Street Arabian World,"Arabian, Pizza, Mughlai",409,2.8,4490,938,383642,23,30,Regular Delivery,"90, Chana Road, Purnia 718322",06-09-2025
3672,Delhi,Dwarka,House Pizza Corner,Fast Food,330,4.3,7456,527,173910,49,30,Swiggy Genie,"75/28, Kunda Zila, Silchar-502543",24-05-2025
3673,Chennai,T Nagar,Tandoori Burgers Hub,"Chinese, North Indian",681,3,905,1155,786555,34,50,Regular Delivery,"76/918, Chatterjee Road, Jabalpur 544013",27-09-2025
3674,Bangalore,BTM Layout,Delight Seafood World,"Italian, Chinese",789,4.9,14543,3613,2850657,27,15,Swiggy Genie,"41, Srinivas Marg, Rohtak-836102",30-04-2026
3675,Mumbai,Andheri,Delight Andhra Junction,Healthy Food,545,4.3,13104,2938,1601210,31,15,Swiggy Genie,"833, Bal Road, Raurkela Industrial Township 395819",01-10-2025
3676,Mumbai,Dadar,Delight Burgers Point,"Andhra, Healthy Food, Ice Cream, Arabian",456,3.8,6896,1783,813048,30,10,Swiggy Genie,"80, Mani Street, Nagaon 073808",27-07-2025
3677,Chennai,T Nagar,Biryani Mughlai Factory,"Burgers, Seafood, Arabian",934,3.1,9553,4980,4651320,30,30,Swiggy Genie,"H.No. 497, Bava Chowk, Etawah-157512",29-08-2025
3678,Delhi,Rohini,Street Healthy Food Factory,"Arabian, South Indian, Mughlai",546,4.4,7055,3781,2064426,74,20,Regular Delivery,"69/909, Roy Chowk, Asansol-512341",28-08-2025
3679,Hyderabad,Kukatpally,Express Andhra Palace,"Arabian, Mughlai, Ice Cream, Burgers",1139,3.7,9610,4148,4724572,42,30,Swiggy One,"H.No. 39, Sehgal Marg, Kolkata 510429",07-03-2026
3680,Bangalore,Koramangala,Biryani South Indian Treats,Andhra,1070,4.1,12732,2374,2540180,57,40,Swiggy One,"84/82, Shah Zila, Karawal Nagar-976682",25-04-2026
3681,Bangalore,BTM Layout,Urban Seafood Treats,"North Indian, Burgers, Arabian",1150,3.8,5135,3559,4092850,75,15,Swiggy One,"H.No. 18, Bajaj Circle, Avadi-059539",01-08-2025
3682,Mumbai,Lower Parel,Express South Indian Palace,"Bakery, North Indian, Andhra, Healthy Food",933,3.7,160,1885,1758705,64,40,Regular Delivery,"H.No. 980, Chaudhari Circle, Kozhikode 659530",25-04-2026
3683,Hyderabad,Hitech City,Royal Andhra Corner,"South Indian, Bakery, Pizza",1071,3.5,14122,306,327726,71,15,Regular Delivery,"304, Sanghvi Circle, Fatehpur-653251",29-03-2026
3684,Delhi,Saket,Royal Burgers Junction,"Seafood, Chinese",145,3.2,13435,2254,326830,63,25,Regular Delivery,"559, Kannan Ganj, Jalna-730528",18-03-2026
3685,Mumbai,Bandra,Royal Arabian Zone,"Mughlai, Biryani, Burgers, Bakery",1070,3.4,14025,2661,2847270,50,10,Regular Delivery,"77, Karnik Road, Ramagundam 951410",30-06-2025
3686,Bangalore,Indiranagar,Express Desserts Zone,"Ice Cream, Burgers, Mughlai",761,3.3,10405,2795,2126995,75,20,Regular Delivery,"887, Rao Chowk, Siliguri-282701",17-11-2025
3687,Chennai,OMR,Delight Bakery Junction,Andhra,833,4.7,10619,1252,1042916,61,30,Swiggy Genie,"21/67, Keer Street, Bhusawal 093286",09-10-2025
3688,Delhi,Dwarka,Delight South Indian Point,"Chinese, Healthy Food, North Indian",303,3.8,4996,2123,643269,68,50,Swiggy Genie,"H.No. 88, Kibe Zila, Patiala 839093",12-05-2026
3689,Bangalore,BTM Layout,Food North Indian Grill,"Andhra, Biryani, Italian",317,4.8,931,2388,756996,40,0,Regular Delivery,"19/844, Chad Chowk, Uluberia-518427",29-04-2026
3690,Chennai,OMR,House Ice Cream Hub,"Biryani, Arabian, Seafood, Desserts",177,4.6,5983,3086,546222,59,50,Regular Delivery,"32/142, Sama, Surendranagar Dudhrej 115503",07-02-2026
3691,Hyderabad,Kukatpally,Street Burgers Point,"Bakery, Arabian, Healthy Food",153,4.3,2719,815,124695,21,25,Regular Delivery,"91/87, Sengupta Road, Bidar 010560",30-05-2025
3692,Hyderabad,Hitech City,Kitchen Italian Corner,"Seafood, Pizza, Arabian, North Indian",784,3.5,11618,1058,829472,43,25,Swiggy One,"36, Rajagopal Chowk, Begusarai-334414",22-06-2025
3693,Bangalore,Jayanagar,Kitchen Bakery World,Fast Food,1074,4.9,13748,4825,5182050,74,50,Swiggy One,"H.No. 09, Kannan Chowk, Amritsar-417111",30-06-2025
3694,Bangalore,Whitefield,Delight Ice Cream Point,Andhra,552,4.4,13423,4519,2494488,26,15,Swiggy One,"H.No. 86, Chana, Tadepalligudem-638675",27-09-2025
3695,Delhi,Saket,Delight Bakery Zone,"Seafood, Mughlai, Italian, Burgers",447,3.8,12126,4856,2170632,23,40,Regular Delivery,"76, Kari, Nanded 335771",13-06-2025
3696,Hyderabad,Gachibowli,Delight Ice Cream Grill,"Biryani, Andhra, Burgers, Fast Food",178,3.7,391,4154,739412,74,15,Swiggy One,"63/39, Dada Zila, Imphal-583499",24-06-2025
3697,Bangalore,BTM Layout,Cafe Desserts Factory,Burgers,277,4.2,494,3073,851221,59,25,Regular Delivery,"268, Barman Ganj, Chapra-821724",03-09-2025
3698,Mumbai,Lower Parel,Kitchen Fast Food Palace,Seafood,655,4.6,9265,1721,1127255,42,40,Swiggy Genie,"H.No. 938, Sheth Path, Amritsar 076690",07-04-2026
3699,Mumbai,Powai,Express Healthy Food Zone,"Chinese, Biryani, Bakery",1139,4.6,1901,796,906644,55,10,Swiggy Genie,"77/974, Kalla Ganj, Bahraich-110407",11-02-2026
3700,Hyderabad,Gachibowli,Tandoori Fast Food Point,"Seafood, Italian, Healthy Food, Chinese",664,3.3,4563,182,120848,25,50,Regular Delivery,"59/835, Chand Nagar, Morbi-019576",03-03-2026
3701,Mumbai,Andheri,Kitchen Andhra Junction,"Healthy Food, Ice Cream",623,4.4,8001,4279,2665817,68,0,Regular Delivery,"H.No. 496, Bala Path, Bangalore 891174",28-10-2025
3702,Bangalore,Indiranagar,Spice Pizza Corner,"Burgers, Bakery",230,3.4,8554,2685,617550,38,20,Swiggy Genie,"495, Chander Path, Kolkata 329593",10-08-2025
3703,Delhi,Dwarka,Street Bakery World,Andhra,348,4.5,613,1236,430128,71,25,Regular Delivery,"24/328, Lanka Circle, Tiruchirappalli 041748",20-07-2025
3704,Chennai,OMR,Cafe Burgers Zone,North Indian,723,3.1,4555,4164,3010572,68,10,Swiggy Genie,"88/131, Bahl Ganj, Nagaon 886672",21-09-2025
3705,Bangalore,Jayanagar,Kitchen Healthy Food Palace,"Biryani, Healthy Food",549,3.3,3722,3954,2170746,23,30,Regular Delivery,"H.No. 34, Ramaswamy Path, Tiruvottiyur-298411",03-12-2025
3706,Hyderabad,Kukatpally,Tandoori Desserts Junction,Healthy Food,831,3.9,3861,1409,1170879,46,15,Swiggy Genie,"712, Bala Ganj, Phagwara 701850",03-07-2025
3707,Bangalore,Koramangala,Food Bakery Palace,"Healthy Food, Arabian",947,3.2,1564,151,142997,44,50,Regular Delivery,"H.No. 380, Goyal Path, Kadapa-468072",15-01-2026
3708,Bangalore,Whitefield,Urban Biryani Corner,"South Indian, Ice Cream",668,2.8,13808,3624,2420832,69,40,Swiggy One,"H.No. 927, Chaudhry Street, Hubli–Dharwad-183476",05-08-2025
3709,Chennai,Velachery,Royal Desserts Factory,"Pizza, Andhra, Arabian, Chinese",209,4.1,1695,2298,480282,26,20,Swiggy One,"H.No. 15, Sura Nagar, Kurnool-473249",30-08-2025
3710,Delhi,Dwarka,Delight Chinese Zone,"North Indian, Arabian, Chinese",704,3.9,9642,2996,2109184,57,25,Swiggy One,"H.No. 73, Wable Marg, Ujjain 395306",16-02-2026
3711,Delhi,Karol Bagh,Urban South Indian Palace,"Pizza, Burgers, Healthy Food, Desserts",1122,3.3,13720,962,1079364,39,15,Swiggy One,"61/82, Mannan, Hosur 902347",07-02-2026
3712,Chennai,Adyar,Spice Ice Cream Treats,"Ice Cream, Arabian",786,3,4694,2579,2027094,39,25,Swiggy One,"H.No. 25, Vasa Circle, Motihari-113799",18-11-2025
3713,Chennai,Adyar,Cafe Seafood Corner,"Chinese, Mughlai, Pizza",769,3.1,14588,2521,1938649,52,40,Swiggy One,"81, Dasgupta Path, Narasaraopet-200815",09-09-2025
3714,Chennai,Anna Nagar,Tandoori Chinese World,"North Indian, Pizza",721,3.1,3942,1913,1379273,58,10,Swiggy One,"41/313, Seshadri, Ahmedabad 814983",17-02-2026
3715,Delhi,Rohini,Delight Fast Food World,"Seafood, Pizza, Ice Cream, Biryani",1113,3.8,2220,1079,1200927,67,50,Swiggy One,"42, Das Marg, Bhalswa Jahangir Pur 524699",18-06-2025
3716,Chennai,Velachery,Urban Seafood Hub,"Ice Cream, South Indian",536,4.6,11148,882,472752,33,25,Swiggy Genie,"08/824, Kala Path, Rourkela-825281",24-07-2025
3717,Chennai,Adyar,Kitchen Pizza Hub,"Burgers, Biryani",1030,3.4,1177,2910,2997300,58,50,Swiggy Genie,"33, Kalla, Jamnagar 750980",25-12-2025
3718,Mumbai,Andheri,Tandoori Burgers Junction,Andhra,1122,4.8,3486,1384,1552848,34,30,Swiggy Genie,"13/353, Kumar Zila, Shimoga-618070",13-04-2026
3719,Bangalore,Jayanagar,Biryani Bakery Zone,"Fast Food, Seafood, Desserts",487,4.8,3758,4400,2142800,30,10,Regular Delivery,"H.No. 76, Subramanian, Sri Ganganagar-071230",22-02-2026
3720,Chennai,T Nagar,Express Bakery Zone,South Indian,1176,4.8,10994,896,1053696,25,10,Regular Delivery,"72/577, Thaker Nagar, Guna-449787",11-10-2025
3721,Delhi,Karol Bagh,Cafe Desserts Palace,"Biryani, Desserts",396,4.4,83,1634,647064,46,25,Swiggy Genie,"588, Magar Path, Howrah-937604",11-01-2026
3722,Delhi,Karol Bagh,Tandoori Fast Food Palace,"Fast Food, Mughlai, Pizza",1049,4.3,12643,1125,1180125,58,50,Regular Delivery,"79/668, Rao Road, Bidar-535525",19-03-2026
3723,Bangalore,Koramangala,Urban Arabian Corner,Fast Food,687,4.4,13615,280,192360,60,0,Regular Delivery,"78/453, Raj Ganj, Morena 716625",02-12-2025
3724,Bangalore,Whitefield,Tandoori Desserts Corner,"Biryani, Fast Food",720,4.2,112,1478,1064160,62,50,Swiggy One,"730, Mammen Road, Vellore-063088",24-12-2025
3725,Chennai,Adyar,Kitchen Biryani Corner,"North Indian, Italian",291,4.7,2786,4501,1309791,43,50,Regular Delivery,"H.No. 410, Barad Marg, Bally 452786",06-11-2025
3726,Mumbai,Lower Parel,Urban Arabian Point,South Indian,1150,4.6,10847,1413,1624950,31,50,Swiggy One,"65/437, Kurian Zila, Ambattur-786260",12-08-2025
3727,Chennai,OMR,Food Chinese Factory,"Burgers, North Indian, Desserts",413,4.5,8904,817,337421,33,10,Regular Delivery,"68, Das Circle, Phagwara 443520",15-03-2026
3728,Mumbai,Dadar,Biryani South Indian Point,"Biryani, Fast Food, Italian",218,2.9,4572,1259,274462,38,0,Swiggy One,"52, Kashyap Chowk, Belgaum 015934",09-11-2025
3729,Mumbai,Dadar,House Pizza Junction,Biryani,319,3.6,5612,3093,986667,73,50,Swiggy Genie,"52, Setty Road, Raichur 971167",08-04-2026
3730,Bangalore,BTM Layout,Food Andhra Zone,Fast Food,834,3.8,5165,2019,1683846,35,50,Regular Delivery,"777, Kant Road, Faridabad-460018",02-10-2025
3731,Chennai,Adyar,Biryani Chinese Treats,Ice Cream,584,4.6,2939,4931,2879704,26,15,Swiggy Genie,"H.No. 43, Brahmbhatt Chowk, Vadodara-176735",17-10-2025
3732,Delhi,Saket,Kitchen Pizza Factory,"Andhra, Biryani",351,3,9810,1764,619164,62,0,Regular Delivery,"H.No. 57, Rattan Ganj, Rajkot 480332",04-07-2025
3733,Bangalore,BTM Layout,Tandoori Italian Hub,"Mughlai, Chinese",863,2.9,12867,4642,4006046,49,25,Regular Delivery,"56/485, Dhillon Marg, Muzaffarpur 934658",03-05-2026
3734,Hyderabad,Kukatpally,Urban Seafood Palace,"Pizza, Arabian",925,3.5,13433,4129,3819325,68,25,Swiggy One,"24, Gade Chowk, Deoghar 433612",06-12-2025
3735,Hyderabad,Madhapur,Delight South Indian Junction,"Chinese, Pizza, Burgers, Andhra",908,3.5,5866,1378,1251224,67,25,Swiggy Genie,"798, Lad Path, Dewas 513491",30-06-2025
3736,Mumbai,Bandra,Food Pizza Corner,"Andhra, Fast Food, Desserts",958,4.7,7944,4118,3945044,44,10,Swiggy One,"H.No. 451, Bhatti Path, Bijapur-847538",06-07-2025
3737,Mumbai,Lower Parel,Biryani Seafood Corner,Ice Cream,412,3.4,12449,3029,1247948,30,0,Regular Delivery,"H.No. 78, Kapadia Circle, Bardhaman-850228",28-08-2025
3738,Mumbai,Powai,Delight Italian Zone,"Bakery, Pizza",227,3.6,3808,3341,758407,50,10,Swiggy Genie,"76/720, Randhawa Circle, Karawal Nagar 646493",07-03-2026
3739,Hyderabad,Kukatpally,Spice Biryani Factory,"Desserts, South Indian, Italian, Fast Food",898,4.6,3892,1596,1433208,56,30,Swiggy Genie,"04, Jayaraman Chowk, Kozhikode-307805",05-10-2025
3740,Bangalore,Koramangala,Royal Bakery Hub,"Burgers, Pizza, North Indian",654,3.2,10524,4378,2863212,49,0,Swiggy One,"H.No. 205, Balay Circle, Anand-872799",27-11-2025
3741,Delhi,Connaught Place,Cafe Bakery Factory,"Seafood, Ice Cream",1149,4.2,3726,2707,3110343,47,25,Swiggy One,"H.No. 27, Dhar Street, Ambarnath-020832",30-10-2025
3742,Delhi,Dwarka,Cafe Healthy Food Palace,"Italian, Arabian, Healthy Food",392,3.5,4841,2564,1005088,30,0,Swiggy Genie,"521, Singhal Nagar, Sangli-Miraj & Kupwad 978823",31-12-2025
3743,Mumbai,Lower Parel,Food Ice Cream Grill,"Healthy Food, Burgers",1133,4.7,8700,3791,4295203,40,0,Regular Delivery,"26/33, Goda Nagar, South Dumdum 404159",28-05-2025
3744,Mumbai,Dadar,Spice Biryani Factory,"Seafood, Biryani",131,3.9,6670,3136,410816,48,25,Swiggy Genie,"42/05, Thakkar Road, Sambalpur 084182",20-03-2026
3745,Bangalore,Jayanagar,Street Andhra World,"Burgers, Mughlai",265,4.2,10576,3882,1028730,56,15,Swiggy One,"498, Virk Ganj, Nandyal 991350",21-08-2025
3746,Hyderabad,Gachibowli,Urban Bakery Grill,"Biryani, North Indian, Italian, Bakery",909,3.2,1258,2954,2685186,71,50,Swiggy One,"85/63, Gokhale Road, Gangtok 079341",31-10-2025
3747,Bangalore,Koramangala,Delight Desserts Treats,"Burgers, North Indian",276,3.3,10391,2443,674268,21,10,Swiggy One,"H.No. 814, Dyal Road, Ghaziabad 287396",10-01-2026
3748,Mumbai,Powai,Urban Arabian Point,Healthy Food,237,3.2,8128,3255,771435,40,0,Regular Delivery,"393, Korpal Nagar, Bhilwara 006636",05-05-2026
3749,Hyderabad,Gachibowli,Kitchen Chinese Junction,"South Indian, Healthy Food, Italian",189,4.4,11631,3847,727083,51,0,Swiggy Genie,"H.No. 711, D’Alia Marg, Bhind 842744",24-07-2025
3750,Delhi,Karol Bagh,Kitchen Healthy Food Junction,"Italian, Arabian, North Indian, Ice Cream",1094,3.3,10486,4758,5205252,26,40,Swiggy Genie,"96/98, Krishna Road, Srikakulam 960226",23-10-2025
3751,Mumbai,Powai,Food South Indian Point,"Healthy Food, Pizza",208,2.8,6598,3935,818480,60,50,Swiggy One,"73/63, Shetty Zila, Parbhani-092522",02-06-2025
3752,Bangalore,BTM Layout,Urban Bakery Treats,"South Indian, Healthy Food, Ice Cream, Biryani",900,4.4,1218,3175,2857500,54,0,Swiggy Genie,"622, Thakkar, Parbhani-311154",01-05-2026
3753,Bangalore,Jayanagar,Spice North Indian World,"Desserts, Mughlai, Healthy Food",247,4.5,1692,1230,303810,20,15,Swiggy Genie,"51/70, Tara Nagar, Kakinada 480559",07-01-2026
3754,Bangalore,Indiranagar,Biryani Biryani Hub,"Fast Food, Andhra, Arabian, North Indian",369,4.7,13685,3183,1174527,24,10,Regular Delivery,"696, Varty Marg, Tadipatri-600216",05-07-2025
3755,Hyderabad,Kukatpally,Food Italian Treats,North Indian,1181,4.7,13863,980,1157380,24,0,Swiggy One,"H.No. 65, Dhingra Road, Srikakulam-424924",10-03-2026
3756,Delhi,Karol Bagh,Food Desserts Corner,Chinese,426,4.4,5994,2187,931662,27,40,Swiggy Genie,"332, Trivedi Ganj, Jalandhar-253840",26-04-2026
3757,Delhi,Karol Bagh,Royal Chinese World,"Biryani, Fast Food, Desserts, Chinese",160,4.6,2604,2154,344640,72,30,Swiggy One,"H.No. 30, Trivedi Chowk, Bathinda-029238",08-02-2026
3758,Delhi,Dwarka,Cafe Ice Cream Corner,"Seafood, North Indian, Chinese",291,4.6,10918,2747,799377,70,15,Swiggy One,"021, Sabharwal, Raichur-429800",25-10-2025
3759,Delhi,Connaught Place,Biryani North Indian Corner,"Italian, Burgers, Arabian",722,3.1,4176,3511,2534942,61,15,Swiggy Genie,"H.No. 93, Aggarwal Zila, Siwan-505589",22-12-2025
3760,Hyderabad,Kukatpally,House Italian Factory,"Desserts, South Indian",708,3.9,8204,1338,947304,27,20,Swiggy Genie,"81, Balasubramanian Chowk, Gurgaon-692930",07-07-2025
3761,Hyderabad,Madhapur,House Pizza Hub,"Chinese, Bakery, Biryani, Arabian",601,3,8635,3564,2141964,46,50,Regular Delivery,"45/45, Varty Circle, Moradabad 794284",11-09-2025
3762,Mumbai,Powai,Cafe Healthy Food Zone,"Burgers, Chinese, Ice Cream",142,3.8,3249,439,62338,59,0,Swiggy One,"98/809, Dass Zila, Meerut-258793",09-07-2025
3763,Delhi,Dwarka,Delight Mughlai Treats,"South Indian, Bakery",921,4.6,12463,1510,1390710,73,40,Regular Delivery,"H.No. 527, Manda Street, Korba 433047",25-03-2026
3764,Mumbai,Andheri,Street Chinese Hub,"Andhra, Seafood",646,4.5,8123,2519,1627274,27,40,Regular Delivery,"65, Sani, Mira-Bhayandar 161182",07-10-2025
3765,Chennai,T Nagar,Food Bakery World,"Ice Cream, Bakery, Pizza",1065,4.3,1983,991,1055415,35,50,Swiggy One,"H.No. 826, Babu Chowk, Tezpur-737041",18-10-2025
3766,Hyderabad,Kukatpally,Cafe Fast Food Corner,"Italian, Ice Cream",1187,4.7,7656,1276,1514612,69,20,Swiggy Genie,"431, Ganesan Zila, Siliguri-689741",27-04-2026
3767,Mumbai,Dadar,Express Arabian Corner,"Seafood, Pizza, Mughlai, Bakery",1143,4.6,12640,3589,4102227,58,25,Regular Delivery,"H.No. 87, Jani Marg, Srikakulam 154180",13-01-2026
3768,Chennai,T Nagar,Spice North Indian Corner,"South Indian, Biryani, Bakery",325,4.6,3878,2753,894725,44,40,Regular Delivery,"H.No. 251, Seth Chowk, Nashik-989758",14-11-2025
3769,Chennai,T Nagar,Urban Desserts Palace,"Burgers, Biryani",801,4.3,3627,3497,2801097,42,40,Regular Delivery,"38, Bhatt Path, Agra 558504",29-05-2025
3770,Hyderabad,Gachibowli,Biryani Arabian Grill,"Bakery, Mughlai, Desserts, Seafood",424,4.2,12947,1006,426544,34,0,Swiggy Genie,"H.No. 877, Borah Marg, Ulhasnagar 305584",02-05-2026
3771,Hyderabad,Banjara Hills,Biryani Italian World,"Chinese, Mughlai, Arabian, South Indian",136,3,5140,727,98872,25,10,Swiggy One,"35, Sengupta Circle, Bahraich 252097",28-09-2025
3772,Delhi,Connaught Place,Tandoori Ice Cream Corner,"Pizza, Biryani, South Indian, Burgers",270,3,8985,2847,768690,49,40,Swiggy Genie,"352, Dada Nagar, Agartala-304459",13-10-2025
3773,Delhi,Connaught Place,House Bakery Hub,"Fast Food, Italian, Arabian, Desserts",875,4.7,13489,1069,935375,67,15,Swiggy One,"H.No. 345, Choudhry Chowk, Satna 506988",05-07-2025
3774,Bangalore,BTM Layout,Spice Ice Cream Palace,South Indian,572,2.8,2329,1925,1101100,49,50,Swiggy Genie,"H.No. 368, Wable Chowk, Bahraich 629601",01-07-2025
3775,Bangalore,Whitefield,Urban Italian Treats,"Mughlai, Arabian, Pizza",506,4,13717,3214,1626284,60,15,Swiggy Genie,"H.No. 41, Sinha Circle, Raurkela Industrial Township-521934",16-05-2026
3776,Hyderabad,Banjara Hills,House Biryani Point,"Andhra, Bakery, Biryani, Italian",753,3.3,12282,2862,2155086,23,50,Swiggy Genie,"24, Borde, Kollam 989242",30-09-2025
3777,Delhi,Rohini,Urban Andhra Palace,"Chinese, Pizza, South Indian, Italian",394,4,553,2187,861678,70,40,Regular Delivery,"14, Gokhale Path, Danapur-053495",16-03-2026
3778,Mumbai,Andheri,Tandoori Chinese Treats,"Fast Food, Ice Cream, Bakery",1138,3.4,11915,2624,2986112,28,30,Swiggy Genie,"H.No. 566, Lala Nagar, Jorhat-969912",30-04-2026
3779,Chennai,OMR,Express Arabian World,"Healthy Food, Pizza, Biryani",808,3.1,8377,1406,1136048,57,50,Regular Delivery,"15/04, Arora Marg, Panipat 815152",13-07-2025
3780,Chennai,T Nagar,Biryani Bakery Palace,"Burgers, Chinese, Mughlai, Pizza",174,4.3,4630,254,44196,29,10,Swiggy Genie,"733, Dash Nagar, Bettiah 860649",29-11-2025
3781,Bangalore,Koramangala,Kitchen Seafood Palace,"Biryani, South Indian, Mughlai, Desserts",881,3.2,12156,2917,2569877,73,0,Swiggy One,"H.No. 510, Ravi Marg, Pali 495806",14-08-2025
3782,Delhi,Rohini,Food Burgers Junction,"Mughlai, Italian, Chinese, Bakery",605,4,13176,346,209330,35,0,Regular Delivery,"H.No. 153, Dutta Marg, Tadipatri 120816",19-11-2025
3783,Hyderabad,Kukatpally,House Burgers Factory,"Fast Food, Arabian, Burgers",939,4.3,7495,1867,1753113,73,50,Swiggy Genie,"34, Ramachandran Street, Sagar 117991",18-10-2025
3784,Hyderabad,Kukatpally,Express Healthy Food Hub,"Arabian, Burgers",371,3.3,1606,592,219632,67,10,Swiggy One,"H.No. 96, Kumer Path, Chennai 586128",13-03-2026
3785,Chennai,Anna Nagar,Express Fast Food Treats,"Desserts, Seafood, Biryani, Burgers",410,4.7,13686,1098,450180,56,15,Swiggy One,"56/936, Bath Street, Haldia 940217",18-01-2026
3786,Bangalore,Koramangala,Kitchen Healthy Food Point,"Arabian, Pizza, Biryani, Ice Cream",1057,4.8,3834,2935,3102295,40,20,Regular Delivery,"58, Mann Circle, Patiala 746282",04-09-2025
3787,Delhi,Rohini,Biryani Ice Cream Zone,South Indian,476,3.5,2655,1824,868224,66,50,Regular Delivery,"35/56, Sengupta Street, Mysore-400941",24-05-2026
3788,Mumbai,Powai,Royal Andhra Point,"Fast Food, Andhra",435,2.8,9871,4580,1992300,59,15,Swiggy One,"02, Sant Street, Salem 208941",05-03-2026
3789,Delhi,Dwarka,Kitchen Healthy Food Factory,"Pizza, Seafood, Bakery",330,3.5,6554,1200,396000,62,50,Swiggy Genie,"H.No. 03, Ramaswamy Nagar, Satna 246874",04-06-2025
3790,Delhi,Dwarka,Food Biryani Corner,"South Indian, Andhra, Fast Food",762,4.8,12145,4711,3589782,45,30,Swiggy One,"20, Chowdhury Chowk, Buxar 625602",09-09-2025
3791,Chennai,Anna Nagar,Tandoori Biryani Point,"Arabian, Andhra, Healthy Food, Biryani",298,3.5,12449,2637,785826,60,30,Swiggy Genie,"222, Jha Street, New Delhi-080351",19-07-2025
3792,Hyderabad,Banjara Hills,Spice Mughlai Hub,"Biryani, Ice Cream",622,4.4,6748,1971,1225962,35,15,Regular Delivery,"H.No. 13, Bhatia Chowk, Junagadh 921827",05-09-2025
3793,Chennai,Anna Nagar,House Chinese Treats,"Burgers, Chinese, Arabian",845,3.6,3314,3686,3114670,64,0,Regular Delivery,"32/59, Samra Road, Baranagar-903348",07-07-2025
3794,Hyderabad,Hitech City,Express Arabian Factory,"Chinese, Seafood, Italian, Pizza",674,3.4,14300,112,75488,32,0,Swiggy One,"H.No. 55, Dhawan Zila, Allahabad 612960",18-01-2026
3795,Chennai,T Nagar,House Arabian Treats,"Healthy Food, Desserts, Pizza, South Indian",829,4.6,8265,3368,2792072,33,10,Swiggy Genie,"H.No. 040, Ratta Circle, Motihari-603943",10-02-2026
3796,Hyderabad,Gachibowli,Tandoori Andhra Junction,"Desserts, Andhra, Mughlai",201,3.5,12085,4222,848622,42,50,Swiggy One,"359, Dube Ganj, Karawal Nagar-661550",20-12-2025
3797,Mumbai,Andheri,Spice Italian Treats,"South Indian, Chinese, Andhra, Burgers",995,3.7,6383,237,235815,56,30,Regular Delivery,"15, Basu Nagar, Muzaffarpur 868342",09-07-2025
3798,Chennai,Velachery,Delight Andhra Factory,"Chinese, North Indian, Fast Food, Ice Cream",828,4.6,12096,3237,2680236,33,15,Swiggy One,"11, Dutta Marg, Lucknow-478583",02-12-2025
3799,Mumbai,Powai,Royal Burgers Palace,Ice Cream,148,4.2,13777,4739,701372,36,20,Swiggy One,"94/06, Kaur Path, Patiala 944132",20-01-2026
3800,Delhi,Karol Bagh,Food South Indian Hub,"Seafood, Arabian",130,4.7,9096,143,18590,62,15,Regular Delivery,"61/656, Batra Circle, Bhatpara 052855",01-02-2026
3801,Mumbai,Andheri,Delight Fast Food Grill,"Fast Food, Ice Cream, Italian, South Indian",417,3.8,9329,4659,1942803,26,20,Swiggy Genie,"H.No. 733, Kapadia Marg, Kozhikode 436053",01-10-2025
3802,Delhi,Rohini,Spice Biryani Zone,"Pizza, South Indian, Fast Food, Burgers",271,3.8,5981,145,39295,49,40,Swiggy Genie,"31/578, Sant Path, Kalyan-Dombivli 761190",16-01-2026
3803,Delhi,Connaught Place,Cafe Pizza Corner,"Italian, Seafood, Andhra, Burgers",962,3.1,9832,2814,2707068,70,10,Swiggy Genie,"50/561, Maharaj Zila, Singrauli-918475",28-03-2026
3804,Delhi,Rohini,Royal Mughlai Treats,"Burgers, Ice Cream",810,4.5,1367,1725,1397250,51,50,Swiggy Genie,"H.No. 23, Shan Nagar, Rajpur Sonarpur 525183",24-08-2025
3805,Hyderabad,Madhapur,Tandoori Seafood Corner,"Arabian, Healthy Food, Biryani, South Indian",1121,4.2,7041,2903,3254263,71,15,Swiggy One,"38, Saha Ganj, Nagaon-802723",18-06-2025
3806,Delhi,Saket,Royal Pizza Factory,"Andhra, Seafood, Burgers, South Indian",1015,4.4,6994,983,997745,60,30,Swiggy One,"96, Varghese Ganj, Tenali-261010",07-11-2025
3807,Hyderabad,Hitech City,Urban Healthy Food Point,Italian,795,3.3,11407,1490,1184550,32,40,Regular Delivery,"H.No. 631, Lata Zila, Thane 978289",29-12-2025
3808,Bangalore,Indiranagar,Biryani North Indian Junction,"Biryani, Healthy Food, Mughlai",533,3.4,252,2629,1401257,65,50,Regular Delivery,"32, Bahl Nagar, Mehsana-462959",09-07-2025
3809,Mumbai,Lower Parel,Cafe Arabian Treats,"Seafood, Desserts, Pizza, Healthy Food",765,3.4,4194,1021,781065,54,15,Regular Delivery,"08/022, Dhaliwal Path, Bhubaneswar 891735",12-07-2025
3810,Mumbai,Bandra,Urban Seafood Factory,"Biryani, Mughlai",1164,3.9,8071,407,473748,50,25,Swiggy One,"50, Choudhury Marg, Morbi 204185",30-11-2025
3811,Bangalore,Indiranagar,Royal Fast Food Palace,Seafood,896,3.6,8986,2727,2443392,65,40,Regular Delivery,"45/73, Badal, Motihari-707301",31-03-2026
3812,Mumbai,Lower Parel,Street Arabian World,"Desserts, Ice Cream, Healthy Food, Mughlai",1127,3,5095,2860,3223220,25,15,Regular Delivery,"61, Srivastava, Meerut-080729",17-05-2026
3813,Hyderabad,Hitech City,Royal North Indian Treats,"Ice Cream, Andhra",874,4.4,13599,3533,3087842,28,50,Swiggy One,"H.No. 77, Arya Zila, Howrah-564347",16-09-2025
3814,Chennai,Adyar,Food Healthy Food Hub,"South Indian, Italian",603,4.7,3869,3689,2224467,33,40,Regular Delivery,"35, Sane Road, Bhilai-039891",08-12-2025
3815,Mumbai,Dadar,Spice Ice Cream Junction,"Arabian, Andhra, South Indian",1080,4.7,12327,4337,4683960,69,10,Swiggy Genie,"48/55, Tiwari Road, Mathura-422134",30-07-2025
3816,Bangalore,BTM Layout,Delight Desserts Factory,"Ice Cream, North Indian",1166,3.2,12108,4058,4731628,63,10,Swiggy Genie,"52/00, Ganesh Zila, Sangli-Miraj & Kupwad-845147",02-02-2026
3817,Hyderabad,Madhapur,Spice Andhra Treats,"Chinese, Seafood",928,3.4,7186,870,807360,64,30,Regular Delivery,"H.No. 303, Suri Road, Karaikudi 853419",22-11-2025
3818,Chennai,Adyar,Street Bakery Zone,"Italian, Ice Cream, Healthy Food, Andhra",1126,4.1,14457,4839,5448714,42,50,Swiggy One,"72/690, Vyas Ganj, Saharanpur 998468",29-09-2025
3819,Bangalore,BTM Layout,Street Andhra Point,"Chinese, Desserts, Arabian",230,4.8,9698,1925,442750,65,15,Regular Delivery,"23, Bora, Agra 868868",23-11-2025
3820,Delhi,Karol Bagh,Express Fast Food Corner,North Indian,1130,4.2,6566,4520,5107600,45,40,Regular Delivery,"16, Kadakia Street, Surendranagar Dudhrej 472375",12-04-2026
3821,Delhi,Rohini,Tandoori Burgers Treats,"Pizza, North Indian, Italian",797,2.9,3790,1225,976325,23,30,Swiggy One,"74/81, Goel Chowk, Malda-936877",06-01-2026
3822,Bangalore,BTM Layout,Kitchen Andhra Factory,"Burgers, North Indian, Bakery",314,4.9,3702,1536,482304,33,30,Regular Delivery,"H.No. 117, Chadha, Sri Ganganagar-955800",08-08-2025
3823,Chennai,OMR,Tandoori Andhra Point,"Healthy Food, Fast Food, North Indian",182,3.9,12936,4918,895076,60,15,Swiggy One,"13, Sant Road, Rewa-201158",06-01-2026
3824,Bangalore,Koramangala,Express Italian Treats,"Fast Food, Ice Cream, Healthy Food",263,3.1,12355,3448,906824,56,50,Swiggy One,"94, Sani Ganj, Bareilly-827435",11-09-2025
3825,Mumbai,Bandra,Biryani Arabian Factory,Fast Food,947,4.4,4649,1067,1010449,66,20,Swiggy One,"H.No. 15, Ray Marg, Jalgaon-696908",29-11-2025
3826,Hyderabad,Hitech City,House Bakery Junction,"Arabian, Ice Cream",255,3.2,14996,4338,1106190,23,0,Swiggy One,"18/76, Borde Road, Gandhidham-030160",27-04-2026
3827,Delhi,Connaught Place,Urban Ice Cream Point,"South Indian, Mughlai, North Indian",1043,2.9,6676,1581,1648983,65,25,Swiggy Genie,"H.No. 90, Kata Zila, Mumbai 951441",26-09-2025
3828,Mumbai,Bandra,Street Pizza Palace,"Chinese, Biryani",248,3.4,10310,4279,1061192,48,10,Regular Delivery,"433, Dara Circle, Jodhpur 673379",17-03-2026
3829,Mumbai,Dadar,Kitchen Healthy Food Grill,"Chinese, Mughlai",722,4.3,10565,887,640414,59,15,Swiggy Genie,"09/153, Hayer Circle, Orai-913970",19-05-2026
3830,Bangalore,Whitefield,Street Pizza Point,"Healthy Food, Italian",817,4.7,14843,242,197714,50,30,Regular Delivery,"280, Sehgal Path, Nagaon 258910",24-02-2026
3831,Mumbai,Lower Parel,Street South Indian Palace,"Desserts, South Indian, Biryani, Chinese",917,4.5,10246,834,764778,46,30,Regular Delivery,"H.No. 75, Sastry Ganj, Phusro-353339",19-07-2025
3832,Mumbai,Dadar,Street Bakery World,"Healthy Food, South Indian",225,4.9,5234,4236,953100,64,40,Swiggy One,"720, Shetty Nagar, Sikar 191857",31-05-2025
3833,Hyderabad,Gachibowli,Kitchen Biryani World,"Bakery, Healthy Food, Mughlai, Desserts",371,3.2,9474,787,291977,57,20,Swiggy One,"H.No. 68, Edwin Ganj, Delhi-744801",04-12-2025
3834,Mumbai,Dadar,House North Indian Hub,Healthy Food,380,3.2,7235,1397,530860,56,40,Regular Delivery,"32, Sule Zila, Anantapuram-907621",14-09-2025
3835,Chennai,T Nagar,Street Fast Food Hub,"Burgers, Desserts, Ice Cream",141,3.3,8980,3521,496461,51,0,Swiggy One,"27/494, Gill Street, Ongole 139291",07-03-2026
3836,Mumbai,Powai,Express Andhra Zone,"Chinese, Seafood, Mughlai",742,4.1,8425,1664,1234688,51,25,Regular Delivery,"H.No. 60, Madan Nagar, Jabalpur-075873",21-03-2026
3837,Hyderabad,Madhapur,Food Mughlai Zone,"Pizza, Chinese",1084,2.9,11273,3086,3345224,33,50,Swiggy One,"H.No. 62, Salvi Road, Panchkula 336460",08-10-2025
3838,Mumbai,Lower Parel,Cafe Mughlai Factory,"Arabian, Burgers, Desserts",559,2.8,2398,2438,1362842,36,40,Swiggy Genie,"03/32, Ramakrishnan Path, Ambarnath 134120",07-03-2026
3839,Bangalore,Jayanagar,Urban Pizza Corner,Desserts,828,4.9,6122,702,581256,21,25,Swiggy Genie,"85/330, Barman Ganj, Tiruchirappalli 009804",20-03-2026
3840,Hyderabad,Banjara Hills,Biryani North Indian Grill,"Arabian, Mughlai, Biryani, Bakery",695,4.6,5214,1983,1378185,43,50,Swiggy Genie,"67/149, Ramaswamy, Jabalpur-620167",11-06-2025
3841,Chennai,OMR,Urban Pizza Palace,"Andhra, Fast Food",1126,3.7,89,4194,4722444,32,15,Swiggy Genie,"71/456, Jayaraman Street, Bilaspur 319374",16-05-2026
3842,Mumbai,Andheri,Urban Ice Cream Factory,South Indian,1196,4.4,11781,2315,2768740,53,40,Swiggy Genie,"H.No. 22, Ben Marg, Mango 019378",06-05-2026
3843,Mumbai,Lower Parel,Kitchen Desserts Junction,"Mughlai, Arabian",535,3.3,3256,4397,2352395,66,20,Swiggy One,"77/39, Sami Path, Kochi-133413",17-08-2025
3844,Mumbai,Lower Parel,Delight Pizza Factory,"Mughlai, Ice Cream",1170,3.1,7380,4491,5254470,33,40,Swiggy Genie,"H.No. 171, Hari Path, Panihati 110774",08-02-2026
3845,Mumbai,Powai,Biryani South Indian World,"Pizza, Biryani",602,3.8,8086,1170,704340,34,30,Swiggy Genie,"82, Shroff Nagar, Noida-606431",02-01-2026
3846,Delhi,Rohini,Express Ice Cream Grill,Mughlai,947,2.9,3277,1525,1444175,33,25,Regular Delivery,"678, Kota Path, Allahabad-699724",06-09-2025
3847,Delhi,Karol Bagh,Kitchen Pizza Corner,Mughlai,956,4.2,7159,543,519108,31,10,Swiggy One,"H.No. 866, Kadakia Circle, Guwahati 203964",30-12-2025
3848,Mumbai,Dadar,Food Italian Junction,"Italian, Mughlai, Healthy Food, Ice Cream",1107,3,1157,3019,3342033,58,0,Regular Delivery,"77/070, Andra Road, Chittoor 971399",20-09-2025
3849,Delhi,Dwarka,Delight Desserts Junction,"Andhra, Ice Cream, Mughlai",187,3.6,11390,431,80597,51,25,Regular Delivery,"89/29, Dube Nagar, Bidhannagar-283898",03-09-2025
3850,Mumbai,Bandra,Spice Desserts Junction,"Pizza, Fast Food, South Indian",430,3.4,9161,4160,1788800,64,50,Swiggy Genie,"H.No. 280, Malhotra, Bangalore 365290",04-11-2025
3851,Mumbai,Powai,Delight Biryani Grill,Ice Cream,957,4.4,1378,4833,4625181,33,15,Swiggy One,"H.No. 20, Chatterjee Road, Udupi 691963",08-02-2026
3852,Bangalore,Whitefield,Urban Ice Cream World,"Bakery, Desserts",945,4.6,9870,3977,3758265,55,30,Swiggy Genie,"10, Dass Chowk, Munger-049518",29-11-2025
3853,Mumbai,Lower Parel,Urban Arabian Junction,"South Indian, North Indian, Desserts",1160,4.2,11429,301,349160,42,0,Regular Delivery,"H.No. 05, Tiwari, Kadapa 256290",04-05-2026
3854,Delhi,Rohini,Delight Burgers Palace,"Andhra, Italian, Seafood, Bakery",761,4.2,5403,315,239715,24,25,Swiggy One,"46, Chada Ganj, Chandrapur 811511",08-01-2026
3855,Delhi,Dwarka,Delight Healthy Food Factory,"Bakery, Healthy Food",679,3.3,4753,2003,1360037,70,30,Swiggy One,"999, Rege Road, Raebareli 771185",01-11-2025
3856,Chennai,OMR,Kitchen Italian World,"Biryani, Bakery, North Indian, Desserts",411,3.1,2366,2598,1067778,64,40,Swiggy One,"H.No. 90, Gopal Chowk, Aurangabad 844025",29-10-2025
3857,Bangalore,Koramangala,Spice Pizza World,"Desserts, North Indian",142,3.1,12750,3981,565302,43,0,Swiggy One,"H.No. 00, Jha, Saharsa 838068",19-05-2026
3858,Delhi,Dwarka,Spice Seafood Point,"Desserts, Andhra, Ice Cream, Bakery",636,3.6,14317,4948,3146928,55,40,Regular Delivery,"16, Kade Road, Moradabad 117662",21-06-2025
3859,Bangalore,BTM Layout,Kitchen Seafood Hub,"Chinese, Healthy Food, Mughlai, North Indian",231,2.9,10074,2930,676830,74,10,Swiggy One,"806, Borra Zila, Khora  666798",05-04-2026
3860,Delhi,Karol Bagh,Urban Ice Cream Palace,"Burgers, Andhra",772,3.5,7195,1817,1402724,41,15,Swiggy Genie,"18/74, Doctor Ganj, Kakinada-621326",29-10-2025
3861,Hyderabad,Madhapur,Royal Fast Food Grill,"Arabian, Pizza, Mughlai",885,4.2,14958,4700,4159500,48,40,Regular Delivery,"59/574, Venkatesh, Karawal Nagar 285993",28-10-2025
3862,Hyderabad,Gachibowli,Express Chinese Factory,Desserts,1008,4,9671,188,189504,22,50,Swiggy One,"97, Chakrabarti Nagar, Gandhidham 095659",19-07-2025
3863,Mumbai,Lower Parel,Food Fast Food Treats,"Chinese, North Indian, Andhra",349,4.2,1093,4330,1511170,71,15,Swiggy One,"H.No. 31, Raju Nagar, Parbhani-328390",26-08-2025
3864,Chennai,Anna Nagar,Kitchen Fast Food Hub,Chinese,889,4,9898,647,575183,34,15,Swiggy One,"499, Rege Ganj, Sambalpur-364234",25-04-2026
3865,Chennai,Velachery,Tandoori North Indian Corner,"Mughlai, Chinese, Ice Cream, Arabian",707,2.9,2417,467,330169,24,30,Swiggy One,"46/897, Gupta Path, Nangloi Jat 340804",03-02-2026
3866,Mumbai,Andheri,Royal Pizza Treats,"Biryani, Arabian",229,3.4,12003,4407,1009203,54,30,Regular Delivery,"60/943, Baria, Ranchi 304394",01-03-2026
3867,Mumbai,Powai,Street North Indian Grill,"Chinese, Ice Cream, Pizza",615,3.9,13648,2601,1599615,47,30,Swiggy One,"70/670, Tara Ganj, Bathinda 494866",15-10-2025
3868,Bangalore,Jayanagar,Spice Bakery Palace,"Healthy Food, Seafood",1165,3.8,8725,2834,3301610,50,0,Swiggy One,"018, Agrawal, Bhalswa Jahangir Pur 206742",10-04-2026
3869,Mumbai,Bandra,Cafe South Indian Factory,"North Indian, Andhra",923,4.9,9625,2309,2131207,61,25,Regular Delivery,"H.No. 11, Walia Ganj, Meerut 222058",09-10-2025
3870,Mumbai,Andheri,Urban Desserts Factory,"North Indian, Andhra, South Indian",227,3.7,10345,3625,822875,43,40,Swiggy Genie,"58/991, Kale Path, Raebareli 862196",01-10-2025
3871,Chennai,Anna Nagar,Biryani Bakery World,"North Indian, Andhra, Ice Cream",996,3.5,8861,3981,3965076,56,20,Regular Delivery,"H.No. 30, Tank Ganj, Danapur 586018",11-12-2025
3872,Hyderabad,Hitech City,Kitchen Ice Cream Junction,Arabian,1065,3.1,9338,1642,1748730,73,0,Swiggy One,"86/081, Goswami Chowk, Morbi-624620",20-11-2025
3873,Hyderabad,Madhapur,Urban Italian Treats,"North Indian, Arabian, South Indian, Healthy Food",677,3.8,14947,1614,1092678,68,25,Swiggy One,"98/45, Sabharwal Marg, Nashik-704494",19-08-2025
3874,Hyderabad,Gachibowli,Royal South Indian Corner,Biryani,1014,4.2,12533,2001,2029014,63,15,Swiggy One,"24/645, Lanka Circle, Vijayawada 278733",16-05-2026
3875,Mumbai,Bandra,Tandoori North Indian Grill,Desserts,618,3,4361,2127,1314486,43,15,Swiggy One,"93/630, Bakshi, Raiganj-740891",25-07-2025
3876,Delhi,Connaught Place,Tandoori Fast Food Corner,"Arabian, Fast Food",1174,3.7,10422,3494,4101956,29,30,Swiggy One,"H.No. 04, Thaman Nagar, Muzaffarpur 364630",26-12-2025
3877,Mumbai,Lower Parel,Cafe Seafood Zone,"Andhra, Mughlai, Ice Cream, North Indian",203,2.9,11773,1843,374129,43,30,Regular Delivery,"954, Shan Chowk, Anantapuram 571689",13-03-2026
3878,Bangalore,Koramangala,Biryani Ice Cream Junction,"Bakery, Andhra, North Indian, South Indian",802,3.8,1795,4019,3223238,55,0,Swiggy One,"68/321, Sule Ganj, Sirsa-978328",12-06-2025
3879,Delhi,Karol Bagh,Express Biryani Factory,Arabian,353,4.8,4491,839,296167,47,40,Regular Delivery,"H.No. 11, Sridhar Path, Darbhanga-175940",25-06-2025
3880,Delhi,Karol Bagh,Spice North Indian Treats,"Biryani, Desserts, South Indian",864,3.7,2368,3587,3099168,45,40,Regular Delivery,"13/90, Sagar Path, Secunderabad 222282",03-05-2026
3881,Delhi,Karol Bagh,Tandoori Mughlai Junction,"Seafood, Healthy Food, Burgers",1139,4.8,8181,3033,3454587,47,40,Regular Delivery,"H.No. 321, Gaba Ganj, Eluru-682348",10-09-2025
3882,Delhi,Karol Bagh,House Desserts Palace,Burgers,696,4.7,13116,4676,3254496,28,20,Swiggy Genie,"893, Bassi Street, Mango-584237",15-06-2025
3883,Mumbai,Bandra,Street Arabian Grill,"Mughlai, Fast Food",340,3.9,6473,3233,1099220,26,25,Swiggy Genie,"70/726, Ratta, Sambalpur-548179",06-11-2025
3884,Delhi,Rohini,Cafe Seafood Zone,"Mughlai, Biryani",242,4.2,12368,790,191180,33,20,Regular Delivery,"34/79, Vala Path, Hospet-455244",03-08-2025
3885,Chennai,Anna Nagar,Tandoori Bakery Treats,"Chinese, Seafood",352,4.5,7329,4054,1427008,20,15,Regular Delivery,"61/38, Agarwal Zila, Uluberia-657671",02-01-2026
3886,Chennai,Adyar,Kitchen Fast Food World,"Arabian, Pizza",469,4.4,3763,4033,1891477,69,10,Swiggy One,"910, Tak Chowk, Srikakulam 149533",17-02-2026
3887,Bangalore,Jayanagar,Express Seafood Zone,"Burgers, Italian, Chinese, Healthy Food",679,4.2,2018,4139,2810381,33,30,Swiggy One,"34/86, Dutt Path, Nandyal-048032",24-11-2025
3888,Bangalore,Jayanagar,Kitchen Fast Food Grill,"Arabian, Desserts, Pizza, North Indian",1096,3.1,10346,4070,4460720,46,10,Swiggy One,"773, Sem Chowk, Sangli-Miraj & Kupwad-212646",15-08-2025
3889,Mumbai,Powai,Spice Mughlai Point,"Healthy Food, Arabian, Italian, Mughlai",1157,4.7,12186,1303,1507571,38,25,Swiggy One,"H.No. 09, Chakraborty Nagar, Bhopal-932736",10-04-2026
3890,Bangalore,BTM Layout,Street Seafood Factory,Seafood,279,4,10904,935,260865,28,25,Swiggy One,"363, Bhatia, Tumkur-937803",28-06-2025
3891,Hyderabad,Hitech City,Spice Chinese Treats,"Desserts, Pizza, Ice Cream, Italian",298,4.2,835,2143,638614,73,40,Regular Delivery,"682, Sunder, Ahmednagar 070097",15-07-2025
3892,Bangalore,Koramangala,Kitchen Bakery Corner,"Seafood, Biryani, Italian",161,3,5938,2341,376901,44,10,Swiggy One,"H.No. 052, Bains Circle, Agra-347217",08-04-2026
3893,Bangalore,Whitefield,Tandoori Fast Food World,"Chinese, Burgers, Desserts",991,4.7,8532,806,798746,37,0,Swiggy Genie,"H.No. 14, Kakar Street, Purnia-867060",02-01-2026
3894,Chennai,Anna Nagar,Kitchen Biryani Grill,"Chinese, North Indian, Arabian, Italian",886,3.8,1723,2904,2572944,62,25,Swiggy Genie,"40, Bhatt Nagar, Udaipur 824364",21-09-2025
3895,Chennai,OMR,Cafe Bakery Factory,"Biryani, Pizza, Arabian",507,3.9,14098,4577,2320539,33,40,Swiggy Genie,"471, Acharya, Pudukkottai-852357",08-07-2025
3896,Mumbai,Bandra,Spice Ice Cream Junction,"Andhra, Bakery, South Indian, Ice Cream",1185,3.9,1173,4417,5234145,44,25,Swiggy Genie,"02, Balakrishnan Road, Thoothukudi 361972",19-08-2025
3897,Mumbai,Bandra,Delight South Indian World,"North Indian, Andhra",155,4.5,11903,2134,330770,44,25,Swiggy One,"24/15, Sane Ganj, Pallavaram-598839",23-05-2026
3898,Bangalore,Indiranagar,Food North Indian Palace,North Indian,852,4.3,2087,4271,3638892,63,0,Swiggy Genie,"78/78, Ramesh Road, Mau 626009",27-04-2026
3899,Delhi,Dwarka,Spice Burgers World,"Fast Food, North Indian",893,3.3,2322,1581,1411833,71,50,Swiggy Genie,"920, Gill Marg, Loni-425861",16-08-2025
3900,Hyderabad,Banjara Hills,Biryani South Indian Palace,"Andhra, Arabian",545,3.1,10683,2799,1525455,44,0,Regular Delivery,"65/57, Zachariah Nagar, Hazaribagh-699312",22-03-2026
3901,Bangalore,Koramangala,Urban Burgers Treats,"Desserts, Burgers, Biryani, Italian",869,3.3,3425,1793,1558117,23,30,Regular Delivery,"76/933, Ramakrishnan Marg, Berhampur-096832",07-12-2025
3902,Mumbai,Bandra,House Bakery Grill,"Bakery, South Indian, Biryani",1009,3.4,6944,587,592283,23,40,Regular Delivery,"H.No. 55, Gill Path, Gaya 918855",10-07-2025
3903,Bangalore,Jayanagar,Cafe Seafood Point,"Burgers, Desserts, Pizza, North Indian",649,4.2,4020,2463,1598487,27,40,Swiggy Genie,"30, Bawa Marg, Silchar 511863",02-01-2026
3904,Bangalore,Jayanagar,Food Bakery Treats,Fast Food,755,4.3,10550,3034,2290670,68,15,Swiggy One,"H.No. 308, Tara Ganj, Hosur-709692",11-06-2025
3905,Hyderabad,Banjara Hills,Food Pizza Zone,South Indian,495,3.2,8580,3029,1499355,36,20,Swiggy One,"72/85, Venkataraman Road, Jamshedpur-161645",16-04-2026
3906,Delhi,Rohini,Delight Arabian Factory,"Seafood, Italian",462,3.1,1095,2363,1091706,61,50,Swiggy One,"61/231, Dani Zila, Nandyal 339470",22-11-2025
3907,Chennai,Velachery,Food Bakery Factory,"Italian, Desserts, Burgers",329,3.1,13910,3648,1200192,69,30,Swiggy Genie,"85, Chaudry Circle, Gwalior 840568",28-04-2026
3908,Delhi,Saket,Kitchen South Indian Junction,"Healthy Food, Fast Food, Italian, Burgers",284,4.3,1332,664,188576,30,15,Swiggy Genie,"677, Hari Nagar, North Dumdum-996069",19-01-2026
3909,Hyderabad,Hitech City,House Ice Cream Corner,"Bakery, Mughlai, Biryani, Seafood",270,3.4,12126,2830,764100,52,20,Swiggy One,"344, Srivastava, Karimnagar-136527",18-07-2025
3910,Chennai,Adyar,Express Fast Food Zone,"Desserts, Arabian, Fast Food",380,3.6,6139,1842,699960,75,25,Swiggy Genie,"10/31, Kota Ganj, Jorhat-014279",02-09-2025
3911,Delhi,Saket,Biryani Burgers Point,"Desserts, Italian, Mughlai",840,2.9,3256,3191,2680440,63,25,Swiggy One,"780, Khalsa Path, Erode-056435",30-12-2025
3912,Bangalore,Whitefield,Royal Bakery World,"Ice Cream, Desserts",777,3.7,1776,709,550893,21,0,Swiggy Genie,"H.No. 31, Suri Path, Bhusawal 951703",14-04-2026
3913,Hyderabad,Madhapur,Royal Pizza Junction,"Burgers, Italian",812,4.8,1796,3500,2842000,31,10,Regular Delivery,"815, Mander Path, Nellore-499559",23-04-2026
3914,Delhi,Saket,Express Bakery Palace,"Fast Food, Chinese",322,3.3,2123,1969,634018,30,40,Regular Delivery,"699, Dar Chowk, Gurgaon 696918",21-10-2025
3915,Hyderabad,Banjara Hills,Street Seafood Junction,"Biryani, Pizza",1092,3,10634,2716,2965872,22,25,Swiggy Genie,"H.No. 153, Sandal Ganj, Thrissur-956892",26-08-2025
3916,Delhi,Dwarka,Spice Chinese Point,"Italian, Desserts, Ice Cream, Andhra",842,4.4,1695,3542,2982364,33,15,Regular Delivery,"H.No. 527, Lad Marg, Chinsurah 663235",23-12-2025
3917,Chennai,Velachery,House Mughlai Junction,"Burgers, Bakery",811,3.5,4452,1780,1443580,46,0,Swiggy Genie,"H.No. 831, Chada Path, Bangalore 899073",24-06-2025
3918,Mumbai,Lower Parel,Biryani Italian Point,"Chinese, North Indian",1051,3.3,3330,2980,3131980,65,10,Swiggy One,"91, Mammen Circle, Navi Mumbai 219257",17-02-2026
3919,Chennai,T Nagar,Cafe Healthy Food Treats,"Italian, Ice Cream",451,4.1,158,2781,1254231,31,20,Swiggy One,"H.No. 064, Loke Nagar, Tiruppur-297775",09-03-2026
3920,Chennai,Anna Nagar,Delight Andhra Zone,"North Indian, Arabian",280,4.1,6162,4673,1308440,20,50,Swiggy One,"44, Hora Nagar, Surat-675409",25-11-2025
3921,Mumbai,Lower Parel,Delight Biryani Grill,"Fast Food, Seafood, Ice Cream, South Indian",714,4,13453,2315,1652910,63,50,Swiggy One,"H.No. 72, Dalal Circle, Dhanbad 135199",22-06-2025
3922,Bangalore,Indiranagar,Cafe North Indian Hub,"Chinese, Arabian",410,3.4,5985,4130,1693300,41,10,Swiggy One,"632, Dhar Road, Farrukhabad 362485",21-06-2025
3923,Delhi,Dwarka,Biryani Fast Food Junction,"Italian, Biryani",459,4.6,611,3425,1572075,28,40,Swiggy One,"H.No. 115, Loke Road, Gurgaon 797294",27-09-2025
3924,Delhi,Dwarka,Royal Mughlai Corner,"Ice Cream, Biryani, South Indian",257,2.9,11047,2984,766888,64,40,Swiggy Genie,"H.No. 396, Gandhi, Kurnool 416967",12-10-2025
3925,Chennai,OMR,Delight Mughlai Factory,"Italian, Biryani, Mughlai",714,4.4,1330,2977,2125578,21,30,Swiggy One,"31/09, Sampath Marg, Faridabad 275134",27-07-2025
3926,Mumbai,Andheri,House South Indian Corner,Fast Food,1064,3.5,6838,4569,4861416,22,30,Swiggy One,"55/437, Chaudry Nagar, Serampore-789697",23-03-2026
3927,Delhi,Dwarka,Express Arabian Junction,"Seafood, Andhra",643,4.7,3135,4727,3039461,26,25,Swiggy One,"83/52, Shan Path, Bhimavaram 462173",05-02-2026
3928,Chennai,Velachery,Biryani Andhra Hub,Burgers,988,3.1,12522,4598,4542824,20,10,Swiggy Genie,"62/91, Sodhi Marg, Rohtak 444729",05-11-2025
3929,Chennai,Anna Nagar,Royal Arabian Point,Seafood,717,2.8,12953,196,140532,23,30,Regular Delivery,"H.No. 361, Venkataraman Ganj, Bhimavaram-883816",28-08-2025
3930,Bangalore,Indiranagar,Cafe Burgers Grill,"Healthy Food, Seafood, Pizza",942,4.7,12888,671,632082,46,25,Swiggy Genie,"764, Desai, Bahraich 037581",04-02-2026
3931,Hyderabad,Banjara Hills,Cafe Ice Cream Junction,"Italian, Chinese, Burgers",485,3.4,3521,187,90695,58,40,Swiggy One,"H.No. 041, Varghese Street, Jamnagar-905873",25-02-2026
3932,Hyderabad,Kukatpally,Kitchen Arabian Palace,Chinese,403,3.6,3937,4404,1774812,56,40,Regular Delivery,"H.No. 56, Bala Street, Guna-088572",21-09-2025
3933,Chennai,Velachery,Spice Biryani Zone,"Andhra, Ice Cream, Healthy Food, Chinese",329,3.1,5074,3273,1076817,70,40,Swiggy Genie,"12, Kara Path, Tadepalligudem 084948",24-04-2026
3934,Chennai,Velachery,Spice Burgers Hub,Healthy Food,1078,4,300,2102,2265956,58,40,Swiggy One,"12/312, Jain Path, Ambattur-430949",25-05-2025
3935,Bangalore,Koramangala,Kitchen Seafood Junction,Chinese,602,3,949,1749,1052898,28,30,Swiggy Genie,"41/417, Yogi Circle, Serampore 466379",04-03-2026
3936,Mumbai,Lower Parel,Street Desserts World,"North Indian, Ice Cream, Fast Food, Healthy Food",1100,4.7,9066,3092,3401200,49,15,Swiggy Genie,"H.No. 057, Gill Road, Fatehpur-776385",06-06-2025
3937,Mumbai,Andheri,Biryani Desserts Junction,"Pizza, North Indian, Seafood, South Indian",585,2.9,3321,2837,1659645,75,15,Swiggy One,"H.No. 334, Karan Road, Kolhapur 044594",08-03-2026
3938,Delhi,Dwarka,Royal Fast Food Junction,"Italian, Mughlai, Pizza",263,4.7,5895,4201,1104863,25,40,Swiggy Genie,"H.No. 46, Sur Nagar, Delhi 997807",30-08-2025
3939,Delhi,Karol Bagh,House Andhra Junction,"Burgers, Chinese, Fast Food",297,3.6,14522,4937,1466289,33,0,Regular Delivery,"74/810, Upadhyay Ganj, Howrah 991915",02-06-2025
3940,Bangalore,Indiranagar,Biryani Mughlai Factory,"Biryani, Healthy Food, South Indian",521,4.6,11674,4144,2159024,44,40,Swiggy Genie,"H.No. 41, Jha Path, Khora  915933",21-02-2026
3941,Hyderabad,Banjara Hills,Tandoori Seafood Point,"Andhra, Italian, Bakery",737,3.5,3060,1821,1342077,52,15,Swiggy Genie,"05/804, Baria Circle, Bhind 494555",25-02-2026
3942,Chennai,Velachery,Cafe Italian Grill,"Seafood, Bakery, Chinese",553,4.3,9816,2990,1653470,74,40,Swiggy One,"85, Bora Chowk, Khammam 523860",04-06-2025
3943,Mumbai,Powai,Urban Biryani Grill,"Desserts, Burgers",1136,2.8,11246,133,151088,44,25,Swiggy One,"34/19, Lala Path, Raipur-904659",18-09-2025
3944,Chennai,Anna Nagar,Cafe Chinese Factory,"Fast Food, Italian",695,2.9,5099,4200,2919000,36,50,Swiggy Genie,"H.No. 955, Johal Circle, Miryalaguda 238025",26-05-2025
3945,Bangalore,Whitefield,Tandoori Pizza World,"North Indian, South Indian, Fast Food",162,4.8,10711,2150,348300,37,10,Swiggy Genie,"H.No. 10, Hans Nagar, Mangalore 726819",11-07-2025
3946,Bangalore,Koramangala,House Mughlai Junction,"Mughlai, Arabian",966,4.8,2788,687,663642,49,15,Swiggy Genie,"H.No. 42, Bail Chowk, Barasat 484735",21-10-2025
3947,Mumbai,Powai,Kitchen Andhra Zone,"Arabian, Biryani, Fast Food",1105,4.1,7152,3273,3616665,50,25,Swiggy One,"59, Chakrabarti Nagar, Eluru-554586",12-12-2025
3948,Hyderabad,Banjara Hills,Cafe Desserts Junction,"Fast Food, North Indian, Mughlai, South Indian",571,3.1,10126,855,488205,69,15,Swiggy One,"78, Rege Marg, Bareilly 886708",13-07-2025
3949,Bangalore,Indiranagar,Food Chinese Palace,"Healthy Food, South Indian, Arabian, Andhra",699,4.1,14092,1059,740241,54,30,Swiggy One,"41/75, Shan, Miryalaguda-741136",03-07-2025
3950,Mumbai,Powai,Tandoori Arabian Grill,"Biryani, Fast Food, Bakery, North Indian",788,4.8,2511,3510,2765880,45,0,Regular Delivery,"H.No. 079, Bir Street, Morbi 645925",05-01-2026
3951,Hyderabad,Gachibowli,Street Chinese Hub,"Seafood, Bakery, Fast Food, South Indian",898,3.6,11066,1636,1469128,43,15,Swiggy Genie,"H.No. 257, Sampath Road, Rampur 131648",26-03-2026
3952,Chennai,Adyar,Spice Andhra Grill,Seafood,150,3.2,13385,2419,362850,65,20,Regular Delivery,"01/132, Balay, Jamshedpur 923128",30-09-2025
3953,Mumbai,Andheri,Spice Pizza World,Burgers,555,2.9,13861,1999,1109445,61,15,Regular Delivery,"52/505, Dubey Circle, Patiala-710735",18-02-2026
3954,Chennai,OMR,Urban Pizza Hub,"Biryani, Bakery, Seafood",1071,3.1,3277,2066,2212686,22,20,Swiggy One,"37/692, Sule Marg, Coimbatore 961563",30-12-2025
3955,Delhi,Saket,Express Bakery Point,"Desserts, Arabian",336,4.3,4000,3926,1319136,60,50,Swiggy Genie,"H.No. 25, Datta Nagar, Bhubaneswar-907670",03-12-2025
3956,Delhi,Dwarka,Kitchen Mughlai World,"Italian, Ice Cream",440,3.3,175,1573,692120,60,25,Swiggy Genie,"H.No. 733, Lala Nagar, Malda 489984",20-03-2026
3957,Delhi,Dwarka,House Ice Cream Zone,"Seafood, South Indian, Pizza, Andhra",891,3.5,4486,3380,3011580,32,0,Swiggy Genie,"84/84, Sama, Sikar-160225",17-08-2025
3958,Bangalore,Whitefield,House Arabian Grill,Arabian,372,4,11568,492,183024,48,15,Swiggy Genie,"92, Bali Ganj, Siwan-639439",30-07-2025
3959,Delhi,Rohini,Tandoori North Indian Hub,Chinese,1180,3.4,10648,2452,2893360,33,10,Swiggy Genie,"115, Choudhry Zila, Rajahmundry 185949",05-09-2025
3960,Delhi,Rohini,Cafe Italian Grill,Chinese,960,3.3,3245,90,86400,21,30,Swiggy One,"H.No. 201, Sharma Marg, Durgapur-490636",18-09-2025
3961,Chennai,OMR,Street Desserts Corner,"South Indian, Andhra, Pizza",1023,3,13820,4752,4861296,57,15,Regular Delivery,"H.No. 84, Randhawa Ganj, Haridwar-817156",28-07-2025
3962,Bangalore,Indiranagar,Food Chinese Treats,"Ice Cream, Mughlai, South Indian",556,4.9,6742,2316,1287696,71,15,Swiggy Genie,"H.No. 269, Luthra Zila, Nashik 482610",06-07-2025
3963,Delhi,Rohini,House Andhra Junction,"Biryani, Italian, Seafood",391,3.3,1750,194,75854,32,50,Regular Delivery,"64, Sunder Ganj, Bareilly 499472",29-01-2026
3964,Chennai,Adyar,Kitchen Andhra Corner,"Chinese, North Indian, Biryani",478,3.7,11999,1080,516240,41,25,Regular Delivery,"H.No. 95, Bobal Marg, Ahmednagar 061439",05-12-2025
3965,Chennai,Velachery,Royal Andhra Junction,"Fast Food, Ice Cream, Burgers",764,3.8,1250,3449,2635036,71,10,Swiggy One,"493, Basak Ganj, Ambala-698700",07-10-2025
3966,Chennai,Adyar,Tandoori Burgers Grill,"Ice Cream, Mughlai, Desserts, South Indian",240,4.5,1696,1536,368640,69,0,Regular Delivery,"55/022, Dash Circle, Kamarhati 837105",01-10-2025
3967,Bangalore,Koramangala,Express Bakery Zone,"Biryani, Andhra, South Indian",286,4.7,13593,2416,690976,23,10,Swiggy One,"36, Bali Ganj, Avadi-084088",21-01-2026
3968,Bangalore,Indiranagar,Biryani Mughlai Zone,"Bakery, Biryani",453,3.9,291,474,214722,26,25,Regular Delivery,"76, Raj Path, Surat-517956",11-01-2026
3969,Bangalore,Indiranagar,Tandoori Chinese Treats,"Seafood, Fast Food",1134,4.5,6525,3790,4297860,23,15,Swiggy Genie,"H.No. 17, Lall Ganj, Ambarnath-848072",08-08-2025
3970,Mumbai,Lower Parel,House Ice Cream World,"Italian, Ice Cream",1169,4.4,12999,4546,5314274,49,10,Swiggy Genie,"02/22, Acharya Path, Surendranagar Dudhrej-484756",12-11-2025
3971,Delhi,Saket,House Italian Hub,"Arabian, Desserts",832,4.8,256,3965,3298880,61,25,Swiggy Genie,"34, Salvi Road, Bardhaman 809446",19-06-2025
3972,Bangalore,Jayanagar,Express Burgers Point,Burgers,561,3,1338,4267,2393787,64,25,Swiggy Genie,"H.No. 323, Varughese, Phagwara-327385",22-09-2025
3973,Chennai,Anna Nagar,Street Arabian Treats,"Desserts, North Indian, Pizza",1071,3.9,9695,2764,2960244,38,15,Regular Delivery,"03/90, Sharma Marg, Pune 557579",05-06-2025
3974,Mumbai,Bandra,Royal Italian Treats,"North Indian, Mughlai, Healthy Food",1197,4.3,10028,2347,2809359,34,20,Swiggy One,"H.No. 809, Bandi Chowk, Dehradun-928954",30-07-2025
3975,Bangalore,BTM Layout,Royal Chinese Junction,"Biryani, Arabian, Burgers",209,3.3,7312,3276,684684,69,40,Swiggy Genie,"48, Yohannan Ganj, Agra-574655",19-01-2026
3976,Mumbai,Andheri,Food Ice Cream Treats,"Biryani, Fast Food, Seafood, Bakery",756,4.5,8872,333,251748,63,15,Regular Delivery,"H.No. 426, Khosla Nagar, Ramagundam-489416",14-12-2025
3977,Delhi,Dwarka,Express Chinese Zone,"Arabian, Mughlai",336,3.9,9455,1934,649824,45,15,Swiggy One,"H.No. 22, Choudhary Zila, Rajkot 481375",03-05-2026
3978,Chennai,T Nagar,Biryani Italian Corner,Seafood,753,3.8,7606,1902,1432206,30,10,Regular Delivery,"H.No. 07, Trivedi Ganj, Mumbai-985992",07-06-2025
3979,Mumbai,Bandra,Royal Andhra Hub,"Pizza, North Indian, Bakery, Arabian",678,4,4875,1370,928860,27,50,Swiggy Genie,"H.No. 933, Contractor Path, Tiruppur 372057",07-07-2025
3980,Bangalore,Jayanagar,Kitchen South Indian Treats,Chinese,987,4.9,8684,3667,3619329,44,20,Swiggy Genie,"66/40, Verma Marg, Sikar 082850",25-04-2026
3981,Bangalore,Jayanagar,Express Ice Cream Hub,"Fast Food, Andhra, Burgers",744,3.8,12813,3820,2842080,75,30,Swiggy Genie,"52, Khosla Circle, Aizawl-277897",06-06-2025
3982,Hyderabad,Banjara Hills,Cafe Ice Cream Point,"Mughlai, Burgers, Fast Food",997,3.5,6435,859,856423,46,50,Swiggy One,"84, Sant Circle, Jalna-049863",09-04-2026
3983,Mumbai,Andheri,Urban South Indian World,Biryani,156,3,11334,2845,443820,62,0,Regular Delivery,"33/687, Manda Marg, Raipur-194219",02-09-2025
3984,Delhi,Rohini,Food Healthy Food Grill,"Bakery, Arabian",500,4.5,14536,3041,1520500,46,15,Regular Delivery,"37, Grover Marg, Madanapalle-804513",13-06-2025
3985,Chennai,Velachery,Biryani North Indian Junction,"Italian, Fast Food, South Indian",504,3.5,13564,4466,2250864,58,25,Swiggy Genie,"H.No. 09, Ravel Road, Unnao 833437",12-05-2026
3986,Delhi,Dwarka,House Fast Food Hub,Andhra,637,3.2,2426,4505,2869685,30,50,Swiggy One,"H.No. 60, Jain Zila, Malda-453589",26-06-2025
3987,Hyderabad,Gachibowli,Royal Desserts Junction,North Indian,564,2.8,274,468,263952,37,0,Swiggy Genie,"38/66, Konda, Asansol 641527",25-04-2026
3988,Mumbai,Dadar,House North Indian Point,"Arabian, Andhra, Bakery",742,2.9,5606,83,61586,47,30,Swiggy Genie,"H.No. 74, Saini Road, Hazaribagh-437315",14-10-2025
3989,Chennai,Adyar,Delight South Indian Grill,"South Indian, Seafood, Bakery, Mughlai",785,4.1,2393,4697,3687145,63,50,Swiggy Genie,"24, Wagle Ganj, Guwahati 832231",29-07-2025
3990,Chennai,Adyar,Royal Biryani Zone,"Mughlai, Arabian",515,4.4,6930,3196,1645940,37,20,Swiggy Genie,"257, Dhillon Nagar, Bidar 202181",20-10-2025
3991,Mumbai,Lower Parel,Food Italian World,"Chinese, Fast Food, Bakery, Biryani",256,3.8,11672,1597,408832,49,30,Regular Delivery,"86, Soman Marg, Nashik-035651",22-09-2025
3992,Mumbai,Lower Parel,Delight Biryani Factory,"Burgers, Bakery, Fast Food",677,4.3,10413,4502,3047854,59,50,Regular Delivery,"58, Gaba Street, Bhiwani 505576",23-09-2025
3993,Bangalore,Koramangala,Street Seafood Corner,Pizza,1030,4.4,7788,392,403760,22,30,Regular Delivery,"858, Karnik Chowk, Anantapur-987370",21-04-2026
3994,Mumbai,Powai,Urban Ice Cream Palace,"South Indian, Burgers, Fast Food",284,3.9,13133,3700,1050800,75,40,Regular Delivery,"H.No. 301, Kulkarni Nagar, Tiruchirappalli-540505",05-08-2025
3995,Delhi,Karol Bagh,Tandoori Biryani Grill,Biryani,531,3.9,1069,741,393471,48,25,Swiggy One,"H.No. 07, Solanki, Bilaspur-720532",25-11-2025
3996,Hyderabad,Madhapur,Street Arabian Junction,Desserts,477,3.9,12571,216,103032,24,25,Swiggy One,"00/930, Kara Road, Jorhat-821198",12-02-2026
3997,Mumbai,Bandra,House Fast Food Factory,"Healthy Food, Ice Cream, Fast Food",1021,4.7,3080,1411,1440631,33,40,Swiggy One,"H.No. 798, Viswanathan Marg, Raichur-189768",03-11-2025
3998,Hyderabad,Gachibowli,Tandoori Arabian Factory,North Indian,727,3.5,10786,2119,1540513,52,25,Swiggy Genie,"H.No. 25, Mahal Path, Pune 581082",15-11-2025
3999,Bangalore,BTM Layout,Express Andhra Point,"Arabian, Healthy Food, Fast Food",1117,3.8,11812,548,612116,62,20,Swiggy One,"H.No. 234, Deshpande Circle, Proddatur 484253",20-11-2025
4000,Delhi,Connaught Place,Food Italian Treats,Ice Cream,259,3.8,9826,1047,271173,56,30,Swiggy Genie,"H.No. 781, Kannan Marg, Bhilai-113488",22-08-2025
4001,Bangalore,Indiranagar,Biryani Healthy Food Treats,"Mughlai, Bakery, Chinese",392,2.9,11948,1247,488824,60,0,Regular Delivery,"07/564, Kadakia Chowk, Sikar-962064",17-08-2025
4002,Bangalore,Koramangala,Spice Ice Cream Palace,"Seafood, Burgers, North Indian, Andhra",681,3,7036,2031,1383111,74,40,Swiggy Genie,"H.No. 44, Warrior Path, Asansol 669606",24-05-2025
4003,Chennai,Adyar,Food Pizza Corner,"Healthy Food, Burgers",164,3.1,7439,4678,767192,40,15,Swiggy Genie,"55/176, Dhaliwal, Ranchi 345223",08-09-2025
4004,Delhi,Connaught Place,Royal Desserts World,"Fast Food, Desserts, North Indian",923,4.3,523,1593,1470339,62,50,Swiggy Genie,"H.No. 68, Sawhney Chowk, Mango 227567",23-10-2025
4005,Hyderabad,Gachibowli,Urban Desserts World,"Fast Food, Andhra, Mughlai",1106,4.7,6938,2299,2542694,51,50,Swiggy One,"H.No. 22, Mahal Path, Guntur 176641",17-04-2026
4006,Mumbai,Lower Parel,Street Biryani Palace,"Fast Food, Andhra, Chinese",1154,3.4,6907,4067,4693318,61,0,Swiggy One,"95/20, Chada Road, Buxar 182766",28-12-2025
4007,Chennai,Adyar,Express Seafood World,"Andhra, Mughlai, Burgers",881,3.6,4953,4845,4268445,43,10,Swiggy Genie,"44, Kurian Chowk, Raiganj-675937",12-12-2025
4008,Chennai,Velachery,House Pizza Grill,"Desserts, Pizza, Fast Food, Ice Cream",863,3,5716,4351,3754913,29,15,Swiggy One,"60, Sharaf Chowk, Shahjahanpur 101084",19-03-2026
4009,Hyderabad,Kukatpally,Express Italian World,Chinese,925,3.3,10323,2411,2230175,24,25,Regular Delivery,"H.No. 22, Golla Path, Amravati 970346",05-03-2026
4010,Mumbai,Dadar,Tandoori Italian Point,"Arabian, Desserts, Fast Food, Mughlai",157,3.2,8633,1546,242722,54,50,Swiggy One,"55/73, Buch Circle, Ahmednagar-533048",09-08-2025
4011,Mumbai,Lower Parel,Express Mughlai World,"South Indian, Andhra, Fast Food, Seafood",699,4.3,2912,329,229971,20,30,Regular Delivery,"H.No. 507, Mandal Zila, Jamnagar 500495",06-01-2026
4012,Chennai,Adyar,Royal Mughlai Junction,"Mughlai, Chinese, Italian",656,4.4,5464,2684,1760704,25,40,Swiggy Genie,"733, Bhavsar Marg, Bongaigaon 818321",15-12-2025
4013,Chennai,Velachery,Royal Arabian Point,Pizza,598,4.3,2103,464,277472,60,50,Regular Delivery,"H.No. 86, Shanker Zila, Bettiah-827385",13-07-2025
4014,Mumbai,Lower Parel,Street Andhra Treats,"Seafood, Mughlai, South Indian, Healthy Food",228,4.4,1729,2946,671688,51,0,Regular Delivery,"H.No. 723, Kurian Marg, Bhopal 909427",14-03-2026
4015,Hyderabad,Hitech City,Biryani Bakery Corner,"Italian, North Indian, South Indian, Bakery",496,3.6,1325,2234,1108064,67,15,Swiggy One,"729, Singhal Marg, Chandrapur-219324",11-10-2025
4016,Chennai,T Nagar,Kitchen Italian Junction,"Bakery, Healthy Food",769,3,8946,126,96894,35,15,Swiggy Genie,"594, Kaul Marg, Dehri-780279",02-02-2026
4017,Hyderabad,Banjara Hills,Tandoori Chinese Zone,Chinese,222,2.9,1397,4330,961260,67,25,Swiggy Genie,"798, Doctor Marg, Bhalswa Jahangir Pur 483493",13-08-2025
4018,Bangalore,Jayanagar,Biryani Bakery World,"Italian, Seafood, Burgers",1115,3.3,11300,1306,1456190,61,20,Regular Delivery,"76/297, D’Alia Zila, Delhi-301420",27-03-2026
4019,Hyderabad,Gachibowli,Urban Chinese Zone,Fast Food,613,3.7,9555,4319,2647547,71,25,Swiggy Genie,"997, Gandhi Zila, Bulandshahr-001921",15-01-2026
4020,Chennai,OMR,Food Healthy Food Junction,Ice Cream,403,4,12855,4261,1717183,49,30,Swiggy One,"12, Varghese Street, Rourkela-796899",26-09-2025
4021,Chennai,Adyar,House Fast Food World,"Healthy Food, South Indian",229,4.1,4300,4382,1003478,39,40,Swiggy One,"42/052, Sanghvi Road, Dehradun 459109",11-02-2026
4022,Chennai,OMR,Food Mughlai Hub,South Indian,728,3.8,3301,1284,934752,23,40,Swiggy One,"38/483, Goda Nagar, Sikar 038320",03-10-2025
4023,Chennai,Adyar,Street Arabian Treats,"Healthy Food, Chinese, Pizza",616,3,11975,1225,754600,53,25,Regular Delivery,"973, Devi Road, Kanpur 543530",03-01-2026
4024,Bangalore,Jayanagar,Delight Desserts Grill,"Italian, Pizza",210,4,1558,1253,263130,63,10,Swiggy Genie,"72, Rao Circle, Katihar 869420",18-03-2026
4025,Bangalore,Indiranagar,House Biryani Corner,Seafood,1159,3.5,3494,342,396378,44,25,Swiggy One,"35/191, Chaudhuri Ganj, Hindupur-370901",21-02-2026
4026,Chennai,Anna Nagar,Spice North Indian Zone,"Seafood, Chinese, Biryani, Desserts",1045,3.8,6141,458,478610,24,0,Swiggy Genie,"959, Devi, Ramgarh 554134",20-08-2025
4027,Hyderabad,Gachibowli,Kitchen Arabian Junction,"North Indian, Desserts, Biryani, Pizza",449,3.7,4253,3538,1588562,54,25,Swiggy One,"391, Choudhry Road, Tiruppur-580051",26-03-2026
4028,Hyderabad,Madhapur,Urban Fast Food Junction,Fast Food,844,4.5,4026,4021,3393724,48,40,Swiggy Genie,"02/81, Mander Road, Moradabad-528807",14-03-2026
4029,Bangalore,Koramangala,Food Ice Cream Factory,"Burgers, South Indian, Arabian",979,3.9,2320,843,825297,37,20,Swiggy Genie,"50/075, Tak Zila, Maheshtala 925152",18-11-2025
4030,Bangalore,Indiranagar,Delight Fast Food Grill,"Bakery, Ice Cream, Italian",464,4.2,393,2269,1052816,50,10,Swiggy Genie,"03/030, Wason Street, Mumbai 728173",01-10-2025
4031,Hyderabad,Kukatpally,Spice Italian World,"North Indian, Seafood, Fast Food, Desserts",501,4.6,4967,2541,1273041,36,30,Regular Delivery,"60, Shere Ganj, Panchkula 184613",03-05-2026
4032,Mumbai,Powai,Biryani Andhra Zone,"Chinese, South Indian, Biryani, Italian",1116,3.2,11089,2525,2817900,22,15,Swiggy Genie,"H.No. 38, Sanghvi Road, Tiruvottiyur 151390",29-04-2026
4033,Mumbai,Powai,Delight Ice Cream Treats,"Andhra, Italian, Biryani",707,3.6,3551,182,128674,65,10,Regular Delivery,"163, Deo Marg, Rewa 190368",29-06-2025
4034,Bangalore,Indiranagar,Kitchen Pizza Treats,"Bakery, Ice Cream, Healthy Food",509,4.2,11437,2946,1499514,71,50,Swiggy Genie,"23/82, Rajagopal Chowk, Rajpur Sonarpur-083457",10-11-2025
4035,Hyderabad,Banjara Hills,Food Arabian Corner,Pizza,346,4.4,2884,1410,487860,35,50,Regular Delivery,"488, Dubey Nagar, Khammam 564682",05-06-2025
4036,Delhi,Connaught Place,Cafe Arabian Grill,"Desserts, Fast Food, Italian, Bakery",1130,2.9,10677,4821,5447730,59,30,Regular Delivery,"66, Bhatt Road, Patiala-314756",11-12-2025
4037,Delhi,Connaught Place,House Ice Cream Junction,Mughlai,610,3.5,2401,298,181780,32,30,Swiggy Genie,"H.No. 33, Kamdar Path, Madurai 414034",22-01-2026
4038,Bangalore,BTM Layout,Spice South Indian Hub,Healthy Food,202,3.9,2343,531,107262,31,15,Swiggy One,"03/49, Bawa Circle, Belgaum 549041",19-12-2025
4039,Hyderabad,Gachibowli,Delight Desserts Grill,"South Indian, Ice Cream",855,3.6,12605,2467,2109285,23,0,Swiggy One,"H.No. 902, Kade Road, Burhanpur-991706",20-01-2026
4040,Mumbai,Andheri,Royal Arabian World,"Biryani, Andhra, Italian, North Indian",491,3.4,7681,4710,2312610,72,30,Regular Delivery,"H.No. 62, Mangat Zila, Ujjain 191870",03-10-2025
4041,Bangalore,BTM Layout,Food Andhra Factory,"Fast Food, Arabian, North Indian, Mughlai",239,4.3,8486,3865,923735,53,30,Regular Delivery,"233, Samra Path, Sagar 029995",04-07-2025
4042,Mumbai,Andheri,Tandoori Biryani Treats,"Italian, Healthy Food",160,3.3,5757,2581,412960,23,15,Swiggy One,"10, Shankar Zila, South Dumdum 362861",03-08-2025
4043,Bangalore,Whitefield,Kitchen South Indian Factory,"Pizza, Bakery",436,4.6,4561,2186,953096,25,40,Regular Delivery,"22/143, Kala Path, Udaipur-808482",28-10-2025
4044,Chennai,Adyar,Food Italian Treats,"Mughlai, Ice Cream, Fast Food",640,3.7,14089,1438,920320,27,25,Regular Delivery,"605, Grewal Marg, Bally 065337",10-06-2025
4045,Delhi,Karol Bagh,Spice North Indian Point,North Indian,553,4.4,7317,3744,2070432,36,20,Regular Delivery,"43, Kunda Ganj, Ajmer 194827",12-07-2025
4046,Chennai,Adyar,Kitchen Desserts Zone,North Indian,485,3.2,3006,4521,2192685,29,30,Regular Delivery,"046, Edwin Circle, Bhusawal-228707",07-01-2026
4047,Hyderabad,Gachibowli,House Pizza Junction,"Andhra, Mughlai, Italian, Chinese",601,3.4,777,2340,1406340,27,30,Swiggy Genie,"H.No. 47, Chaudry, Bhimavaram 152717",21-03-2026
4048,Mumbai,Dadar,Food Chinese Hub,"Bakery, Desserts, Ice Cream, Fast Food",223,2.9,14585,1084,241732,42,10,Regular Delivery,"751, Shankar Chowk, Guntur-653390",14-10-2025
4049,Mumbai,Bandra,Tandoori Fast Food Junction,"Healthy Food, Arabian, Mughlai",737,3.9,9518,539,397243,25,25,Swiggy Genie,"27, Chowdhury Road, Warangal-049169",26-03-2026
4050,Mumbai,Lower Parel,Biryani Bakery Zone,"Desserts, South Indian, Burgers, Bakery",217,4.2,8297,4161,902937,50,30,Swiggy One,"H.No. 146, Amble Marg, Tirupati-826889",21-03-2026
4051,Mumbai,Powai,Royal Desserts Zone,Fast Food,398,4.8,8097,2329,926942,23,25,Swiggy One,"H.No. 94, Lal Ganj, Solapur 045958",18-06-2025
4052,Mumbai,Lower Parel,Tandoori Chinese Junction,"North Indian, South Indian, Seafood",1157,3.6,14891,974,1126918,63,25,Regular Delivery,"903, Kale Road, Durgapur-119595",20-10-2025
4053,Chennai,Velachery,Cafe Ice Cream Factory,"Burgers, Fast Food",1048,2.9,7749,2124,2225952,75,50,Swiggy Genie,"53/958, Karpe, Ambala 114172",01-05-2026
4054,Mumbai,Andheri,Food Bakery Junction,South Indian,942,2.9,4875,759,714978,70,50,Swiggy Genie,"25/379, Dhawan Road, Mahbubnagar 392033",16-07-2025
4055,Mumbai,Lower Parel,Spice Pizza Treats,"Chinese, Seafood",457,4.2,7922,3507,1602699,49,30,Regular Delivery,"392, Goyal Circle, Muzaffarpur 835816",29-12-2025
4056,Delhi,Rohini,Cafe North Indian Palace,Andhra,357,3.9,10146,167,59619,72,40,Regular Delivery,"H.No. 283, Chauhan Chowk, Raebareli 610116",05-10-2025
4057,Chennai,Adyar,Express Burgers Zone,"Biryani, South Indian, Andhra, Bakery",385,4.6,11619,2645,1018325,21,50,Regular Delivery,"47, Issac Zila, Gulbarga 717551",25-08-2025
4058,Mumbai,Powai,Tandoori North Indian Grill,"Bakery, Ice Cream",1129,3.5,3297,1703,1922687,64,40,Swiggy Genie,"569, Varghese Marg, Madurai-347651",07-08-2025
4059,Chennai,OMR,Royal Mughlai Point,"Andhra, Arabian",1092,3.5,6516,1865,2036580,54,40,Swiggy One,"036, Tailor Marg, Katihar-774318",04-12-2025
4060,Chennai,T Nagar,Urban North Indian Treats,"Ice Cream, Seafood, Italian, Chinese",433,3.5,5671,526,227758,53,20,Swiggy Genie,"47, Sarma Marg, Jabalpur 656335",15-11-2025
4061,Hyderabad,Kukatpally,Biryani Mughlai Junction,Italian,640,4.4,10160,4232,2708480,26,0,Regular Delivery,"61/96, Dutt Ganj, Jodhpur-083103",14-02-2026
4062,Chennai,Velachery,Delight Burgers World,"Desserts, Italian, South Indian",455,4.8,13905,4225,1922375,71,50,Swiggy Genie,"H.No. 333, Subramanian Road, Chinsurah 930582",31-12-2025
4063,Chennai,Anna Nagar,Express Chinese Treats,"Fast Food, Chinese, Ice Cream, South Indian",1090,3,8095,1056,1151040,48,10,Swiggy Genie,"806, Iyengar Circle, Jamalpur 232803",17-06-2025
4064,Hyderabad,Kukatpally,Spice Healthy Food Junction,Burgers,1014,2.9,5143,2223,2254122,40,50,Swiggy Genie,"99, Seshadri Nagar, Dewas-087169",02-06-2025
4065,Mumbai,Lower Parel,House North Indian Hub,Ice Cream,247,2.9,301,1945,480415,72,10,Swiggy Genie,"439, Butala Road, Khora  055126",21-06-2025
4066,Bangalore,Indiranagar,Express North Indian Palace,Ice Cream,136,3,11955,4755,646680,72,20,Swiggy Genie,"H.No. 37, Sagar Zila, Guna 947958",15-04-2026
4067,Bangalore,Koramangala,Kitchen Healthy Food Corner,Pizza,665,3.4,10619,2447,1627255,48,40,Swiggy One,"H.No. 96, Tara Nagar, Bongaigaon 351022",23-02-2026
4068,Mumbai,Andheri,Royal Bakery Zone,"Andhra, Ice Cream, Arabian",521,3.2,6557,2615,1362415,41,50,Swiggy One,"H.No. 626, Sahota Ganj, Hindupur 360204",25-09-2025
4069,Bangalore,Jayanagar,Express Italian Point,Arabian,499,4.3,10027,4265,2128235,68,0,Swiggy Genie,"H.No. 54, Vig Nagar, Srikakulam-047365",18-11-2025
4070,Hyderabad,Hitech City,Food Biryani Grill,"Mughlai, Burgers",1082,3.9,13210,4531,4902542,69,40,Swiggy Genie,"H.No. 256, Sami Ganj, Thiruvananthapuram-473430",08-02-2026
4071,Hyderabad,Banjara Hills,Royal Mughlai Grill,"Andhra, Seafood, Arabian, Healthy Food",443,4.3,7546,299,132457,75,50,Regular Delivery,"37/50, Andra Ganj, Jorhat 231739",18-03-2026
4072,Delhi,Dwarka,Express Andhra Factory,"Bakery, Desserts, Mughlai, Pizza",1041,3.7,5288,4097,4264977,58,50,Swiggy One,"H.No. 20, Upadhyay Ganj, Sri Ganganagar-814473",27-09-2025
4073,Mumbai,Bandra,Kitchen Seafood Hub,South Indian,962,3.9,3198,3970,3819140,61,20,Swiggy Genie,"57, Amble Road, Erode-331164",19-05-2026
4074,Hyderabad,Hitech City,Street Chinese Corner,"Ice Cream, Desserts",1008,3.8,8243,3756,3786048,45,30,Swiggy Genie,"059, Walla Nagar, Mumbai-463751",31-05-2025
4075,Mumbai,Bandra,Spice Bakery Corner,"Ice Cream, Andhra, Fast Food",286,4.8,14432,626,179036,33,15,Swiggy Genie,"H.No. 141, Roy Ganj, Etawah-371262",31-03-2026
4076,Hyderabad,Madhapur,Delight Burgers Zone,"Italian, Seafood, Ice Cream",1195,4.7,2743,4900,5855500,65,15,Regular Delivery,"H.No. 292, Bhatnagar Path, South Dumdum 730831",01-10-2025
4077,Chennai,T Nagar,Spice Fast Food World,"Mughlai, Arabian, Healthy Food, Biryani",185,3.7,12041,163,30155,57,10,Swiggy One,"H.No. 32, Mander Circle, Ahmednagar 662621",21-05-2026
4078,Hyderabad,Gachibowli,Cafe Arabian Junction,Bakery,747,3.4,1340,2621,1957887,56,50,Swiggy One,"H.No. 626, Shenoy, Thiruvananthapuram 327463",27-11-2025
4079,Bangalore,Jayanagar,Royal Italian Corner,"Mughlai, Desserts, South Indian",720,4.1,10392,2042,1470240,40,40,Swiggy One,"63/53, Dhaliwal Road, Gorakhpur-932995",06-06-2025
4080,Hyderabad,Banjara Hills,Royal Andhra Corner,"South Indian, Arabian, Pizza",922,4.8,2974,4220,3890840,37,0,Regular Delivery,"47/358, Rastogi Street, Lucknow-157148",21-08-2025
4081,Mumbai,Bandra,Urban Biryani Factory,"South Indian, Healthy Food, Bakery, Biryani",935,3.7,1063,4264,3986840,24,10,Swiggy One,"47/752, Dube, Malegaon-466652",11-01-2026
4082,Bangalore,Whitefield,Street Seafood Grill,North Indian,445,4.3,788,4304,1915280,50,10,Regular Delivery,"72/695, Kalita Chowk, Barasat 429747",21-07-2025
4083,Delhi,Connaught Place,Tandoori Biryani Zone,"Burgers, South Indian",934,2.9,622,3232,3018688,32,25,Swiggy Genie,"15, Dhillon Nagar, Lucknow-777157",16-02-2026
4084,Bangalore,Whitefield,Kitchen Ice Cream Point,"Arabian, South Indian",691,3.7,5709,2764,1909924,43,25,Swiggy Genie,"H.No. 31, Mangal Ganj, Pondicherry-002022",25-11-2025
4085,Hyderabad,Gachibowli,Delight Chinese Treats,"Seafood, Burgers",737,4.4,1477,3407,2510959,42,40,Swiggy Genie,"15/15, Savant Marg, Vellore-761071",03-09-2025
4086,Bangalore,Indiranagar,Cafe Arabian Zone,"Fast Food, Biryani, Ice Cream, Healthy Food",938,3.5,943,2225,2087050,48,25,Swiggy Genie,"65/38, Anne Nagar, Gandhidham-719456",21-11-2025
4087,Chennai,Velachery,Royal Andhra Factory,"North Indian, South Indian, Arabian",593,3.6,7603,3644,2160892,21,40,Regular Delivery,"03/44, Loyal Nagar, Aurangabad 918242",14-10-2025
4088,Mumbai,Dadar,Street Chinese Palace,"Biryani, Andhra, Italian, Healthy Food",820,3.1,14079,2330,1910600,37,40,Regular Delivery,"743, Shroff, Mirzapur 694224",03-08-2025
4089,Bangalore,Koramangala,Spice North Indian Palace,"Bakery, Italian",522,4.8,12090,4345,2268090,68,10,Swiggy One,"H.No. 93, Balakrishnan Road, Shimoga 426503",26-04-2026
4090,Bangalore,Whitefield,Cafe Ice Cream Treats,"Pizza, Arabian",865,3,14864,3813,3298245,33,15,Swiggy Genie,"H.No. 466, Ram Marg, Kurnool 509707",19-11-2025
4091,Bangalore,BTM Layout,Food Ice Cream Junction,"Biryani, Andhra, Chinese",1177,3.4,7784,4675,5502475,65,0,Swiggy Genie,"78/59, Bail Nagar, Thoothukudi 276727",13-10-2025
4092,Delhi,Saket,Spice Biryani Treats,Bakery,552,3.3,11127,2077,1146504,67,15,Swiggy One,"54/924, Kulkarni Zila, Gudivada 831167",30-03-2026
4093,Hyderabad,Kukatpally,Express Andhra Factory,"Pizza, Andhra",1122,4.4,2011,2480,2782560,27,15,Regular Delivery,"831, Sahni Circle, Chandigarh-874807",02-02-2026
4094,Bangalore,Indiranagar,Spice Andhra Corner,"North Indian, Italian",609,4.4,1896,1472,896448,52,20,Swiggy One,"35/071, Khare Ganj, Haldia-250750",19-11-2025
4095,Chennai,Anna Nagar,Kitchen Mughlai Point,"Healthy Food, Arabian, South Indian, Desserts",1014,2.8,10210,857,868998,71,10,Swiggy One,"H.No. 36, Dara, Purnia 416022",01-10-2025
4096,Hyderabad,Hitech City,Cafe Seafood Grill,"Desserts, Biryani",371,3.3,3483,754,279734,43,20,Swiggy One,"H.No. 935, Varkey Nagar, Loni 461194",07-04-2026
4097,Hyderabad,Kukatpally,Kitchen Pizza Palace,"Burgers, Bakery, Mughlai, Ice Cream",845,4.3,10432,309,261105,21,25,Regular Delivery,"H.No. 22, Dutt Circle, Sangli-Miraj & Kupwad-524836",08-07-2025
4098,Chennai,Anna Nagar,Royal Andhra Zone,"Italian, Seafood, Desserts",459,3.9,10042,715,328185,54,15,Regular Delivery,"88/73, Shere Road, Howrah 707752",30-09-2025
4099,Hyderabad,Kukatpally,Royal Mughlai Junction,"Mughlai, Ice Cream, Chinese",888,3.1,8048,4365,3876120,20,20,Swiggy One,"23/26, Aggarwal Chowk, Morbi 915964",31-10-2025
4100,Chennai,Adyar,Urban Fast Food Corner,"Pizza, Bakery",402,3.3,14075,3790,1523580,47,20,Regular Delivery,"97, De Chowk, Bikaner-875887",16-05-2026
4101,Hyderabad,Banjara Hills,Biryani Ice Cream Point,Burgers,721,3.5,2284,4515,3255315,53,50,Swiggy One,"96, Borra Road, Amritsar 186511",06-04-2026
4102,Mumbai,Powai,Street Italian Palace,Ice Cream,304,3.7,5164,2282,693728,33,25,Swiggy Genie,"74, Handa Chowk, Bulandshahr 144557",09-07-2025
4103,Bangalore,Koramangala,Food Seafood Corner,"Arabian, Seafood, Bakery, North Indian",836,3.3,9536,2276,1902736,35,15,Swiggy One,"60/381, Chokshi Road, Malda 574922",04-07-2025
4104,Chennai,OMR,Biryani Biryani Grill,"Ice Cream, Bakery",875,3.5,134,4035,3530625,68,50,Swiggy One,"H.No. 91, Saxena Nagar, Dhanbad-228681",12-06-2025
4105,Chennai,Adyar,Biryani Italian Hub,"Biryani, Bakery",996,3.7,5723,928,924288,70,0,Regular Delivery,"H.No. 123, Kala Ganj, Bhiwandi-691880",15-04-2026
4106,Mumbai,Bandra,Tandoori Italian World,"North Indian, Pizza",375,3.3,14236,1431,536625,38,50,Swiggy One,"33, Hari Road, Mira-Bhayandar-103490",28-02-2026
4107,Delhi,Karol Bagh,Biryani Burgers Zone,"Andhra, South Indian",606,2.8,12362,500,303000,47,15,Regular Delivery,"01/90, Varma Zila, Patna 131040",04-05-2026
4108,Bangalore,Jayanagar,Kitchen North Indian Grill,"North Indian, Bakery",1147,3.9,3039,4833,5543451,30,0,Swiggy Genie,"561, Warrior Path, Mira-Bhayandar-225053",28-01-2026
4109,Chennai,Velachery,House Ice Cream Corner,North Indian,520,4.1,11170,4707,2447640,36,50,Swiggy Genie,"666, Bhardwaj Nagar, Tiruppur-130964",14-01-2026
4110,Hyderabad,Madhapur,Delight Pizza Grill,"Healthy Food, Andhra",143,3.2,1473,1454,207922,21,0,Swiggy Genie,"58/62, Doshi Zila, Hubli–Dharwad 111281",04-05-2026
4111,Mumbai,Lower Parel,Kitchen Desserts Factory,"Bakery, Andhra",633,4.7,2816,1980,1253340,47,0,Swiggy Genie,"58/33, Tiwari Street, Bareilly-356014",31-10-2025
4112,Hyderabad,Kukatpally,House Italian World,North Indian,185,2.8,7933,4099,758315,69,10,Swiggy Genie,"44/73, Chaudhry Chowk, Bikaner 178620",23-11-2025
4113,Chennai,Anna Nagar,Spice Bakery Grill,"Seafood, Chinese, Pizza, Fast Food",451,4.8,868,1039,468589,54,30,Swiggy One,"H.No. 239, Kamdar Marg, Ramagundam-035901",31-12-2025
4114,Bangalore,Indiranagar,Food South Indian Hub,"Andhra, Italian",1055,4.8,4797,977,1030735,56,25,Swiggy Genie,"83/841, Thakkar Zila, Narasaraopet 180895",21-04-2026
4115,Mumbai,Andheri,Street Healthy Food Junction,"South Indian, Biryani, Fast Food",1085,3.1,5684,945,1025325,59,0,Swiggy Genie,"71/25, Gara Marg, Tinsukia-085845",07-04-2026
4116,Chennai,OMR,Street Desserts Corner,"Ice Cream, Healthy Food, Bakery, Biryani",1024,3.9,10869,689,705536,47,50,Swiggy One,"73/811, Srivastava Zila, Malda-523426",18-09-2025
4117,Chennai,Velachery,Royal Arabian World,"Seafood, Mughlai, Desserts",1137,2.9,7713,465,528705,25,10,Swiggy Genie,"83/170, Chahal Street, Kolkata 019654",19-07-2025
4118,Chennai,Velachery,Tandoori Bakery Grill,"Mughlai, Andhra",424,3,7753,2256,956544,31,20,Swiggy Genie,"430, Kurian Marg, Srikakulam-123697",20-08-2025
4119,Chennai,Anna Nagar,Express Andhra Treats,"Seafood, Ice Cream, Bakery",627,4.5,1855,1892,1186284,62,25,Regular Delivery,"59, Dey Marg, Satna-109849",24-04-2026
4120,Mumbai,Andheri,Urban Biryani Point,"Biryani, South Indian, Burgers, Pizza",1188,4.4,10219,2183,2593404,71,30,Regular Delivery,"H.No. 778, Swaminathan Circle, Bongaigaon 763311",14-08-2025
4121,Bangalore,Jayanagar,House Seafood Point,"Mughlai, Burgers",1094,3.2,6503,3545,3878230,61,40,Swiggy One,"39, Goyal Road, Narasaraopet 527148",13-05-2026
4122,Delhi,Connaught Place,Kitchen Ice Cream Hub,"Desserts, South Indian, Biryani",121,4.3,9336,1039,125719,54,0,Swiggy Genie,"H.No. 598, Subramaniam Nagar, Rohtak 487319",17-12-2025
4123,Bangalore,Whitefield,Street Ice Cream Junction,"Burgers, Chinese",445,3.6,12715,737,327965,36,30,Regular Delivery,"04/595, Bava Zila, Bokaro-070300",02-03-2026
4124,Delhi,Rohini,Express Seafood Factory,Healthy Food,253,4.9,9849,2414,610742,27,30,Swiggy Genie,"692, Kalla Chowk, Tiruvottiyur 307008",07-01-2026
4125,Mumbai,Lower Parel,Street Bakery Grill,Fast Food,645,3.9,9789,2403,1549935,33,0,Regular Delivery,"791, Vora Ganj, Patiala-917213",24-03-2026
4126,Chennai,Anna Nagar,Spice North Indian Treats,Chinese,787,3.6,8912,1621,1275727,25,20,Swiggy Genie,"17, Sani Chowk, Deoghar-992404",03-07-2025
4127,Bangalore,Whitefield,Street North Indian Junction,"Burgers, Fast Food, Mughlai, Italian",218,3.7,97,3607,786326,41,0,Swiggy One,"595, Dhaliwal Marg, Vasai-Virar 636490",29-08-2025
4128,Bangalore,Jayanagar,Food Italian Point,South Indian,237,4,7285,3107,736359,59,40,Swiggy Genie,"90/11, Shetty Path, Tiruppur-772197",14-01-2026
4129,Bangalore,Koramangala,Food Seafood Junction,"North Indian, Ice Cream",1141,3.4,4498,4446,5072886,42,30,Swiggy Genie,"32, Hans Street, Dibrugarh 364247",23-04-2026
4130,Delhi,Saket,Cafe Andhra Treats,Bakery,800,3.3,9302,3866,3092800,35,25,Regular Delivery,"47, Goel Circle, Kalyan-Dombivli-829031",06-04-2026
4131,Bangalore,Indiranagar,House Mughlai Junction,"Biryani, North Indian, Desserts, Seafood",480,2.9,9851,1865,895200,49,0,Swiggy Genie,"H.No. 546, Contractor Ganj, Haldia 340611",21-09-2025
4132,Mumbai,Lower Parel,Cafe Andhra Corner,Italian,631,4.8,2881,4430,2795330,40,30,Regular Delivery,"H.No. 592, Cherian Road, Pune 513582",17-11-2025
4133,Bangalore,BTM Layout,Cafe Italian World,Burgers,977,3,5990,4548,4443396,74,10,Swiggy Genie,"H.No. 02, Garde Zila, Vijayanagaram 547626",24-05-2025
4134,Mumbai,Lower Parel,Food Italian Treats,"Arabian, Chinese, Pizza",159,2.9,14301,2907,462213,62,15,Regular Delivery,"32/514, Krishnan Street, Rourkela-416900",20-03-2026
4135,Mumbai,Dadar,Biryani Ice Cream Palace,"Healthy Food, South Indian, Chinese",836,3.9,13115,798,667128,48,30,Regular Delivery,"206, Kalita Street, Amaravati-645925",30-10-2025
4136,Mumbai,Andheri,House Ice Cream Hub,"North Indian, Andhra, South Indian",163,3.5,10615,4761,776043,39,25,Swiggy One,"H.No. 46, Dave Circle, Bhilwara 152844",28-07-2025
4137,Hyderabad,Kukatpally,Biryani Desserts Zone,"Biryani, Fast Food",1055,4.5,13360,4848,5114640,67,20,Regular Delivery,"H.No. 220, Atwal Circle, Bilaspur 269612",03-04-2026
4138,Bangalore,Whitefield,Biryani Pizza Palace,"Mughlai, Bakery, Fast Food, Desserts",729,3.2,13865,2707,1973403,35,10,Swiggy One,"88, Acharya Circle, Tiruppur-478573",13-07-2025
4139,Delhi,Rohini,Express Chinese Point,"North Indian, Fast Food, Burgers, Mughlai",388,3.4,12454,3665,1422020,23,50,Regular Delivery,"555, Kurian Nagar, Nadiad-496063",12-07-2025
4140,Hyderabad,Banjara Hills,House Andhra Zone,"Seafood, North Indian",219,4.6,9369,3844,841836,28,15,Swiggy Genie,"12/05, Singhal Road, Naihati 383797",12-09-2025
4141,Mumbai,Dadar,Delight Desserts Factory,"Fast Food, Andhra",489,4.7,70,3745,1831305,25,50,Swiggy Genie,"36/08, Badami Circle, Chandrapur-128661",27-01-2026
4142,Mumbai,Powai,Urban Andhra Point,"Chinese, Andhra, Biryani",508,3.5,13061,3786,1923288,36,15,Swiggy Genie,"907, Ravel, Ajmer 441931",26-05-2025
4143,Bangalore,Jayanagar,House Pizza Hub,"Fast Food, Biryani",225,3.1,14176,432,97200,63,20,Swiggy One,"80/73, Borde Road, Naihati 485861",28-05-2025
4144,Mumbai,Dadar,Royal Bakery Junction,"North Indian, Mughlai, Desserts",596,3,1320,2496,1487616,41,40,Regular Delivery,"81, Thaman Ganj, Solapur 290180",10-12-2025
4145,Delhi,Saket,Cafe Italian Factory,"Andhra, Chinese, Healthy Food",515,4.2,12774,4527,2331405,52,25,Swiggy Genie,"06, Sarma Circle, Coimbatore 573949",04-09-2025
4146,Hyderabad,Banjara Hills,Urban Andhra Palace,"Pizza, South Indian, Burgers",865,4.8,7698,3178,2748970,68,10,Swiggy One,"41, Bir Road, Thiruvananthapuram 848971",11-04-2026
4147,Hyderabad,Hitech City,Urban Burgers Point,"South Indian, Biryani",1008,4.4,9095,3900,3931200,65,0,Swiggy Genie,"76/90, Jaggi Circle, Chapra 767959",06-12-2025
4148,Bangalore,Jayanagar,Cafe Seafood Factory,"Chinese, Andhra",1122,3.4,13361,1176,1319472,72,10,Swiggy One,"31/95, Magar Road, Saharsa-906684",08-01-2026
4149,Bangalore,Indiranagar,Cafe Fast Food Palace,Fast Food,151,4.6,1327,4936,745336,50,10,Swiggy One,"926, Keer Nagar, Bhagalpur 361702",12-11-2025
4150,Chennai,T Nagar,Cafe Mughlai Grill,"Healthy Food, Italian, Fast Food",891,3.1,3353,925,824175,46,50,Swiggy Genie,"18/907, Luthra Circle, Katihar-268670",10-02-2026
4151,Mumbai,Andheri,Street Bakery World,"South Indian, Biryani",669,3.1,7330,2902,1941438,41,40,Regular Delivery,"H.No. 78, Rajagopalan, Jorhat 240912",03-11-2025
4152,Hyderabad,Gachibowli,Urban Burgers Palace,South Indian,485,3.1,7424,3234,1568490,25,40,Swiggy One,"56/914, Ganesan Street, Bettiah-931002",27-09-2025
4153,Hyderabad,Gachibowli,Royal Italian Corner,"Bakery, Italian",254,2.9,5239,3700,939800,28,15,Swiggy Genie,"33, Sathe Chowk, Nizamabad-909422",14-07-2025
4154,Delhi,Rohini,Kitchen Andhra Palace,"South Indian, Fast Food",377,2.9,11748,845,318565,64,10,Swiggy One,"H.No. 79, Lanka Marg, Nadiad 371929",02-07-2025
4155,Hyderabad,Madhapur,Spice Biryani Hub,Chinese,657,3.6,837,1603,1053171,72,30,Regular Delivery,"H.No. 15, Dhawan Path, Alappuzha 478294",30-06-2025
4156,Bangalore,Koramangala,Express Mughlai Factory,"Mughlai, Italian, Fast Food",302,2.8,9033,1804,544808,73,30,Swiggy One,"H.No. 56, Balakrishnan Circle, Ambarnath-766422",26-10-2025
4157,Hyderabad,Gachibowli,Cafe North Indian Corner,"Desserts, Andhra, Arabian, Chinese",817,4.5,3021,4411,3603787,39,25,Regular Delivery,"88/472, Chacko Marg, Sultan Pur Majra-124559",15-02-2026
4158,Delhi,Connaught Place,Cafe Andhra Factory,"Andhra, Arabian, Healthy Food, Bakery",1067,3.8,6585,1827,1949409,40,25,Regular Delivery,"H.No. 84, Zacharia Zila, Asansol 556968",07-10-2025
4159,Chennai,OMR,Food Desserts Point,"Biryani, Pizza",460,4.6,12685,2017,927820,38,30,Swiggy One,"H.No. 07, Chaudhuri Circle, Mahbubnagar-105972",29-01-2026
4160,Mumbai,Powai,Food South Indian Zone,Chinese,663,4.2,7676,4651,3083613,54,10,Swiggy Genie,"92/045, Handa Marg, Dehradun-177186",13-08-2025
4161,Hyderabad,Gachibowli,Street Arabian Palace,"Ice Cream, Seafood",1049,4.5,10988,4469,4687981,70,25,Swiggy One,"06/422, Chander Marg, Tumkur 963799",22-05-2026
4162,Delhi,Karol Bagh,Cafe Ice Cream Corner,"Arabian, Pizza, Burgers, South Indian",361,4.1,7643,2183,788063,28,10,Swiggy Genie,"H.No. 58, Agrawal Chowk, Kozhikode 387400",22-11-2025
4163,Mumbai,Andheri,Delight Chinese Palace,"Chinese, Biryani, Italian, Mughlai",599,4.7,2174,2387,1429813,48,40,Regular Delivery,"87/678, Bhat Path, Raiganj 319189",09-03-2026
4164,Mumbai,Andheri,Delight Bakery Factory,"Fast Food, Bakery",660,3.6,10494,4758,3140280,29,30,Swiggy Genie,"10, Jayaraman Marg, Surendranagar Dudhrej-492885",19-04-2026
4165,Hyderabad,Banjara Hills,Food Italian World,"North Indian, Andhra",565,2.9,10211,4680,2644200,63,50,Swiggy Genie,"12/320, Ratti Nagar, Secunderabad 051331",22-11-2025
4166,Hyderabad,Hitech City,Express Mughlai Corner,"Ice Cream, Fast Food",224,4.3,5680,4990,1117760,33,10,Swiggy Genie,"H.No. 92, Ramachandran Nagar, Hazaribagh 978372",27-08-2025
4167,Delhi,Saket,Cafe Fast Food Factory,"Chinese, Ice Cream",146,3.7,10247,4439,648094,52,25,Regular Delivery,"074, Garg Circle, Hapur-749099",11-03-2026
4168,Chennai,T Nagar,Spice Mughlai Zone,Bakery,363,3.5,11267,3475,1261425,25,25,Swiggy Genie,"H.No. 747, Balasubramanian Circle, Kozhikode 946839",29-12-2025
4169,Mumbai,Lower Parel,Food Burgers Point,"Mughlai, Healthy Food, Seafood",1081,4.8,11620,1407,1520967,68,40,Regular Delivery,"H.No. 734, Sarkar Chowk, Cuttack-135886",18-12-2025
4170,Mumbai,Bandra,Royal Arabian Palace,"Desserts, Andhra, Ice Cream",862,3.7,13576,2279,1964498,42,10,Regular Delivery,"570, Dass Zila, Meerut 781011",24-01-2026
4171,Delhi,Dwarka,Royal Arabian Palace,"Fast Food, Seafood, North Indian",908,4.4,4049,2713,2463404,54,25,Swiggy One,"12/07, Bir, Bhiwani 472574",08-09-2025
4172,Chennai,T Nagar,Urban Pizza Corner,Chinese,270,4.7,11301,4666,1259820,71,25,Swiggy Genie,"915, Rajagopal Marg, Bilaspur 438354",06-01-2026
4173,Hyderabad,Madhapur,Delight Desserts Hub,"South Indian, Burgers",1185,4.1,3887,1598,1893630,21,15,Swiggy Genie,"H.No. 520, Luthra Zila, Gaya 751475",01-08-2025
4174,Bangalore,Indiranagar,Food Andhra Grill,"Chinese, Mughlai, Desserts",1018,2.9,13136,4425,4504650,72,40,Swiggy Genie,"53/08, Mammen Street, Shimla 088317",20-03-2026
4175,Delhi,Saket,Food Italian Palace,"Mughlai, Bakery",243,4.2,351,4981,1210383,62,0,Regular Delivery,"79/067, Jani Zila, Anantapuram-661301",15-01-2026
4176,Mumbai,Dadar,Street Andhra Corner,"Seafood, Bakery",868,4.2,9842,1024,888832,42,0,Swiggy Genie,"96, Rajagopalan, Varanasi-330317",18-10-2025
4177,Bangalore,Indiranagar,Spice Biryani Corner,"Seafood, Italian, Biryani",812,3.3,11266,2197,1783964,32,40,Swiggy One,"73/336, Goyal Chowk, Malegaon-920546",19-08-2025
4178,Mumbai,Lower Parel,Food Healthy Food Factory,"Italian, North Indian",1010,3.4,424,2274,2296740,33,10,Regular Delivery,"H.No. 16, Varkey Ganj, Bhusawal-237517",13-07-2025
4179,Hyderabad,Gachibowli,Delight Ice Cream Factory,Chinese,1131,3.2,14627,3151,3563781,75,30,Swiggy One,"H.No. 84, Zachariah Street, Singrauli-518802",19-07-2025
4180,Hyderabad,Gachibowli,Cafe Seafood Factory,Mughlai,769,2.8,6398,3089,2375441,72,25,Swiggy Genie,"H.No. 438, Dey Ganj, Tumkur 524745",22-07-2025
4181,Chennai,OMR,Kitchen Burgers Corner,"Mughlai, North Indian",1149,3.4,9523,4831,5550819,56,20,Swiggy Genie,"H.No. 330, Dutt Path, Firozabad 655461",30-07-2025
4182,Delhi,Rohini,Spice Biryani Hub,"Mughlai, Ice Cream, Arabian, Italian",939,4.1,5629,4423,4153197,69,15,Swiggy One,"587, Dugar Path, Nadiad-998622",03-09-2025
4183,Chennai,T Nagar,Urban Fast Food Treats,"South Indian, Burgers",331,4.8,14273,3620,1198220,68,10,Swiggy Genie,"61, Mahal Nagar, Parbhani 540190",22-06-2025
4184,Mumbai,Andheri,Urban North Indian Hub,"Burgers, Desserts, Pizza, Bakery",835,2.9,10696,118,98530,59,25,Swiggy One,"67/795, Bali Road, Akola-451863",28-06-2025
4185,Delhi,Rohini,Cafe Chinese Hub,"Italian, Desserts",657,3.9,9646,4975,3268575,26,30,Swiggy Genie,"65, Chaudhry Path, Chennai 114564",27-12-2025
4186,Chennai,T Nagar,Kitchen Arabian Hub,"Arabian, Ice Cream",751,3,5084,2212,1661212,51,10,Swiggy Genie,"H.No. 98, Walla Zila, Varanasi-883457",02-01-2026
4187,Delhi,Rohini,Biryani Chinese Factory,"Healthy Food, Andhra, Arabian, Mughlai",940,4.1,13650,4925,4629500,30,15,Swiggy Genie,"H.No. 652, Deol Path, Gulbarga 664536",11-04-2026
4188,Hyderabad,Banjara Hills,Food Arabian Hub,Chinese,751,4.3,13923,1962,1473462,45,20,Swiggy Genie,"24, Ratti Circle, Loni 743417",28-06-2025
4189,Delhi,Rohini,Delight Biryani Palace,"Healthy Food, Mughlai, Seafood",329,4.7,10772,4186,1377194,71,15,Swiggy One,"H.No. 53, Datta Marg, Avadi-564360",17-09-2025
4190,Hyderabad,Banjara Hills,Street Biryani Treats,"Healthy Food, Andhra, Italian, Desserts",808,3.3,7334,3152,2546816,37,40,Swiggy One,"734, Sinha Chowk, Vijayanagaram 784198",12-11-2025
4191,Delhi,Karol Bagh,Food Arabian Junction,"Fast Food, Seafood, Desserts, South Indian",933,2.9,11615,3396,3168468,27,10,Regular Delivery,"H.No. 09, Ben Ganj, Agra-388195",03-08-2025
4192,Chennai,OMR,Kitchen Biryani Treats,"Pizza, Healthy Food, South Indian",1189,3.8,8089,2656,3157984,55,15,Swiggy One,"98/97, Srivastava Marg, Madurai 970772",07-08-2025
4193,Hyderabad,Kukatpally,Royal North Indian Point,"Burgers, Healthy Food",287,2.9,10831,1040,298480,71,20,Swiggy One,"24, Gandhi Path, Haridwar-872539",08-03-2026
4194,Delhi,Connaught Place,Royal Pizza Hub,"Chinese, North Indian, South Indian",287,4.2,13357,2195,629965,39,50,Regular Delivery,"90/259, Soni Zila, Morbi 054457",05-11-2025
4195,Delhi,Connaught Place,Royal Ice Cream Corner,"Healthy Food, Arabian, Fast Food",506,4.4,975,1495,756470,31,10,Swiggy One,"08/939, Kapoor, Amaravati 334890",23-11-2025
4196,Chennai,OMR,Kitchen North Indian Zone,"Ice Cream, Andhra",171,4.4,757,3859,659889,57,15,Regular Delivery,"81/41, Sandal Circle, Ambarnath 384982",15-07-2025
4197,Chennai,Adyar,Street Burgers Factory,"Fast Food, Healthy Food, Bakery",682,3.2,5122,577,393514,63,50,Swiggy Genie,"97, Chatterjee Street, Rewa 492595",07-07-2025
4198,Mumbai,Lower Parel,House Arabian Treats,Seafood,950,3.7,10303,4043,3840850,28,0,Regular Delivery,"26/419, Sangha Path, Agartala 223492",26-02-2026
4199,Hyderabad,Hitech City,Tandoori Biryani Zone,"Pizza, Chinese, Mughlai, Andhra",1016,4.9,8385,1784,1812544,46,20,Swiggy One,"H.No. 55, Bera Circle, Sikar 198264",16-12-2025
4200,Chennai,T Nagar,Spice Burgers Grill,"Italian, Burgers",161,4.2,8464,3269,526309,66,30,Regular Delivery,"876, Deshmukh Path, Raiganj 960784",24-02-2026
4201,Delhi,Rohini,Express Arabian Palace,Pizza,123,4.8,2567,3519,432837,48,20,Regular Delivery,"H.No. 71, Apte, Sirsa 994224",30-11-2025
4202,Hyderabad,Banjara Hills,House Arabian World,"Arabian, South Indian, Seafood",233,3.4,7516,2916,679428,40,10,Swiggy Genie,"H.No. 27, Mani Ganj, Mahbubnagar 341163",02-12-2025
4203,Mumbai,Lower Parel,House North Indian Treats,"Mughlai, Italian",163,4.7,12670,2120,345560,71,15,Regular Delivery,"919, Kala Marg, Srinagar-674127",25-12-2025
4204,Delhi,Saket,Spice Burgers Grill,North Indian,1087,3.9,6951,4604,5004548,60,50,Swiggy Genie,"74, Raval Nagar, Rajkot-833966",02-03-2026
4205,Chennai,Adyar,Delight Pizza Corner,"Seafood, Biryani, North Indian",490,4.8,2031,3346,1639540,28,10,Regular Delivery,"61/089, Goswami Street, Karnal-817436",14-11-2025
4206,Bangalore,Indiranagar,Cafe Pizza Junction,"Fast Food, Mughlai, Chinese",460,3.8,3744,1212,557520,39,25,Swiggy One,"25, Bhargava Road, Bihar Sharif-876943",30-07-2025
4207,Bangalore,Whitefield,Express Chinese Palace,Fast Food,675,3.9,11016,1838,1240650,30,15,Regular Delivery,"255, Yadav Nagar, Eluru-298607",25-07-2025
4208,Hyderabad,Gachibowli,Food Biryani Grill,"Arabian, Fast Food",1030,3,8378,4249,4376470,65,10,Swiggy One,"H.No. 897, Khalsa Zila, Gopalpur-413881",20-02-2026
4209,Hyderabad,Gachibowli,House Desserts World,Desserts,771,4.3,11206,740,570540,74,15,Swiggy One,"H.No. 365, Sachar Street, Hindupur 607024",30-03-2026
4210,Chennai,T Nagar,Urban Healthy Food Hub,"Ice Cream, Desserts, Chinese",225,4.6,8502,2237,503325,59,50,Swiggy One,"H.No. 95, Chawla, Bidar 818246",29-11-2025
4211,Hyderabad,Gachibowli,Tandoori Healthy Food Palace,"Italian, Biryani, North Indian",1174,4.6,6025,4378,5139772,61,0,Swiggy Genie,"H.No. 951, Saran Road, Chennai-976548",23-07-2025
4212,Mumbai,Powai,Spice South Indian Treats,"Pizza, Bakery",129,4.5,12859,96,12384,55,20,Regular Delivery,"69/258, Sood Circle, Sri Ganganagar-084494",04-01-2026
4213,Mumbai,Dadar,House Mughlai World,"Andhra, Bakery",864,4.8,5878,4065,3512160,57,50,Swiggy Genie,"H.No. 510, Kunda Street, Surendranagar Dudhrej-003020",25-07-2025
4214,Chennai,Adyar,Biryani Desserts Zone,"Desserts, Biryani",553,3.8,9713,2100,1161300,22,15,Regular Delivery,"H.No. 32, Chowdhury Path, Bongaigaon 016491",11-09-2025
4215,Delhi,Karol Bagh,Food Arabian World,Seafood,897,4.4,10075,4376,3925272,30,50,Swiggy Genie,"H.No. 634, Shetty Nagar, Chittoor-960083",19-02-2026
4216,Hyderabad,Madhapur,Spice Bakery Corner,"Mughlai, Chinese, Pizza, Ice Cream",447,3.4,2226,2764,1235508,68,50,Swiggy One,"93/87, Bandi Nagar, Erode 906401",24-01-2026
4217,Bangalore,Whitefield,Spice Chinese World,"Italian, Chinese",166,2.9,7360,2807,465962,40,30,Regular Delivery,"37, Dugal Road, Pimpri-Chinchwad-526847",06-06-2025
4218,Mumbai,Dadar,Royal South Indian Treats,"Arabian, Desserts, Biryani, Burgers",1048,4.3,14246,4242,4445616,39,25,Regular Delivery,"806, Madan Road, Amroha 129298",24-05-2025
4219,Bangalore,Whitefield,Kitchen Healthy Food Zone,Mughlai,1175,2.9,347,2425,2849375,71,15,Regular Delivery,"H.No. 609, Lanka Circle, Silchar 704806",06-02-2026
4220,Hyderabad,Gachibowli,Express Fast Food Junction,North Indian,739,3.1,8789,2702,1996778,50,10,Regular Delivery,"22, Sunder Circle, Panchkula-096514",25-03-2026
4221,Chennai,Anna Nagar,Tandoori North Indian Junction,"Fast Food, North Indian",876,3.4,1777,3692,3234192,72,20,Regular Delivery,"264, Raju Street, Hindupur-701447",17-10-2025
4222,Hyderabad,Madhapur,Cafe North Indian Palace,"Bakery, Mughlai",1174,4.1,14935,4512,5297088,66,10,Swiggy One,"83/97, Ramachandran Zila, Ludhiana-643913",03-05-2026
4223,Chennai,OMR,House Pizza World,"Desserts, Chinese, Bakery, Italian",1195,2.9,9723,4790,5724050,29,20,Regular Delivery,"H.No. 953, Babu Circle, Warangal 517924",15-10-2025
4224,Mumbai,Bandra,Food Burgers Hub,South Indian,686,4.8,13656,1689,1158654,49,40,Swiggy Genie,"606, Choudhry Marg, Agra 122701",12-06-2025
4225,Hyderabad,Hitech City,Delight Chinese Grill,Mughlai,647,3.9,7909,3191,2064577,22,50,Regular Delivery,"433, Sidhu Path, Bhusawal 642188",11-12-2025
4226,Delhi,Rohini,Delight Chinese Point,"Ice Cream, Pizza, Andhra, Italian",838,3,1783,1443,1209234,41,25,Swiggy One,"714, Sahota Path, Pallavaram 149279",17-02-2026
4227,Hyderabad,Kukatpally,Cafe Biryani Zone,"Italian, Biryani, North Indian",215,3.9,2271,1517,326155,41,25,Swiggy Genie,"86/975, Sarin Chowk, Indore-653374",12-05-2026
4228,Bangalore,Indiranagar,Urban Healthy Food Factory,"Healthy Food, Italian",444,3,5683,4070,1807080,73,15,Regular Delivery,"87/37, Solanki Path, Bhimavaram-924310",06-12-2025
4229,Hyderabad,Gachibowli,Cafe Ice Cream Junction,Biryani,708,2.9,6375,4521,3200868,44,20,Swiggy Genie,"98/308, Luthra, Saharanpur 834559",24-11-2025
4230,Mumbai,Dadar,Urban Italian World,"Bakery, Mughlai, Arabian, Desserts",1074,3,9418,3417,3669858,52,25,Swiggy Genie,"H.No. 755, Chana Zila, Bardhaman 467219",11-11-2025
4231,Chennai,Velachery,Biryani Italian Palace,"Mughlai, Italian, Bakery",244,4.1,13032,2206,538264,54,20,Regular Delivery,"H.No. 00, Chatterjee Nagar, Mango 774085",22-09-2025
4232,Delhi,Dwarka,Food Burgers Grill,"Biryani, Fast Food, Bakery, Pizza",377,4,12555,1661,626197,51,50,Swiggy One,"H.No. 42, Bumb Marg, Ludhiana-667635",16-09-2025
4233,Bangalore,Koramangala,Express Chinese Point,"North Indian, Italian",146,2.8,7949,4507,658022,74,50,Swiggy Genie,"719, Boase Nagar, Lucknow-563577",11-12-2025
4234,Bangalore,Jayanagar,Kitchen Ice Cream Point,"Andhra, Biryani",1112,4.2,830,1603,1782536,33,15,Swiggy One,"20/126, Hegde Chowk, Rewa 618641",28-07-2025
4235,Bangalore,Jayanagar,Tandoori Pizza Corner,Fast Food,1092,4.8,4280,3104,3389568,61,25,Swiggy One,"93, Krishnamurthy Circle, Raurkela Industrial Township-247986",11-06-2025
4236,Chennai,T Nagar,Express Healthy Food Grill,"Healthy Food, Chinese, Desserts",477,3.4,13109,701,334377,48,50,Swiggy One,"52, Bains Marg, Khandwa-422115",19-11-2025
4237,Chennai,Anna Nagar,Delight Ice Cream Corner,"Mughlai, Ice Cream, Fast Food, Desserts",131,4.2,6209,3949,517319,27,20,Swiggy One,"58, Taneja, Kottayam-269660",22-07-2025
4238,Delhi,Rohini,Food Chinese Zone,"Fast Food, Desserts",388,3.5,11855,323,125324,58,20,Regular Delivery,"H.No. 14, Sule Ganj, Giridih 547626",23-06-2025
4239,Mumbai,Lower Parel,Express Chinese Corner,"North Indian, Arabian, South Indian, Chinese",288,4.8,14767,2669,768672,45,20,Regular Delivery,"90, Dubey Circle, Bathinda 766360",13-06-2025
4240,Delhi,Connaught Place,Spice Burgers Treats,"Andhra, Desserts, South Indian",470,3.2,5368,1716,806520,68,10,Swiggy Genie,"49/92, Badal Zila, Karaikudi-322843",03-06-2025
4241,Chennai,Adyar,Tandoori Healthy Food Corner,"Arabian, Pizza",496,4.7,8242,893,442928,36,0,Swiggy Genie,"77/33, Bahri Path, Sultan Pur Majra-908872",02-09-2025
4242,Chennai,Velachery,Street Desserts Corner,South Indian,215,4,1189,4178,898270,54,15,Regular Delivery,"03/319, Kashyap Road, Gaya 186335",30-05-2025
4243,Bangalore,Indiranagar,Food Andhra Treats,"Healthy Food, Italian, Arabian",1075,3.9,476,4095,4402125,32,10,Swiggy Genie,"28/133, Shere Zila, Mathura-621983",14-02-2026
4244,Delhi,Karol Bagh,Kitchen Bakery Point,Fast Food,556,3.8,14575,4425,2460300,63,25,Swiggy Genie,"950, Kapoor Street, Belgaum 397778",30-09-2025
4245,Chennai,Anna Nagar,Express Arabian Factory,"Healthy Food, Arabian, Italian, South Indian",259,4.1,96,3574,925666,52,25,Swiggy One,"65, Dube Zila, Bhalswa Jahangir Pur-580395",15-10-2025
4246,Hyderabad,Hitech City,Street South Indian Factory,"Chinese, Italian, Arabian",945,3.9,12400,4847,4580415,63,30,Swiggy Genie,"H.No. 83, Kuruvilla Circle, Phagwara-346436",22-02-2026
4247,Chennai,Anna Nagar,Kitchen Bakery Corner,South Indian,1047,4.3,10017,1428,1495116,59,50,Swiggy Genie,"63/18, Dyal Chowk, Mira-Bhayandar 472166",07-03-2026
4248,Chennai,Adyar,Biryani Desserts Point,"South Indian, Chinese, Italian",440,4.7,3075,3134,1378960,50,15,Swiggy One,"H.No. 94, Verma Path, Bhavnagar-722290",30-07-2025
4249,Chennai,OMR,Tandoori North Indian World,"Seafood, Healthy Food, North Indian",769,3.9,5461,3925,3018325,36,40,Swiggy One,"56/03, Mall, Bulandshahr-182223",02-11-2025
4250,Hyderabad,Gachibowli,Tandoori North Indian World,"Italian, Seafood, Desserts, Ice Cream",774,4.7,6720,3362,2602188,32,0,Swiggy One,"H.No. 79, Bala Nagar, Visakhapatnam 789956",25-10-2025
4251,Hyderabad,Banjara Hills,Delight South Indian World,"Arabian, North Indian, Healthy Food, Bakery",547,3.8,2281,4172,2282084,30,10,Swiggy One,"39/65, Venkataraman Ganj, Nizamabad 155188",26-09-2025
4252,Chennai,OMR,Food Chinese Palace,Fast Food,848,3.4,465,4955,4201840,63,15,Swiggy Genie,"310, Dixit Road, Avadi 573982",20-05-2026
4253,Delhi,Karol Bagh,Cafe Ice Cream Zone,"Seafood, North Indian, Healthy Food, Burgers",735,2.9,10522,1118,821730,37,15,Regular Delivery,"H.No. 74, Varty Road, Udaipur-494866",03-06-2025
4254,Hyderabad,Kukatpally,Delight Desserts Factory,"South Indian, Bakery, Chinese, Andhra",251,3,8038,4266,1070766,69,25,Regular Delivery,"835, Bir Chowk, Jammu 339552",16-12-2025
4255,Mumbai,Bandra,Spice Bakery Zone,"Desserts, Italian, Ice Cream, Bakery",638,3.6,595,2233,1424654,50,0,Swiggy Genie,"05/63, Rege Nagar, Bhiwandi 816061",18-03-2026
4256,Chennai,Anna Nagar,Kitchen Burgers Treats,"Bakery, Arabian, Biryani, South Indian",254,4.6,596,2755,699770,54,25,Swiggy One,"32/479, Subramaniam Chowk, Chennai 412195",21-05-2026
4257,Hyderabad,Madhapur,Food Biryani Corner,"Italian, Seafood, Arabian",983,3.5,8693,3030,2978490,54,50,Swiggy One,"H.No. 915, Amble, Amravati 683086",18-06-2025
4258,Delhi,Karol Bagh,Delight Healthy Food Zone,"Healthy Food, Arabian",1167,4.6,7027,4298,5015766,65,40,Regular Delivery,"139, Sinha Nagar, Narasaraopet-183567",28-07-2025
4259,Bangalore,Jayanagar,Express Italian Palace,"Seafood, South Indian, Italian, Arabian",740,4.3,3230,764,565360,70,15,Swiggy One,"H.No. 122, Hayer, Khora -492124",24-02-2026
4260,Mumbai,Lower Parel,Street Healthy Food World,"Arabian, Burgers, Desserts",167,3.6,8584,2859,477453,69,30,Regular Delivery,"53, Agate Nagar, Latur-521067",24-11-2025
4261,Delhi,Saket,Street Desserts Corner,"Bakery, Andhra, Fast Food",1075,4.3,5099,2715,2918625,25,10,Swiggy One,"H.No. 64, Dada Ganj, Kavali-853020",24-02-2026
4262,Chennai,Velachery,Biryani Mughlai Corner,"Italian, North Indian, South Indian, Seafood",918,3.6,12443,4502,4132836,59,10,Swiggy Genie,"566, Sahota, Nellore-984697",12-02-2026
4263,Chennai,Velachery,Biryani Ice Cream Treats,"Pizza, North Indian, Italian, Ice Cream",607,4.5,6970,3431,2082617,66,25,Swiggy Genie,"46/99, Sekhon Street, Bidar 743623",01-01-2026
4264,Mumbai,Dadar,Tandoori Healthy Food Factory,"Fast Food, Andhra, Chinese",793,4.3,8876,1922,1524146,33,20,Swiggy Genie,"H.No. 94, Handa Ganj, Jalna 621894",22-09-2025
4265,Bangalore,Koramangala,Street Seafood Grill,"Pizza, Burgers",457,3.9,10374,3306,1510842,31,0,Swiggy One,"84/679, Mane, Aizawl-436551",08-09-2025
4266,Mumbai,Powai,Delight Italian Point,"Ice Cream, Desserts",191,4,401,80,15280,29,10,Swiggy Genie,"H.No. 792, Mannan Zila, Bathinda-547937",19-03-2026
4267,Bangalore,Indiranagar,Food Chinese World,"Andhra, Fast Food",146,3.9,8429,2183,318718,72,40,Swiggy One,"61, Saha Path, Hosur 833357",03-08-2025
4268,Delhi,Rohini,Urban Healthy Food World,Mughlai,967,3.5,2470,1405,1358635,75,25,Swiggy One,"63/599, Gara Street, Jabalpur-462193",20-06-2025
4269,Bangalore,BTM Layout,Delight Biryani Factory,"Pizza, Andhra",532,3.6,7529,4021,2139172,40,15,Swiggy Genie,"905, Rout Chowk, Kulti 337241",02-09-2025
4270,Delhi,Dwarka,Urban Arabian Corner,"Mughlai, Italian, South Indian, Fast Food",508,3.2,457,3966,2014728,27,0,Regular Delivery,"49/882, Hora Zila, Srinagar-066191",03-03-2026
4271,Bangalore,BTM Layout,Food North Indian Zone,"Italian, Mughlai, Pizza, Andhra",572,3.4,9210,4786,2737592,44,25,Swiggy Genie,"H.No. 720, Behl Ganj, Coimbatore-234341",09-10-2025
4272,Mumbai,Powai,Express Fast Food Point,Italian,390,4.8,3697,1933,753870,27,30,Swiggy One,"77, Singh Ganj, Fatehpur 312483",09-11-2025
4273,Delhi,Dwarka,Street Chinese Hub,"Burgers, South Indian, Andhra, Desserts",573,3.8,1763,3191,1828443,39,10,Swiggy One,"02, Dewan Marg, Aurangabad-359771",04-07-2025
4274,Delhi,Dwarka,Cafe Italian Junction,"Burgers, Italian, Biryani, Arabian",387,3.7,6490,4386,1697382,22,15,Swiggy One,"H.No. 582, Ganesh, Hindupur-208994",14-05-2026
4275,Delhi,Dwarka,Biryani North Indian Point,"Bakery, Burgers",409,2.9,9884,2230,912070,62,10,Regular Delivery,"19, Dua Ganj, Bhind-899545",12-11-2025
4276,Delhi,Rohini,Biryani Bakery Junction,"Pizza, Burgers, Biryani",135,3,9427,2304,311040,44,30,Regular Delivery,"30, Dhawan Street, Hyderabad 947554",13-08-2025
4277,Mumbai,Andheri,House Biryani Palace,"Arabian, Pizza, Burgers",761,3.1,1202,387,294507,20,15,Regular Delivery,"H.No. 32, Sagar Path, Solapur-836587",09-11-2025
4278,Hyderabad,Hitech City,Tandoori Andhra Hub,"North Indian, Seafood, Desserts, South Indian",709,4.8,1142,130,92170,29,10,Swiggy Genie,"91/55, Thaman, Moradabad-950408",25-08-2025
4279,Chennai,Adyar,Spice South Indian Zone,"Healthy Food, Burgers, Chinese, South Indian",702,4,5189,2923,2051946,39,15,Regular Delivery,"67/80, Srinivasan Path, Kurnool-593027",07-01-2026
4280,Chennai,Adyar,Spice Seafood Palace,"Pizza, Chinese, Italian, Arabian",700,4.5,7586,2924,2046800,25,0,Swiggy One,"H.No. 09, Dass Nagar, Raiganj-485653",25-10-2025
4281,Mumbai,Bandra,House Andhra Grill,"Fast Food, Bakery",187,3.8,200,2137,399619,73,40,Regular Delivery,"H.No. 49, Lata Path, Nandyal-771003",14-08-2025
4282,Delhi,Dwarka,Express Fast Food Zone,"Desserts, Burgers",803,3,14410,525,421575,43,15,Swiggy One,"940, Dua Circle, Indore-714155",05-08-2025
4283,Mumbai,Dadar,Street Fast Food Hub,South Indian,1034,3.6,7621,3045,3148530,35,15,Swiggy One,"H.No. 633, Som Chowk, Thane-313890",04-05-2026
4284,Hyderabad,Hitech City,Cafe Arabian Junction,"Italian, Andhra",599,3.1,13468,1124,673276,45,15,Swiggy One,"H.No. 25, Barad Zila, Ranchi-033545",26-07-2025
4285,Bangalore,Whitefield,Tandoori Italian Junction,"Arabian, Ice Cream",400,4.7,3849,664,265600,74,0,Swiggy One,"329, Gara Zila, Thoothukudi 429622",26-08-2025
4286,Mumbai,Powai,Tandoori South Indian Grill,"Healthy Food, Burgers, Mughlai, North Indian",789,4.4,14782,1435,1132215,25,30,Swiggy Genie,"H.No. 43, Iyer Ganj, Dehri 626005",03-08-2025
4287,Hyderabad,Hitech City,Cafe North Indian Palace,"Biryani, Andhra, North Indian, South Indian",673,3.3,637,4863,3272799,43,0,Regular Delivery,"80, Dhillon Street, Tirunelveli-176785",09-05-2026
4288,Bangalore,Jayanagar,House Andhra Hub,"Ice Cream, North Indian",232,4.3,7926,4394,1019408,45,25,Swiggy One,"18/366, Som Ganj, Vijayanagaram-160922",29-06-2025
4289,Chennai,T Nagar,Urban Italian World,"Pizza, Chinese, Burgers",919,3.9,7710,3641,3346079,41,30,Swiggy One,"46, Savant Chowk, Udupi 191147",10-07-2025
4290,Chennai,Velachery,Biryani North Indian Point,"Healthy Food, Desserts",550,3.1,5941,3694,2031700,28,40,Swiggy One,"18/42, Boase Street, Bhilai 959985",26-05-2025
4291,Delhi,Karol Bagh,Urban Chinese Treats,"Burgers, Mughlai",909,2.9,14652,1643,1493487,42,15,Regular Delivery,"H.No. 220, Gaba, Thanjavur 321048",19-01-2026
4292,Bangalore,Koramangala,Cafe North Indian Junction,"Chinese, Bakery, Pizza, Healthy Food",771,3.8,8221,1064,820344,48,20,Swiggy Genie,"H.No. 495, Dhingra Chowk, Tezpur-753405",07-09-2025
4293,Chennai,Anna Nagar,Cafe Fast Food Treats,"Desserts, Ice Cream, Fast Food",420,4.4,1163,2957,1241940,51,30,Swiggy Genie,"62, Baria Ganj, Danapur-682383",30-09-2025
4294,Hyderabad,Banjara Hills,Kitchen Italian Treats,"Arabian, Italian",565,2.9,12730,2703,1527195,65,40,Regular Delivery,"12/40, Dhaliwal Circle, Mango 626385",17-04-2026
4295,Chennai,OMR,Food Bakery Palace,"Italian, Healthy Food",915,4.6,14935,2908,2660820,59,10,Regular Delivery,"31, Madan Circle, Baranagar 597758",16-06-2025
4296,Delhi,Rohini,Tandoori Healthy Food Zone,"Desserts, Seafood, North Indian, Italian",776,4.9,1735,1119,868344,37,25,Regular Delivery,"H.No. 982, Chaudhary Street, Karawal Nagar 403739",07-04-2026
4297,Delhi,Saket,Spice Italian Factory,"Italian, Fast Food, South Indian, Arabian",168,3.5,1337,2972,499296,26,30,Swiggy One,"76/59, Majumdar Circle, Gorakhpur-375212",03-01-2026
4298,Bangalore,BTM Layout,Express Biryani Zone,"Arabian, Mughlai, Healthy Food, Seafood",1187,3.6,12423,935,1109845,58,40,Swiggy Genie,"94/94, Taneja Circle, Sambalpur-178092",17-05-2026
4299,Chennai,OMR,Kitchen Chinese Zone,Chinese,1017,4.6,9760,728,740376,49,0,Regular Delivery,"H.No. 61, Das Ganj, Imphal 724488",22-10-2025
4300,Hyderabad,Banjara Hills,Food Burgers Palace,"Biryani, Burgers",501,2.9,845,870,435870,43,10,Swiggy One,"H.No. 37, Setty, Jalandhar-167994",05-02-2026
4301,Delhi,Dwarka,Biryani Pizza Treats,"North Indian, Burgers, Pizza, Biryani",376,4.3,12755,3745,1408120,24,25,Swiggy Genie,"253, Chandran Chowk, Nagpur 189734",21-03-2026
4302,Delhi,Connaught Place,Kitchen Biryani Hub,"Desserts, Chinese",1090,4.4,2114,3073,3349570,41,50,Regular Delivery,"129, Chopra Road, Raebareli 665040",10-10-2025
4303,Hyderabad,Madhapur,Spice Fast Food Palace,"Desserts, Mughlai",1161,4.1,12549,2739,3179979,72,0,Swiggy One,"74, Amble Path, Ongole-716764",10-05-2026
4304,Chennai,Velachery,Urban Chinese Hub,Italian,693,4.6,6523,662,458766,33,10,Regular Delivery,"H.No. 09, Grover Street, Katni-391846",22-01-2026
4305,Mumbai,Dadar,Delight Healthy Food Zone,Chinese,548,3.5,11233,2498,1368904,40,25,Swiggy One,"88/98, Lala Nagar, Fatehpur 338829",26-11-2025
4306,Delhi,Saket,Tandoori Biryani Corner,Biryani,855,3.4,7312,1661,1420155,20,50,Swiggy One,"03, Upadhyay Road, Burhanpur-277032",15-12-2025
4307,Bangalore,Indiranagar,Street North Indian World,"North Indian, Italian, Burgers",963,3.3,14550,4639,4467357,50,10,Regular Delivery,"78/936, Balan, Udaipur-877519",31-12-2025
4308,Mumbai,Bandra,Cafe Biryani Junction,"Fast Food, Healthy Food, Ice Cream",300,3.4,5506,4608,1382400,34,25,Regular Delivery,"H.No. 18, Bali Circle, Morbi-266409",09-12-2025
4309,Bangalore,Whitefield,Kitchen Ice Cream Factory,"North Indian, Andhra",1180,3.4,8826,1528,1803040,39,0,Swiggy Genie,"895, Bal Chowk, Guntur 661430",10-05-2026
4310,Hyderabad,Banjara Hills,Royal South Indian Treats,"Mughlai, Seafood, North Indian, Chinese",1008,4.6,2122,3755,3785040,41,15,Regular Delivery,"48/77, Dani Zila, Tiruppur-719925",18-05-2026
4311,Hyderabad,Kukatpally,Cafe South Indian Treats,"Ice Cream, Burgers, South Indian",1021,3.8,10546,143,146003,29,10,Regular Delivery,"85, Kumer Road, Panipat 565077",18-05-2026
4312,Hyderabad,Madhapur,Tandoori Healthy Food Point,"Fast Food, Bakery, Pizza, Andhra",159,4.2,8550,2797,444723,36,15,Swiggy One,"H.No. 90, Babu Marg, Morena 154243",01-08-2025
4313,Chennai,T Nagar,Tandoori Seafood Junction,"Desserts, Healthy Food",648,4,7525,4352,2820096,28,25,Swiggy One,"H.No. 36, Gera Marg, Nagaon-550339",26-10-2025
4314,Delhi,Rohini,Biryani Desserts Factory,"Burgers, Chinese",173,3.2,3031,2222,384406,48,50,Regular Delivery,"H.No. 804, Gala Path, Tiruppur-928171",04-06-2025
4315,Mumbai,Lower Parel,Tandoori Ice Cream World,Fast Food,346,3.3,7862,4404,1523784,20,30,Swiggy One,"36, Ranganathan, Kolhapur 632210",07-04-2026
4316,Mumbai,Powai,Royal Burgers Hub,"Burgers, Chinese",188,4.3,250,1839,345732,60,15,Regular Delivery,"38, Dubey Path, Haldia 400796",28-09-2025
4317,Chennai,Velachery,Tandoori Healthy Food Junction,Fast Food,737,3.6,12635,3020,2225740,73,20,Swiggy Genie,"H.No. 161, Kurian Zila, Kollam-198156",12-05-2026
4318,Bangalore,Indiranagar,House Andhra Junction,Seafood,526,3.6,6857,1626,855276,56,25,Swiggy One,"57, Tripathi Road, Nadiad-826329",28-09-2025
4319,Chennai,OMR,Delight Healthy Food Zone,"Arabian, Healthy Food, South Indian, Italian",777,4.6,1921,2616,2032632,73,20,Swiggy One,"H.No. 52, Johal Chowk, Bhilwara 553994",15-09-2025
4320,Chennai,T Nagar,Food Healthy Food World,"Burgers, Arabian",508,3.8,5215,1359,690372,57,25,Regular Delivery,"H.No. 691, Krishnamurthy Nagar, Tadepalligudem-801695",03-11-2025
4321,Hyderabad,Madhapur,Tandoori Desserts Palace,"Biryani, Fast Food, Italian, Andhra",498,4.5,13328,877,436746,22,10,Swiggy One,"90/83, Chanda Zila, Arrah-912856",18-11-2025
4322,Chennai,Anna Nagar,Kitchen Italian Hub,"Burgers, Pizza, Arabian, Mughlai",849,4.2,4295,658,558642,62,10,Regular Delivery,"H.No. 13, Toor Nagar, Tiruvottiyur-756020",27-02-2026
4323,Chennai,Anna Nagar,Food Bakery Point,"Bakery, Seafood, Pizza, Desserts",491,4.7,6997,4971,2440761,50,25,Swiggy Genie,"537, Bail Path, Bareilly 942029",09-09-2025
4324,Mumbai,Powai,Tandoori Desserts Palace,"Bakery, South Indian",868,3.7,13510,1890,1640520,56,20,Swiggy One,"12/80, Bera Zila, Bhagalpur-047207",23-03-2026
4325,Delhi,Karol Bagh,Express Pizza Corner,"Seafood, South Indian, Burgers, Bakery",557,4.6,9780,4069,2266433,72,25,Swiggy One,"H.No. 397, Sani Circle, Dewas 424309",16-06-2025
4326,Bangalore,Koramangala,House Andhra Point,"Italian, Fast Food, Bakery, Burgers",463,3.4,9031,1965,909795,63,20,Swiggy One,"27/67, Goda Nagar, Aurangabad 245447",12-04-2026
4327,Chennai,Anna Nagar,Delight Mughlai Grill,"Mughlai, Desserts, Healthy Food",539,3.9,2503,906,488334,43,15,Swiggy One,"40/821, Hora, Nanded-435443",30-10-2025
4328,Delhi,Saket,House Burgers Grill,"Fast Food, Mughlai, Burgers, Seafood",217,3.9,3731,3281,711977,25,10,Regular Delivery,"H.No. 100, Venkataraman Marg, Sonipat 898066",09-12-2025
4329,Delhi,Dwarka,Kitchen Andhra Zone,"Ice Cream, Italian, Andhra, Pizza",1042,3.2,103,4437,4623354,49,10,Swiggy Genie,"H.No. 43, Uppal Road, Kanpur 185203",25-09-2025
4330,Bangalore,Whitefield,House Pizza Treats,"Ice Cream, Andhra, South Indian",1140,4.8,11015,545,621300,25,50,Regular Delivery,"33, Tripathi Zila, Karnal 097816",25-11-2025
4331,Bangalore,Koramangala,Spice Bakery Palace,"Italian, Pizza",278,4,9601,4456,1238768,71,25,Regular Delivery,"90/29, Hayre Nagar, Panvel 239812",15-11-2025
4332,Chennai,Anna Nagar,Street Burgers Treats,Healthy Food,283,3.5,2374,313,88579,48,25,Swiggy One,"80/354, Arya Chowk, Buxar 476486",25-07-2025
4333,Chennai,Anna Nagar,House Seafood Zone,"Burgers, Ice Cream",567,4.2,540,485,274995,55,10,Regular Delivery,"291, Deo Ganj, Ludhiana 330828",04-08-2025
4334,Hyderabad,Kukatpally,Delight Biryani Hub,"Ice Cream, Biryani, South Indian, Healthy Food",180,3.5,14276,2170,390600,57,15,Swiggy One,"H.No. 781, Talwar Ganj, Tadepalligudem-402738",12-09-2025
4335,Bangalore,BTM Layout,House Italian Corner,"Bakery, Pizza",939,4.4,3785,510,478890,26,30,Regular Delivery,"25/301, Dhar Road, Thanjavur-884876",24-05-2026
4336,Bangalore,BTM Layout,Street Pizza Grill,"Andhra, Desserts, Healthy Food, North Indian",855,4.5,7405,1824,1559520,58,0,Swiggy One,"873, Bobal Nagar, Muzaffarnagar-431313",09-11-2025
4337,Chennai,Anna Nagar,Express Burgers Junction,"Ice Cream, Chinese, Bakery, Seafood",857,4,8255,3343,2864951,37,50,Regular Delivery,"15/142, Bansal Path, Tiruppur 441179",05-08-2025
4338,Bangalore,Jayanagar,Street Chinese Corner,"Arabian, Mughlai, Ice Cream, Bakery",284,3.1,4665,366,103944,56,40,Swiggy One,"74/37, Koshy Circle, Tezpur 333595",19-05-2026
4339,Delhi,Saket,Kitchen Pizza Junction,"South Indian, Bakery, Fast Food, Chinese",804,3.1,4479,3205,2576820,65,20,Swiggy Genie,"93/83, Bir, Jalandhar-695368",18-08-2025
4340,Bangalore,Indiranagar,Royal Andhra Corner,"South Indian, Bakery, Burgers, Desserts",1158,3.4,12056,4206,4870548,43,25,Swiggy One,"67/71, Bajwa Chowk, Bharatpur-741579",17-10-2025
4341,Bangalore,BTM Layout,Food Ice Cream Zone,"Ice Cream, Fast Food, South Indian, Pizza",621,4.9,13020,3397,2109537,52,30,Regular Delivery,"77, Sur, Salem 920897",07-10-2025
4342,Bangalore,BTM Layout,Food Italian World,"Andhra, Ice Cream, Burgers, Italian",1198,4.1,3831,2594,3107612,66,15,Regular Delivery,"60, Wali Zila, Raipur 341347",18-02-2026
4343,Mumbai,Powai,Tandoori Mughlai Point,"Fast Food, North Indian",547,3.1,12035,4518,2471346,21,20,Regular Delivery,"H.No. 632, Varma, Unnao 636458",30-04-2026
4344,Mumbai,Andheri,Street Pizza Junction,"Italian, Healthy Food, Seafood",924,3.9,7413,1870,1727880,67,0,Swiggy One,"H.No. 887, Dyal, Siwan-373178",18-07-2025
4345,Bangalore,Whitefield,Biryani North Indian World,Andhra,703,4.8,12877,402,282606,27,15,Swiggy One,"H.No. 14, Mane Nagar, Dibrugarh 911305",27-08-2025
4346,Mumbai,Powai,Food Mughlai Junction,"Seafood, Fast Food, Burgers",909,4.4,3486,4601,4182309,45,20,Regular Delivery,"H.No. 508, Kamdar Path, Vellore 678409",25-08-2025
4347,Bangalore,Indiranagar,Urban Fast Food Hub,"Pizza, Italian",701,4.8,3049,1971,1381671,26,0,Swiggy One,"62/89, Jaggi Circle, Morbi-272769",27-11-2025
4348,Delhi,Rohini,House Italian Grill,"North Indian, Pizza",560,3.8,802,1508,844480,68,10,Swiggy Genie,"38, Kara Chowk, Guntur 531760",12-01-2026
4349,Hyderabad,Kukatpally,Kitchen Bakery Grill,"Fast Food, Bakery, Desserts, Seafood",134,3,9886,1347,180498,28,15,Swiggy Genie,"H.No. 53, Kari Zila, Bulandshahr-959280",03-12-2025
4350,Bangalore,Indiranagar,Cafe Arabian Factory,"Italian, North Indian",1091,4.7,11739,484,528044,20,30,Regular Delivery,"83, Soman Street, Etawah-257126",23-05-2026
4351,Mumbai,Powai,Tandoori Pizza Zone,Chinese,395,3.2,6791,2637,1041615,57,40,Regular Delivery,"H.No. 381, Guha Zila, Durg-469792",04-12-2025
4352,Hyderabad,Hitech City,Tandoori Chinese Junction,"Andhra, Ice Cream",148,4.2,11752,2125,314500,63,20,Regular Delivery,"58, Thaman Zila, Vadodara 547520",30-01-2026
4353,Hyderabad,Gachibowli,Cafe Mughlai Point,"Italian, Bakery, Mughlai, Biryani",732,4.3,1073,3471,2540772,38,50,Swiggy Genie,"26/04, Sha Road, Vellore-426480",13-06-2025
4354,Delhi,Karol Bagh,Cafe Seafood Zone,"Andhra, South Indian, Seafood",340,3.9,10621,3340,1135600,24,0,Regular Delivery,"50/33, Badal, Pallavaram 699427",01-06-2025
4355,Delhi,Rohini,Delight Burgers Corner,"Pizza, Mughlai, Italian",603,2.9,10215,4361,2629683,51,30,Regular Delivery,"606, Setty Street, Sonipat-542463",18-04-2026
4356,Hyderabad,Gachibowli,Spice Chinese Hub,Chinese,1104,3.1,2473,4157,4589328,66,15,Swiggy One,"H.No. 654, Mannan Street, Tirupati 527836",31-12-2025
4357,Mumbai,Lower Parel,Delight Arabian Palace,"South Indian, Healthy Food",373,2.8,8831,2287,853051,33,25,Swiggy One,"46, Dua Ganj, Suryapet 650135",30-03-2026
4358,Hyderabad,Kukatpally,Urban Ice Cream Grill,"Healthy Food, Pizza",734,3,8175,4576,3358784,52,30,Swiggy One,"35/806, Kalla Zila, Madanapalle-581081",02-03-2026
4359,Mumbai,Dadar,Tandoori Pizza Zone,Pizza,508,3,9929,3677,1867916,24,30,Swiggy Genie,"H.No. 874, Sama Chowk, Deoghar-063016",03-03-2026
4360,Delhi,Connaught Place,House Desserts Grill,Arabian,1030,4.4,11584,2044,2105320,71,15,Swiggy One,"134, Bansal Road, Raiganj 851799",01-08-2025
4361,Bangalore,BTM Layout,Biryani South Indian Factory,"Arabian, Chinese",918,3.2,967,3551,3259818,44,15,Regular Delivery,"97, Khatri Nagar, Ratlam-294098",29-04-2026
4362,Chennai,T Nagar,Kitchen Andhra Zone,Italian,969,3,7734,1611,1561059,47,50,Regular Delivery,"H.No. 604, Vaidya Ganj, Mehsana 047681",10-04-2026
4363,Mumbai,Bandra,Urban Healthy Food Factory,Arabian,300,2.9,1581,599,179700,64,25,Swiggy Genie,"H.No. 908, Issac, Pondicherry 826051",07-04-2026
4364,Bangalore,Jayanagar,Delight Burgers Junction,"Bakery, Italian",216,3.6,1634,3467,748872,27,50,Regular Delivery,"H.No. 100, Bobal Circle, Jodhpur 224853",25-11-2025
4365,Hyderabad,Kukatpally,Urban North Indian Hub,Seafood,754,4.1,6874,2327,1754558,21,30,Swiggy One,"H.No. 17, Sen, Vasai-Virar 998994",07-04-2026
4366,Delhi,Connaught Place,House Seafood Point,"South Indian, Ice Cream, Pizza",1092,4.4,285,487,531804,36,15,Swiggy One,"923, Date Nagar, Unnao-927943",19-03-2026
4367,Mumbai,Bandra,Express Italian Factory,Italian,379,3.6,2688,2501,947879,30,25,Swiggy Genie,"52/34, Koshy Street, Udaipur 357133",15-08-2025
4368,Hyderabad,Gachibowli,House South Indian Corner,"Seafood, Ice Cream",271,2.9,7919,203,55013,67,50,Swiggy Genie,"43/27, Dugar Zila, Khandwa 440921",31-05-2025
4369,Hyderabad,Gachibowli,Urban Fast Food Factory,"Seafood, Ice Cream",168,3.7,7725,3111,522648,39,10,Swiggy One,"791, Kala Ganj, Guntur-578091",21-11-2025
4370,Bangalore,Jayanagar,Food South Indian Palace,"Burgers, Ice Cream",316,3.6,5155,2370,748920,34,30,Swiggy Genie,"190, Gopal, Morbi-842780",19-11-2025
4371,Chennai,OMR,Street Bakery Factory,Pizza,1046,4.3,10715,1985,2076310,46,25,Swiggy Genie,"H.No. 55, Dugal Path, Dhanbad-454213",26-07-2025
4372,Hyderabad,Madhapur,House Seafood Zone,"North Indian, Biryani, Healthy Food",286,3.9,5953,2014,576004,62,30,Swiggy One,"50/768, Kalita Zila, Tenali-542559",01-05-2026
4373,Bangalore,Whitefield,Express South Indian Grill,"Pizza, Burgers",685,4.1,9379,2047,1402195,61,25,Swiggy One,"77/08, Sood, Tenali-076356",17-05-2026
4374,Hyderabad,Gachibowli,Delight Fast Food Zone,"Chinese, Healthy Food",900,4.4,14076,3381,3042900,42,30,Regular Delivery,"28/78, Sodhi Road, Mango-313102",07-03-2026
4375,Chennai,Anna Nagar,House North Indian Factory,"Pizza, North Indian",509,3.9,4917,4803,2444727,68,50,Regular Delivery,"H.No. 70, Ranganathan Path, Sikar-287889",04-08-2025
4376,Hyderabad,Banjara Hills,Urban Ice Cream Treats,"Chinese, Biryani, Andhra",786,3,3144,4947,3888342,63,30,Swiggy Genie,"00/87, Sarraf Nagar, Gandhinagar 427212",06-01-2026
4377,Chennai,Adyar,Spice Biryani Palace,Burgers,203,4.3,9710,2329,472787,52,20,Swiggy Genie,"216, Anne Chowk, Khammam 993630",26-08-2025
4378,Bangalore,Whitefield,Food South Indian Point,"Chinese, Mughlai, Seafood, Andhra",183,4,13229,979,179157,66,20,Swiggy One,"H.No. 54, Thaker Marg, Sultan Pur Majra 530334",11-04-2026
4379,Hyderabad,Kukatpally,Biryani Desserts Junction,"Fast Food, Chinese, South Indian, Burgers",1070,4.6,5300,4129,4418030,32,10,Swiggy One,"H.No. 54, Kade, Ongole-354522",25-04-2026
4380,Hyderabad,Hitech City,Urban Ice Cream Hub,"Biryani, Mughlai, Chinese, Seafood",216,2.9,5174,4126,891216,56,20,Regular Delivery,"91, Soman Path, Bongaigaon 296454",29-08-2025
4381,Chennai,OMR,Biryani South Indian Hub,Desserts,498,3.1,7798,184,91632,67,25,Regular Delivery,"37/646, Kakar Ganj, Shimoga 081449",24-04-2026
4382,Delhi,Rohini,Express Ice Cream Corner,"Bakery, Seafood, Desserts, Healthy Food",588,3.5,10343,1391,817908,55,0,Swiggy One,"H.No. 805, Sathe Path, Siliguri 550315",23-05-2026
4383,Chennai,Velachery,Delight Pizza Zone,Arabian,1165,3.4,6401,2360,2749400,66,20,Swiggy One,"47/36, Kalita Ganj, Medininagar-270572",02-11-2025
4384,Mumbai,Dadar,Delight Andhra Grill,"Healthy Food, Seafood",527,4.1,14116,126,66402,72,15,Swiggy One,"48/36, Sur Road, Coimbatore-340396",25-01-2026
4385,Chennai,Anna Nagar,Street Bakery Junction,"Italian, North Indian, Mughlai",593,2.8,3640,4628,2744404,36,25,Swiggy Genie,"23, Bobal Nagar, Nashik 346047",24-01-2026
4386,Chennai,OMR,Kitchen Arabian Palace,"Mughlai, Ice Cream",571,3.3,8118,2235,1276185,33,10,Regular Delivery,"22/36, Keer Nagar, Begusarai-878852",29-01-2026
4387,Bangalore,Indiranagar,Spice South Indian Zone,Desserts,337,4.5,13095,823,277351,20,20,Swiggy Genie,"12/003, Bhatt Ganj, Panchkula-517826",26-09-2025
4388,Bangalore,Koramangala,Biryani Bakery Grill,Healthy Food,1078,3.9,7208,3490,3762220,30,10,Swiggy Genie,"H.No. 15, Ganesan Chowk, Muzaffarpur 869537",01-11-2025
4389,Chennai,OMR,Biryani Fast Food Palace,"Arabian, Biryani, North Indian",654,4.8,10440,2984,1951536,50,30,Swiggy Genie,"87, Rana Road, Ujjain 020255",19-10-2025
4390,Delhi,Saket,House Biryani Treats,"Pizza, Ice Cream",284,3.3,7540,4841,1374844,61,10,Swiggy One,"58/33, Iyengar Ganj, Morbi 263449",21-04-2026
4391,Delhi,Rohini,Tandoori Pizza World,Healthy Food,369,3.4,3707,2490,918810,42,30,Swiggy Genie,"H.No. 494, Tripathi, Tinsukia 034539",30-10-2025
4392,Delhi,Karol Bagh,Cafe Italian Corner,"Andhra, Biryani, Mughlai, Seafood",227,3.2,14243,4383,994941,30,20,Swiggy Genie,"H.No. 639, Sarma Road, Siliguri 942502",10-11-2025
4393,Hyderabad,Gachibowli,Tandoori Pizza World,"South Indian, Pizza, Arabian, Italian",719,2.9,6271,4582,3294458,42,30,Swiggy One,"H.No. 261, Toor Circle, Faridabad-950086",31-07-2025
4394,Delhi,Saket,Urban Desserts Junction,"Bakery, Ice Cream, North Indian",367,2.9,1678,2368,869056,52,30,Regular Delivery,"76/178, Subramaniam Ganj, Bhiwandi-895949",08-10-2025
4395,Delhi,Connaught Place,House Burgers World,"Chinese, Pizza, Biryani",581,3.8,12733,4816,2798096,73,25,Swiggy Genie,"H.No. 051, Bhandari Zila, Bathinda-932947",14-07-2025
4396,Delhi,Rohini,Express Chinese Junction,"Ice Cream, Desserts, South Indian",415,3.4,675,667,276805,46,15,Regular Delivery,"599, Chawla Chowk, Ghaziabad 625888",24-10-2025
4397,Chennai,Adyar,Tandoori Bakery Palace,Desserts,1016,3.2,11909,561,569976,35,50,Swiggy Genie,"H.No. 145, Kade Marg, Nadiad 697320",03-06-2025
4398,Chennai,T Nagar,House Biryani Palace,"Mughlai, Biryani, Pizza",354,4.6,10644,3802,1345908,42,50,Regular Delivery,"87, Apte Marg, Saharanpur-545356",05-03-2026
4399,Bangalore,Jayanagar,Street Pizza Corner,Italian,506,4.1,7075,1199,606694,46,30,Regular Delivery,"10/56, Apte, Bikaner-802985",04-08-2025
4400,Chennai,Anna Nagar,Express Burgers World,"Biryani, Arabian, North Indian",689,3.5,7465,3450,2377050,37,30,Swiggy One,"H.No. 565, Mani Ganj, Jodhpur-749931",08-10-2025
4401,Delhi,Rohini,Kitchen Andhra Junction,"Bakery, North Indian",584,3.8,11348,3483,2034072,71,20,Swiggy One,"099, Virk Street, Katni 984268",08-12-2025
4402,Hyderabad,Kukatpally,Urban Biryani Palace,"Healthy Food, South Indian",927,3.3,8226,2772,2569644,23,0,Regular Delivery,"048, Das Marg, Chandrapur-365497",23-12-2025
4403,Hyderabad,Madhapur,Express Mughlai Junction,"Burgers, Mughlai, Italian",425,3.3,864,3020,1283500,31,40,Regular Delivery,"95, Kurian Street, Bidhannagar 425814",18-10-2025
4404,Chennai,Adyar,Street Fast Food Treats,"Healthy Food, Pizza, Seafood",925,3.8,5386,3357,3105225,29,10,Swiggy Genie,"359, Keer, Patiala-301219",19-06-2025
4405,Delhi,Saket,Express Italian Palace,"South Indian, Chinese, Andhra",127,4.1,12579,2263,287401,73,20,Regular Delivery,"H.No. 121, Kurian Chowk, Junagadh-593061",29-01-2026
4406,Mumbai,Powai,Cafe Seafood Treats,"Fast Food, Burgers, Biryani, Arabian",455,4.5,12204,1305,593775,40,25,Regular Delivery,"H.No. 410, Dar Nagar, Hapur 072922",11-03-2026
4407,Mumbai,Bandra,Express Burgers Treats,"Italian, Andhra, South Indian, Ice Cream",1098,2.9,3466,4857,5332986,47,10,Swiggy Genie,"48/262, Choudhry Road, Barasat-749598",12-11-2025
4408,Mumbai,Dadar,Royal Italian World,"Desserts, Chinese, Mughlai, Italian",834,4,13342,2253,1879002,24,25,Swiggy One,"477, Lad Ganj, Guwahati-263301",18-05-2026
4409,Mumbai,Bandra,Biryani Desserts Junction,Ice Cream,1026,4.3,6395,4980,5109480,57,50,Swiggy Genie,"925, Kade Circle, Solapur-383407",02-10-2025
4410,Mumbai,Bandra,Tandoori Andhra Hub,"Mughlai, Chinese, Healthy Food, Pizza",941,3.3,682,1782,1676862,49,15,Regular Delivery,"270, Verma Ganj, Ranchi-152401",27-05-2025
4411,Hyderabad,Hitech City,Express Healthy Food Junction,Healthy Food,867,4.6,3670,688,596496,59,15,Swiggy Genie,"229, Bhardwaj Zila, Phusro-745056",16-10-2025
4412,Delhi,Dwarka,Urban Mughlai Grill,Mughlai,1197,3.8,3652,472,564984,41,10,Swiggy One,"H.No. 912, Randhawa Ganj, Mau-366687",03-02-2026
4413,Delhi,Dwarka,Food Seafood Hub,"Arabian, Pizza",195,4.1,7395,3820,744900,59,25,Regular Delivery,"55, Dugar Circle, Bidar 159363",13-10-2025
4414,Delhi,Saket,House Biryani Treats,"Mughlai, Healthy Food",962,4.6,14922,4541,4368442,66,0,Swiggy One,"29/50, Varghese Road, Dhule 259659",06-03-2026
4415,Delhi,Saket,Food Healthy Food World,"Mughlai, Biryani, Seafood, Healthy Food",995,3.3,6196,3128,3112360,44,20,Swiggy Genie,"80/038, Krishnamurthy, Khandwa-756198",05-07-2025
4416,Mumbai,Bandra,Kitchen Bakery Factory,"North Indian, Healthy Food, Mughlai, Andhra",142,3.3,10718,1015,144130,55,25,Regular Delivery,"579, Arya Marg, Hajipur 253161",03-07-2025
4417,Hyderabad,Hitech City,Royal Italian Factory,"South Indian, Healthy Food",425,4.5,10628,3923,1667275,28,0,Regular Delivery,"H.No. 308, Devan Marg, Machilipatnam 917746",22-03-2026
4418,Bangalore,Whitefield,Biryani Andhra Point,"Mughlai, South Indian, Ice Cream, Chinese",968,3.7,707,1154,1117072,30,0,Regular Delivery,"39/129, Ben Nagar, Khandwa-460319",23-02-2026
4419,Bangalore,Indiranagar,Street Arabian Treats,"Burgers, Seafood",1007,3,11462,837,842859,46,30,Swiggy One,"66/18, Sampath Ganj, Gandhidham 729289",30-10-2025
4420,Chennai,OMR,Biryani Healthy Food Hub,"Mughlai, Fast Food, Chinese, Italian",731,4.7,8970,1694,1238314,71,20,Regular Delivery,"37, Deo Chowk, Saharsa 463197",05-07-2025
4421,Hyderabad,Gachibowli,Cafe Biryani Corner,"North Indian, Arabian, Italian",929,4.7,1322,2167,2013143,49,40,Regular Delivery,"23, Buch Path, Asansol 560354",18-11-2025
4422,Delhi,Karol Bagh,Kitchen Fast Food Factory,"Italian, Healthy Food, Pizza, Chinese",656,4.8,11176,291,190896,63,50,Regular Delivery,"404, Rao Nagar, Bhimavaram 126066",24-06-2025
4423,Chennai,T Nagar,Urban Andhra Palace,"Pizza, North Indian, Mughlai, Arabian",915,4.2,13263,3842,3515430,29,40,Regular Delivery,"19/46, Salvi, Gaya 949464",02-02-2026
4424,Delhi,Karol Bagh,Cafe Andhra Treats,"Biryani, Ice Cream, Arabian, South Indian",209,3.8,14462,456,95304,65,10,Swiggy Genie,"80/91, Jha Street, Madurai-187885",08-11-2025
4425,Bangalore,Whitefield,Spice South Indian Corner,"Healthy Food, Fast Food, Italian, Seafood",447,2.8,10672,2602,1163094,35,40,Swiggy Genie,"H.No. 021, Sabharwal Circle, Barasat-739611",05-10-2025
4426,Hyderabad,Hitech City,Biryani Seafood Corner,"Pizza, Biryani",408,2.9,5142,2209,901272,26,15,Swiggy One,"238, Saran Circle, Raipur 827803",21-02-2026
4427,Mumbai,Bandra,Cafe North Indian Corner,Pizza,859,3.3,13370,4806,4128354,61,0,Swiggy One,"14, Vala Nagar, Ichalkaranji-088584",25-02-2026
4428,Bangalore,BTM Layout,Street Bakery Corner,"Mughlai, Burgers",794,4.3,1648,2697,2141418,48,40,Swiggy One,"H.No. 67, Bhatia Street, Parbhani-711932",16-05-2026
4429,Delhi,Rohini,Delight Seafood Hub,"Andhra, Pizza",481,3.7,8426,3117,1499277,59,50,Regular Delivery,"H.No. 038, Bahri Circle, Durg 932894",11-06-2025
4430,Mumbai,Bandra,Cafe Biryani Palace,Fast Food,522,4.6,6691,2016,1052352,26,25,Swiggy Genie,"412, Kala Zila, Kavali 194920",27-04-2026
4431,Delhi,Rohini,Delight North Indian Treats,"Arabian, Desserts, North Indian",352,4,2156,665,234080,34,50,Swiggy Genie,"54/55, Tank Path, Ambarnath-808640",17-01-2026
4432,Chennai,T Nagar,Royal Biryani Junction,Healthy Food,984,3.3,8904,3233,3181272,59,0,Regular Delivery,"H.No. 422, Soni Chowk, Thanjavur 807661",07-12-2025
4433,Delhi,Rohini,Delight Biryani Corner,"Seafood, Ice Cream, North Indian, Biryani",1063,4.5,7978,2835,3013605,59,0,Swiggy Genie,"09/39, Borde Circle, Ajmer 437975",26-04-2026
4434,Delhi,Dwarka,Express Seafood Junction,"Chinese, Bakery, Italian",635,4.8,13764,520,330200,56,50,Swiggy Genie,"H.No. 79, Das Street, Kanpur-028130",12-10-2025
4435,Delhi,Dwarka,Spice Ice Cream Point,"Fast Food, Biryani, Ice Cream, North Indian",644,4.2,13367,3502,2255288,32,15,Regular Delivery,"897, Wali Ganj, Baranagar-219036",23-12-2025
4436,Delhi,Karol Bagh,Street Pizza Junction,"Biryani, Mughlai, North Indian",408,4.8,599,3064,1250112,64,40,Regular Delivery,"11/218, Khanna Road, Junagadh-360156",30-07-2025
4437,Mumbai,Bandra,Express Healthy Food Zone,"Desserts, Pizza",257,4.1,4938,843,216651,74,15,Swiggy Genie,"21, Choudhury Marg, Indore-359238",26-04-2026
4438,Chennai,Adyar,Kitchen Desserts Corner,"Mughlai, Desserts, Burgers",768,3,10340,2810,2158080,36,10,Swiggy One,"38/878, Khalsa Nagar, Kozhikode 010600",23-02-2026
4439,Bangalore,Whitefield,Street Desserts Corner,"Chinese, Healthy Food",357,4.3,7556,2150,767550,56,15,Swiggy One,"12, Goswami, Panipat 371017",09-01-2026
4440,Mumbai,Andheri,House Fast Food Hub,"Ice Cream, North Indian, Biryani, Burgers",200,4.4,14957,1094,218800,44,25,Swiggy One,"42/79, Mander Ganj, Thoothukudi-015402",25-08-2025
4441,Hyderabad,Banjara Hills,Food Healthy Food Factory,"Ice Cream, North Indian",658,3,12723,1668,1097544,31,40,Regular Delivery,"H.No. 90, Sheth Road, Noida-161840",26-06-2025
4442,Bangalore,BTM Layout,House Pizza Corner,"South Indian, Italian, Ice Cream",1152,3.2,9724,698,804096,29,15,Swiggy Genie,"185, Iyer Street, Ahmedabad-245112",10-11-2025
4443,Hyderabad,Banjara Hills,House Seafood Hub,Ice Cream,563,4.2,8475,4145,2333635,46,0,Swiggy Genie,"951, Sabharwal Road, Mumbai 043139",11-01-2026
4444,Delhi,Karol Bagh,Urban Italian Junction,"South Indian, Fast Food",681,3.5,2314,1037,706197,56,30,Regular Delivery,"76, Behl Street, Gaya-169107",25-10-2025
4445,Mumbai,Bandra,Kitchen Desserts Point,"Seafood, Ice Cream, Fast Food",897,4.7,698,3953,3545841,61,15,Regular Delivery,"H.No. 41, Joshi Marg, Proddatur 537160",15-10-2025
4446,Mumbai,Bandra,Biryani Mughlai Point,"Italian, Andhra, Fast Food",392,3.9,956,2684,1052128,46,30,Swiggy Genie,"47, Salvi Path, Uluberia 215045",26-01-2026
4447,Bangalore,BTM Layout,Tandoori Chinese Treats,Seafood,345,3.5,13309,4614,1591830,45,50,Regular Delivery,"55/19, Sarma Road, Dehradun 647060",10-06-2025
4448,Chennai,OMR,Royal Pizza Grill,"Biryani, Healthy Food, Pizza, South Indian",421,4.1,11267,150,63150,73,10,Swiggy One,"05/185, Arora Street, Katni-961091",25-06-2025
4449,Hyderabad,Gachibowli,Delight Mughlai Factory,"Burgers, Pizza, Desserts",852,3.4,5873,2726,2322552,22,30,Swiggy One,"03, Sha Chowk, Pallavaram-277644",29-12-2025
4450,Delhi,Rohini,Spice Arabian Junction,"South Indian, Fast Food, Arabian",1092,3.9,8895,4542,4959864,58,25,Swiggy One,"H.No. 594, Joshi Chowk, Tiruchirappalli-538015",13-09-2025
4451,Chennai,Anna Nagar,Delight South Indian Grill,"South Indian, Chinese, Mughlai, Fast Food",869,4.1,844,942,818598,42,15,Regular Delivery,"89/984, Sunder Marg, Rampur-759918",14-02-2026
4452,Delhi,Rohini,Spice Healthy Food World,Burgers,1141,3.2,8785,2781,3173121,52,10,Swiggy Genie,"29/68, Varghese Marg, Bhiwani-694015",20-04-2026
4453,Bangalore,Indiranagar,Food Italian World,"Fast Food, Biryani",244,3.5,9296,2975,725900,51,15,Swiggy Genie,"17, Arya Marg, Sirsa 459357",29-06-2025
4454,Delhi,Karol Bagh,Cafe Italian Grill,Pizza,332,4.5,2400,2116,702512,43,20,Swiggy Genie,"H.No. 999, Wali Zila, Naihati 479989",24-03-2026
4455,Chennai,OMR,Royal Andhra Corner,"North Indian, Pizza, Mughlai",1115,3.4,2296,998,1112770,26,15,Swiggy Genie,"H.No. 154, Wason Nagar, Narasaraopet-692325",06-03-2026
4456,Chennai,T Nagar,Biryani North Indian Corner,"Arabian, Seafood, Ice Cream",731,4.4,11488,657,480267,24,0,Swiggy One,"709, Goda Marg, Madhyamgram-735484",22-09-2025
4457,Delhi,Connaught Place,Royal Desserts World,Healthy Food,1112,4.2,13910,1976,2197312,67,50,Swiggy Genie,"167, Toor Circle, Tiruppur-697718",30-12-2025
4458,Delhi,Karol Bagh,House Mughlai Hub,Arabian,1035,3.2,8134,2600,2691000,31,0,Swiggy Genie,"05, Bahl Marg, Baranagar-616675",18-12-2025
4459,Hyderabad,Gachibowli,Spice Biryani Corner,"North Indian, Pizza, Italian",274,3.7,5660,2622,718428,47,20,Swiggy Genie,"56, Kakar Chowk, Surat 129797",28-02-2026
4460,Mumbai,Andheri,Spice Chinese Corner,"Seafood, Burgers, Andhra",152,3.3,1408,4472,679744,30,40,Swiggy One,"28, Bahl Circle, Chittoor 351943",10-10-2025
4461,Mumbai,Dadar,Delight Fast Food Treats,"Bakery, Fast Food, Pizza, Italian",615,3.2,2519,4363,2683245,22,25,Regular Delivery,"75/716, Kota Road, Begusarai-573988",13-11-2025
4462,Bangalore,Whitefield,Delight North Indian Zone,"Fast Food, South Indian, Arabian",1086,4.8,13367,2572,2793192,22,10,Swiggy One,"04/556, Batra Road, Latur 275791",06-12-2025
4463,Bangalore,Jayanagar,Urban Healthy Food Junction,"South Indian, Mughlai, Seafood, Bakery",385,3.4,6438,810,311850,49,20,Swiggy One,"29, Sethi Chowk, Ghaziabad-503852",22-03-2026
4464,Mumbai,Powai,Spice Burgers Junction,"Seafood, Mughlai",409,4.4,10411,4759,1946431,32,40,Swiggy One,"66/236, Gole Road, Amaravati 080176",25-12-2025
4465,Chennai,Adyar,Urban Ice Cream Grill,"Fast Food, Chinese, Biryani, Desserts",457,4.1,10687,1968,899376,25,20,Swiggy Genie,"H.No. 33, Kulkarni Zila, Nagpur 640878",30-01-2026
4466,Chennai,Anna Nagar,Delight Arabian Treats,"Chinese, Ice Cream, Fast Food, Seafood",161,3.6,9691,3748,603428,72,15,Swiggy One,"H.No. 03, Sen, Amravati-036578",08-07-2025
4467,Chennai,Anna Nagar,House Burgers Treats,"Andhra, Arabian, Burgers",290,4.7,14549,1715,497350,47,10,Swiggy One,"H.No. 641, Shukla Nagar, Avadi 485845",28-06-2025
4468,Hyderabad,Hitech City,Biryani South Indian Corner,Pizza,775,4.6,2822,2293,1777075,25,50,Swiggy One,"H.No. 09, Bassi Circle, Sri Ganganagar-217862",27-06-2025
4469,Mumbai,Andheri,Urban Ice Cream Point,"Arabian, North Indian, Pizza",711,3.1,11146,3153,2241783,46,30,Swiggy Genie,"H.No. 265, Khare, Kharagpur-209144",20-10-2025
4470,Mumbai,Andheri,Tandoori North Indian Hub,"South Indian, Pizza, Fast Food, Italian",1018,3.1,7636,163,165934,45,40,Swiggy One,"33/75, Roy Marg, Kalyan-Dombivli-263108",22-03-2026
4471,Hyderabad,Madhapur,Express Fast Food World,"Healthy Food, Mughlai",701,3.8,6273,4118,2886718,70,20,Swiggy One,"42/325, Bhagat Street, Jaipur 160588",02-02-2026
4472,Mumbai,Bandra,Urban Healthy Food Zone,"Burgers, Italian, Pizza",758,4.4,1231,3456,2619648,31,50,Swiggy Genie,"554, Din Path, Surendranagar Dudhrej-455454",13-01-2026
4473,Hyderabad,Hitech City,Urban Ice Cream Grill,"Andhra, South Indian",1065,3.7,9343,4217,4491105,58,25,Swiggy Genie,"01, Agrawal Marg, Chapra-042229",01-07-2025
4474,Delhi,Karol Bagh,Cafe Biryani Corner,Andhra,1058,3.5,1528,2490,2634420,66,0,Swiggy Genie,"H.No. 180, Sen, Ludhiana-114185",28-09-2025
4475,Delhi,Dwarka,Express Mughlai Zone,"Fast Food, Chinese, Burgers, Mughlai",665,3.9,544,2340,1556100,44,15,Swiggy One,"74/03, Dave Nagar, Jamalpur 758826",06-02-2026
4476,Bangalore,Whitefield,House Andhra Factory,"Mughlai, Arabian, Biryani",262,4.8,469,988,258856,41,25,Swiggy One,"62/02, Mangat Ganj, Deoghar 263149",03-08-2025
4477,Hyderabad,Hitech City,Express Andhra Palace,Healthy Food,1071,4.4,177,4841,5184711,27,40,Swiggy One,"451, Ramanathan Street, Varanasi 839548",01-04-2026
4478,Hyderabad,Madhapur,Food Pizza World,"Desserts, Biryani",182,3.6,12637,1787,325234,35,10,Swiggy One,"26, Dugar Nagar, Bhind-557819",05-06-2025
4479,Delhi,Rohini,Tandoori Seafood Palace,"Mughlai, Bakery, Chinese",582,3.6,1161,2631,1531242,30,0,Swiggy One,"720, Sani Circle, Raiganj-385731",04-04-2026
4480,Delhi,Rohini,Delight Bakery Corner,"Desserts, Bakery, Ice Cream, Burgers",714,4.5,836,548,391272,41,0,Swiggy One,"46/73, Tara Street, Parbhani 213526",30-05-2025
4481,Chennai,Anna Nagar,House Mughlai Treats,Mughlai,145,3.6,8463,4739,687155,22,30,Swiggy Genie,"26/682, Krishnan, Hyderabad 359058",23-01-2026
4482,Chennai,Velachery,Express Desserts Corner,Seafood,437,4.8,13592,1460,638020,51,0,Swiggy Genie,"74, Koshy Chowk, Delhi-769175",16-03-2026
4483,Bangalore,Whitefield,Urban Burgers Zone,"Mughlai, Seafood, Andhra, North Indian",311,3.3,8338,2946,916206,58,40,Swiggy One,"50, Basu Zila, Jamalpur 021114",29-04-2026
4484,Delhi,Connaught Place,House Fast Food Treats,"Biryani, Mughlai, Burgers, Pizza",297,4.4,1179,4648,1380456,40,20,Swiggy Genie,"H.No. 48, Kapoor Street, Durgapur 856250",05-04-2026
4485,Hyderabad,Banjara Hills,Street Italian Palace,"Arabian, Pizza, Healthy Food, Biryani",588,2.9,4874,3604,2119152,61,15,Swiggy One,"44, Banerjee Zila, Imphal-319302",17-06-2025
4486,Delhi,Karol Bagh,Royal Biryani Factory,"Mughlai, Fast Food, Bakery",837,3.6,10620,107,89559,24,40,Regular Delivery,"H.No. 23, Shenoy Chowk, Chapra-712346",04-04-2026
4487,Mumbai,Powai,Kitchen Healthy Food Treats,Bakery,975,2.9,12714,3938,3839550,66,10,Regular Delivery,"35, Sarin Chowk, Nashik-367936",26-01-2026
4488,Hyderabad,Hitech City,Cafe Healthy Food Junction,"Biryani, Andhra, Italian, Pizza",154,3.8,8917,1304,200816,66,0,Swiggy One,"04/915, Bansal Street, Singrauli 207325",26-06-2025
4489,Delhi,Dwarka,Spice Biryani Grill,"Healthy Food, Biryani",995,4.1,14277,3318,3301410,57,25,Swiggy One,"52/780, Saxena Ganj, Dibrugarh 293824",14-10-2025
4490,Hyderabad,Madhapur,Food Seafood Zone,"Arabian, Andhra, Burgers, Seafood",665,3.2,9110,2564,1705060,47,25,Swiggy Genie,"H.No. 435, Johal Ganj, Jehanabad 605313",04-08-2025
4491,Delhi,Connaught Place,Biryani Italian Grill,"Ice Cream, South Indian, Andhra, Pizza",844,4.9,12116,1693,1428892,71,50,Regular Delivery,"74/933, Babu, Nellore-794382",01-12-2025
4492,Bangalore,Koramangala,House Pizza Zone,"Italian, Arabian, Healthy Food, Desserts",284,3.5,7003,254,72136,25,20,Swiggy Genie,"83/611, Batra Marg, Nangloi Jat-677327",17-08-2025
4493,Hyderabad,Gachibowli,Food Arabian Grill,"Mughlai, Biryani, Arabian, South Indian",1142,3.2,12685,3301,3769742,72,50,Regular Delivery,"H.No. 69, Chadha Circle, Chandigarh 991917",18-03-2026
4494,Mumbai,Dadar,Kitchen Biryani Zone,"Andhra, Pizza, Healthy Food",284,4.2,7952,2260,641840,42,20,Swiggy Genie,"28, Goda Street, Karaikudi 937075",22-07-2025
4495,Delhi,Dwarka,House Bakery Point,Italian,298,4.5,5228,2399,714902,46,20,Swiggy One,"96/83, Varty Ganj, Bokaro 573901",13-03-2026
4496,Bangalore,Whitefield,Royal South Indian Grill,Pizza,327,4.7,13377,3629,1186683,70,15,Regular Delivery,"50/051, Dara Circle, Jhansi-085412",29-10-2025
4497,Mumbai,Lower Parel,Kitchen Desserts Junction,"Healthy Food, Chinese, Mughlai, Andhra",478,4.5,2962,4111,1965058,44,20,Swiggy Genie,"H.No. 884, Bandi Zila, Anand 989179",01-01-2026
4498,Bangalore,Jayanagar,Delight Chinese Corner,"Burgers, Pizza, Biryani, Fast Food",214,2.9,7795,1373,293822,55,50,Swiggy One,"017, Banik Zila, Pali-717446",27-01-2026
4499,Mumbai,Andheri,House Arabian World,"Andhra, Arabian, South Indian",150,3,10186,4888,733200,72,20,Regular Delivery,"H.No. 23, Andra Nagar, Pali 050442",03-01-2026
4500,Chennai,T Nagar,Food Ice Cream Treats,"Chinese, Italian, Mughlai",175,3.8,1811,89,15575,42,0,Swiggy One,"74, Ranganathan, Shimla 145877",28-12-2025
4501,Mumbai,Powai,Tandoori South Indian Hub,"Seafood, Italian",653,3.5,7741,4454,2908462,64,40,Swiggy One,"28/37, Varghese Marg, Tezpur 796431",27-12-2025
4502,Delhi,Saket,Urban South Indian Hub,"Pizza, Andhra",908,4.7,5726,3780,3432240,66,50,Swiggy One,"H.No. 03, Rama Street, Khora -885432",21-05-2026
4503,Bangalore,Koramangala,Royal North Indian Junction,"Pizza, Seafood, North Indian",704,4.8,70,4581,3225024,65,40,Swiggy One,"09/70, Sekhon, Nagaon 672250",23-07-2025
4504,Hyderabad,Madhapur,Food Andhra Zone,"North Indian, Pizza, Andhra, Bakery",1087,4.1,500,4085,4440395,62,10,Regular Delivery,"H.No. 56, Sethi Marg, Bahraich-311337",05-10-2025
4505,Mumbai,Bandra,Food Healthy Food Point,Chinese,420,3.3,4395,4236,1779120,44,30,Swiggy Genie,"388, Sami Path, Dibrugarh 232031",19-04-2026
4506,Mumbai,Powai,Food Andhra Factory,Biryani,328,4.5,6962,1420,465760,71,40,Swiggy Genie,"24/378, Banerjee Chowk, Tirupati-607490",04-07-2025
4507,Hyderabad,Madhapur,Royal Desserts Hub,"Chinese, Seafood, North Indian, Healthy Food",864,2.9,9403,4779,4129056,44,20,Swiggy One,"24, Balasubramanian Marg, Bhusawal-351957",25-08-2025
4508,Mumbai,Lower Parel,Express Chinese Palace,"Arabian, Ice Cream",932,2.8,11062,2210,2059720,68,15,Regular Delivery,"03/30, Shankar Zila, Raiganj-764242",13-01-2026
4509,Mumbai,Powai,Delight Arabian Junction,Italian,756,3.5,13127,3102,2345112,27,50,Swiggy One,"07/77, Varkey Marg, Uluberia-809104",04-05-2026
4510,Mumbai,Dadar,Urban Chinese Junction,Mughlai,468,4.9,3913,3139,1469052,57,15,Swiggy Genie,"63/789, Brahmbhatt Ganj, Jodhpur-107808",10-05-2026
4511,Bangalore,Jayanagar,Tandoori Pizza Point,"Mughlai, South Indian, North Indian, Healthy Food",922,3.5,13239,4636,4274392,52,0,Swiggy One,"H.No. 001, Kade Chowk, Dibrugarh-291662",08-05-2026
4512,Hyderabad,Banjara Hills,House Chinese Point,"South Indian, Andhra, Bakery, Burgers",579,4.6,8818,231,133749,33,0,Swiggy One,"83/714, Amble Street, Howrah-390760",18-06-2025
4513,Chennai,OMR,House Healthy Food Corner,Mughlai,288,4.1,4032,1137,327456,20,25,Swiggy Genie,"55/23, Khalsa Street, Sangli-Miraj & Kupwad-687120",15-07-2025
4514,Bangalore,Jayanagar,Urban Healthy Food Junction,"South Indian, Mughlai, Burgers",347,3,9058,2956,1025732,48,40,Swiggy One,"65/68, Arya Circle, Cuttack-554147",18-01-2026
4515,Mumbai,Bandra,Urban Mughlai Factory,"Ice Cream, South Indian",168,4.3,13915,1102,185136,53,25,Swiggy Genie,"37/809, Acharya Marg, Thrissur-404350",24-03-2026
4516,Bangalore,Jayanagar,Street Burgers Palace,"Burgers, Chinese, Italian",641,4.5,4369,3619,2319779,21,40,Swiggy Genie,"H.No. 136, Batra Circle, Bhind-662913",24-02-2026
4517,Chennai,OMR,Spice Healthy Food Treats,"Pizza, Chinese",688,4.5,6384,4674,3215712,24,20,Swiggy Genie,"H.No. 895, Kata Zila, Amravati-053277",13-10-2025
4518,Chennai,T Nagar,Tandoori Burgers Point,Arabian,354,4.3,2842,3172,1122888,37,30,Regular Delivery,"73, Bal Zila, Cuttack-612437",06-11-2025
4519,Bangalore,Koramangala,Spice South Indian Zone,Burgers,967,3,7453,4391,4246097,52,0,Swiggy One,"H.No. 25, Kashyap Chowk, Bettiah-818709",09-05-2026
4520,Bangalore,Indiranagar,Street Italian Junction,"Desserts, Ice Cream, Bakery",426,4.9,2589,3883,1654158,23,30,Swiggy Genie,"522, Balay Nagar, Amaravati-271904",13-03-2026
4521,Hyderabad,Banjara Hills,Biryani Healthy Food Hub,"Bakery, Arabian, Chinese",1128,4.3,12984,95,107160,50,15,Regular Delivery,"H.No. 75, Devan Marg, Erode 595144",21-06-2025
4522,Chennai,Adyar,Cafe Italian Corner,Chinese,295,4.2,3784,1563,461085,50,0,Regular Delivery,"005, Khanna Road, Bhusawal 508628",05-08-2025
4523,Mumbai,Andheri,Kitchen Burgers World,"Healthy Food, South Indian, Fast Food, Bakery",229,3.1,12020,390,89310,38,10,Swiggy Genie,"H.No. 27, Grover Marg, Eluru 179665",17-10-2025
4524,Mumbai,Bandra,Express Fast Food Hub,North Indian,542,4.6,356,2569,1392398,68,10,Regular Delivery,"95, Mall Path, Warangal-469977",19-06-2025
4525,Hyderabad,Madhapur,Royal Seafood Junction,"Ice Cream, Andhra",305,4.2,11630,1962,598410,53,15,Swiggy Genie,"76, Shanker Street, Solapur-048862",11-02-2026
4526,Mumbai,Bandra,Delight Italian Corner,Desserts,1183,3.8,2992,3859,4565197,53,50,Swiggy Genie,"608, Buch Marg, Aurangabad 611020",04-07-2025
4527,Hyderabad,Madhapur,Express Healthy Food Treats,"Pizza, Andhra, Biryani",1152,4.7,12200,195,224640,57,0,Regular Delivery,"073, Kar Nagar, Kumbakonam-378451",21-01-2026
4528,Mumbai,Dadar,Kitchen South Indian Grill,"Arabian, Chinese, Bakery, Desserts",1067,3.9,6083,2094,2234298,29,30,Regular Delivery,"H.No. 99, Iyengar Ganj, Chapra-643107",21-06-2025
4529,Delhi,Connaught Place,Street Chinese Junction,"Seafood, Andhra",370,4.6,7595,2130,788100,60,25,Regular Delivery,"366, Chakrabarti Road, Ramagundam 856194",20-08-2025
4530,Chennai,Anna Nagar,House Desserts Junction,"Ice Cream, Pizza, Chinese",652,3.3,2920,2794,1821688,43,30,Swiggy Genie,"H.No. 275, Kala Ganj, Dindigul-474275",10-01-2026
4531,Bangalore,Jayanagar,Royal North Indian Zone,"Biryani, Desserts",1047,3.4,5376,2861,2995467,35,10,Regular Delivery,"H.No. 81, Wagle Circle, Erode-127956",15-05-2026
4532,Delhi,Dwarka,Express Italian Corner,"Mughlai, Bakery, North Indian",813,3.3,14208,2788,2266644,51,50,Swiggy Genie,"808, Majumdar Nagar, Kota-599174",05-10-2025
4533,Delhi,Rohini,Food Desserts Factory,Italian,508,3.1,7776,997,506476,53,10,Swiggy Genie,"H.No. 02, Raman Circle, Kulti 909804",15-09-2025
4534,Bangalore,Whitefield,Express Healthy Food Palace,"Biryani, Arabian",703,3.7,12636,3512,2468936,32,10,Regular Delivery,"H.No. 50, Sengupta Circle, Vijayanagaram 707412",14-06-2025
4535,Bangalore,Koramangala,Street Biryani Grill,Mughlai,158,3.8,10409,2875,454250,37,25,Swiggy Genie,"H.No. 44, Gala Chowk, Vadodara-575669",16-05-2026
4536,Delhi,Dwarka,Spice Mughlai Treats,"Burgers, Biryani, Bakery",253,4.6,10155,4002,1012506,20,10,Regular Delivery,"H.No. 446, Gola Path, Katni-968404",30-03-2026
4537,Chennai,OMR,Street Andhra World,"Burgers, Healthy Food, Chinese",364,4.1,1070,4074,1482936,44,25,Swiggy Genie,"867, Som, Bokaro-379357",12-07-2025
4538,Delhi,Connaught Place,House Fast Food Corner,"Bakery, Biryani, Burgers, Ice Cream",679,4.8,5447,1009,685111,62,30,Swiggy Genie,"640, Grover Marg, Hosur-370416",01-06-2025
4539,Hyderabad,Gachibowli,Cafe Bakery Palace,Andhra,522,3.1,3054,4724,2465928,37,40,Swiggy Genie,"H.No. 10, Sur Nagar, Ghaziabad 672907",20-09-2025
4540,Chennai,T Nagar,Delight Healthy Food Zone,Andhra,1177,4.5,10813,4027,4739779,51,50,Swiggy Genie,"03/363, Varghese Street, Hazaribagh-358119",08-05-2026
4541,Bangalore,Koramangala,Royal Ice Cream Corner,"Healthy Food, Andhra",1073,4.6,12130,2671,2865983,44,40,Swiggy One,"H.No. 765, Chopra Marg, Aizawl 997961",23-07-2025
4542,Chennai,T Nagar,Urban Ice Cream Hub,"Fast Food, Mughlai, Arabian",536,4.8,8028,2535,1358760,47,40,Regular Delivery,"72/42, Dani, Mau 479151",27-11-2025
4543,Chennai,T Nagar,Express Arabian Corner,"North Indian, Fast Food, Italian",816,3.3,8491,4846,3954336,32,40,Swiggy Genie,"H.No. 785, Dave Ganj, Vijayanagaram-017711",17-09-2025
4544,Bangalore,Jayanagar,Royal Healthy Food Corner,Chinese,352,4.2,9351,219,77088,54,20,Swiggy Genie,"20/99, Bala Path, Bardhaman-315205",07-06-2025
4545,Bangalore,BTM Layout,Biryani Italian Corner,"Andhra, Seafood, Italian",535,3.9,10978,470,251450,27,40,Swiggy Genie,"11/833, Garg Chowk, Jamalpur 406582",07-10-2025
4546,Delhi,Dwarka,Tandoori Andhra Palace,Biryani,241,4.2,9759,3039,732399,41,0,Regular Delivery,"H.No. 550, Bumb Marg, Raebareli 926496",17-05-2026
4547,Bangalore,Jayanagar,Kitchen Healthy Food Junction,"South Indian, Pizza, Seafood",845,2.9,13279,4890,4132050,27,25,Swiggy One,"64/77, Gaba Ganj, Baranagar 080129",14-01-2026
4548,Chennai,Anna Nagar,Biryani Bakery Treats,"Desserts, Chinese, Italian, Ice Cream",577,4.5,3820,120,69240,47,40,Swiggy Genie,"009, Buch, Gopalpur-653789",01-11-2025
4549,Hyderabad,Kukatpally,House Pizza Point,"Chinese, Desserts",361,4.6,2906,2110,761710,54,10,Swiggy Genie,"516, Handa Road, Kota 467663",30-06-2025
4550,Chennai,Anna Nagar,Kitchen Chinese Grill,Pizza,156,3.5,10553,2252,351312,53,10,Swiggy One,"H.No. 880, Ganesh Ganj, Gurgaon 298313",26-03-2026
4551,Delhi,Dwarka,Food Pizza Junction,Seafood,564,2.9,4237,3389,1911396,49,50,Regular Delivery,"53, Mani Nagar, Kanpur-942840",24-09-2025
4552,Delhi,Karol Bagh,House Mughlai Palace,"Fast Food, Pizza, Mughlai",785,3.9,10052,3380,2653300,40,25,Swiggy Genie,"58/17, Rama Zila, Indore 216675",06-10-2025
4553,Mumbai,Bandra,Spice South Indian Junction,"Desserts, Italian",134,3.4,1673,1321,177014,44,40,Swiggy Genie,"H.No. 080, Deshmukh Path, Morena 439785",26-08-2025
4554,Chennai,Velachery,Spice Biryani Corner,"Desserts, Bakery, Seafood",1197,4.5,13218,177,211869,25,25,Swiggy Genie,"H.No. 159, Sarna Marg, South Dumdum 577114",14-08-2025
4555,Bangalore,BTM Layout,Spice Healthy Food Zone,"Bakery, Chinese",329,3.9,12072,880,289520,62,25,Swiggy One,"H.No. 134, Kannan Path, Guna 528089",28-09-2025
4556,Mumbai,Powai,Spice Healthy Food Hub,"Andhra, Seafood, Biryani, Desserts",653,4.4,3911,1678,1095734,60,50,Swiggy One,"29/647, Zacharia, Avadi-246158",21-08-2025
4557,Chennai,Anna Nagar,Biryani Bakery Palace,"Desserts, Burgers, Biryani",996,4.4,2114,3833,3817668,29,25,Swiggy One,"H.No. 317, Sane Circle, Solapur 330736",13-12-2025
4558,Mumbai,Andheri,Street North Indian Grill,Healthy Food,306,4.2,6285,3139,960534,26,20,Regular Delivery,"31, Mander Circle, Amravati-234363",23-05-2026
4559,Bangalore,Koramangala,Royal Bakery Grill,Arabian,728,2.9,5142,2825,2056600,52,40,Swiggy One,"82/144, Lanka Road, Kulti 157880",07-02-2026
4560,Bangalore,Jayanagar,Street Ice Cream Grill,"Mughlai, Arabian, Burgers",762,4.7,12244,3867,2946654,64,50,Swiggy One,"H.No. 235, Sur Zila, Gangtok-433284",21-08-2025
4561,Chennai,Adyar,Tandoori Arabian Hub,Burgers,212,4.9,12416,1173,248676,64,30,Swiggy Genie,"H.No. 384, Sura Nagar, Nanded 650918",23-08-2025
4562,Delhi,Connaught Place,Biryani North Indian World,"North Indian, Seafood, South Indian",1001,3.1,11817,1478,1479478,71,25,Swiggy Genie,"H.No. 16, Ganguly Circle, Naihati 245042",20-02-2026
4563,Bangalore,Indiranagar,Urban Burgers Hub,Italian,735,3.3,2901,4321,3175935,31,0,Swiggy Genie,"H.No. 126, Devan, Proddatur 552739",07-06-2025
4564,Chennai,Anna Nagar,Express Healthy Food Junction,"Italian, Desserts, Bakery",711,3,11768,1301,925011,35,50,Swiggy Genie,"H.No. 366, Suri Road, Visakhapatnam 621427",10-05-2026
4565,Bangalore,Whitefield,Royal Fast Food Treats,"Seafood, Desserts",260,3.9,7690,4290,1115400,36,50,Regular Delivery,"65/850, Balakrishnan, Kota 683216",23-03-2026
4566,Chennai,Velachery,Biryani Desserts Factory,"Burgers, Healthy Food, Ice Cream",782,4.1,10181,1062,830484,56,30,Swiggy One,"H.No. 36, Das Circle, Bikaner 051758",31-07-2025
4567,Chennai,Anna Nagar,Street Desserts Zone,"Desserts, Fast Food, North Indian",1129,3.1,4750,4508,5089532,35,0,Regular Delivery,"73, Datta Circle, Haridwar 714974",06-03-2026
4568,Chennai,OMR,House Biryani Palace,"South Indian, Fast Food, Andhra, Pizza",734,4.4,5993,4731,3472554,67,0,Regular Delivery,"045, Vora Chowk, Rajpur Sonarpur-475228",07-07-2025
4569,Mumbai,Lower Parel,Kitchen Seafood World,"Desserts, Mughlai",219,3,5874,3586,785334,21,0,Swiggy Genie,"83, Sengupta Street, Ballia 190383",08-10-2025
4570,Delhi,Karol Bagh,Spice Seafood Corner,"Seafood, Pizza, Burgers",916,3.5,7957,3963,3630108,22,25,Swiggy One,"013, Mammen Zila, Thoothukudi-431669",09-04-2026
4571,Delhi,Connaught Place,Biryani South Indian Factory,"Mughlai, Ice Cream, Biryani",320,4.5,3935,327,104640,37,25,Swiggy Genie,"41, Varma Path, Katni 434219",09-07-2025
4572,Mumbai,Powai,House South Indian Point,"Ice Cream, Seafood, Desserts",685,3.2,9708,2048,1402880,41,0,Regular Delivery,"H.No. 85, Sathe Road, Anand 665896",24-04-2026
4573,Hyderabad,Banjara Hills,Tandoori Arabian Hub,"Mughlai, Ice Cream",436,4.6,2068,2913,1270068,21,25,Swiggy One,"09/864, Gole Nagar, Vasai-Virar 319440",29-10-2025
4574,Delhi,Rohini,Food North Indian Treats,Arabian,856,3.2,5069,248,212288,60,20,Regular Delivery,"14/03, Sagar Street, Bidhannagar 343244",26-11-2025
4575,Mumbai,Dadar,Food Mughlai Hub,"Fast Food, Pizza, Arabian, South Indian",885,4.4,8126,4790,4239150,48,20,Swiggy Genie,"21, Kalla Chowk, Nangloi Jat-488173",13-01-2026
4576,Chennai,T Nagar,Urban Desserts Junction,"Arabian, Biryani, Fast Food",285,4.1,10321,684,194940,70,20,Regular Delivery,"H.No. 295, Bora Marg, Nagaon-383863",01-04-2026
4577,Hyderabad,Madhapur,Royal South Indian Junction,Biryani,1121,3.8,11957,355,397955,55,0,Swiggy One,"33/764, Gara Nagar, Kollam 533979",05-06-2025
4578,Mumbai,Lower Parel,Express Italian Hub,Mughlai,972,4.6,7092,1717,1668924,52,25,Swiggy Genie,"H.No. 46, Dua Ganj, Suryapet-322909",20-09-2025
4579,Bangalore,Whitefield,Tandoori Desserts Zone,"South Indian, Arabian, Ice Cream",255,4.2,8084,445,113475,28,25,Swiggy Genie,"46/54, Loke Street, Guwahati 322951",12-04-2026
4580,Chennai,Anna Nagar,Tandoori Ice Cream Treats,"Arabian, Biryani, Healthy Food",1178,4.1,4395,4300,5065400,50,20,Swiggy One,"841, Ahuja Nagar, Junagadh 072519",06-05-2026
4581,Hyderabad,Hitech City,Urban Bakery Zone,"Fast Food, Andhra, Desserts",145,3,5559,3100,449500,69,20,Regular Delivery,"H.No. 22, Sandhu Marg, Madhyamgram 577275",25-02-2026
4582,Chennai,OMR,Tandoori Burgers Junction,"Pizza, Andhra, North Indian, Italian",192,3.1,1879,3189,612288,66,15,Regular Delivery,"798, Kohli Path, Anand-253218",28-06-2025
4583,Delhi,Dwarka,Kitchen Desserts Zone,Biryani,846,3.5,6017,484,409464,43,30,Swiggy One,"91/91, Dugar Street, Ranchi 840458",05-08-2025
4584,Bangalore,Jayanagar,House Mughlai Point,Italian,736,3.1,13015,2503,1842208,46,15,Swiggy One,"H.No. 860, Chaudhuri Chowk, Udaipur-383821",14-07-2025
4585,Hyderabad,Banjara Hills,Street Chinese Point,"Healthy Food, Mughlai, Bakery, North Indian",152,3.9,924,3299,501448,60,15,Swiggy One,"H.No. 20, Choudhary Chowk, Delhi-385176",05-05-2026
4586,Delhi,Connaught Place,Delight Healthy Food Palace,"Seafood, Healthy Food",1197,4,6678,3126,3741822,37,15,Swiggy Genie,"43, Raman Chowk, Pudukkottai 317795",15-05-2026
4587,Mumbai,Powai,Kitchen Chinese Hub,"Chinese, Desserts",862,4.4,7288,3439,2964418,31,30,Swiggy One,"H.No. 81, Yadav Road, Madurai-193399",26-08-2025
4588,Mumbai,Bandra,Street Fast Food Palace,"Healthy Food, Biryani",271,4.1,463,280,75880,68,0,Swiggy Genie,"54, Dhar Ganj, Bhimavaram 766993",29-07-2025
4589,Chennai,Velachery,Urban Italian World,Chinese,889,4.5,6425,3137,2788793,45,15,Regular Delivery,"H.No. 289, Rajagopal Nagar, Amravati-399803",31-05-2025
4590,Delhi,Karol Bagh,Royal Pizza Zone,"Healthy Food, Pizza, Italian, South Indian",756,3.9,2911,1517,1146852,25,50,Swiggy One,"68/348, Kunda Chowk, Farrukhabad 082151",25-09-2025
4591,Chennai,Velachery,Spice Arabian World,Ice Cream,296,3.2,7912,654,193584,27,40,Regular Delivery,"50/93, Viswanathan Path, Morena-152982",14-03-2026
4592,Mumbai,Lower Parel,Food Desserts Zone,"Chinese, Seafood, Healthy Food",379,3.7,9789,2590,981610,39,10,Swiggy One,"47, Rout Road, Bhind 749551",05-10-2025
4593,Chennai,Anna Nagar,Tandoori South Indian Grill,"Desserts, Andhra, Mughlai, Biryani",1187,3.8,3683,2324,2758588,74,15,Swiggy Genie,"19/060, Rege Path, Aligarh-608666",20-05-2026
4594,Delhi,Rohini,Street Italian Junction,"Pizza, Desserts, North Indian",688,3.4,5060,1796,1235648,72,40,Regular Delivery,"39/88, Tandon Marg, Rajpur Sonarpur 990837",27-02-2026
4595,Chennai,Adyar,Food Seafood Grill,"Healthy Food, Pizza, Arabian",368,3.3,1411,3130,1151840,20,10,Swiggy Genie,"H.No. 27, Babu Path, Kurnool 997729",30-04-2026
4596,Hyderabad,Madhapur,Delight Bakery Zone,Bakery,267,3.1,7023,3227,861609,71,40,Swiggy Genie,"H.No. 254, Sidhu Nagar, Alwar 620486",09-06-2025
4597,Delhi,Rohini,Tandoori Bakery Point,"Desserts, Chinese",266,3.3,9645,1494,397404,41,15,Swiggy One,"H.No. 57, Ahuja Ganj, Ongole-353398",18-10-2025
4598,Chennai,OMR,Tandoori Chinese World,"Bakery, Desserts, North Indian",943,3.9,1732,1837,1732291,23,10,Swiggy Genie,"08/12, Mandal Zila, Unnao 052178",14-08-2025
4599,Chennai,Adyar,Tandoori South Indian Zone,Healthy Food,322,3.4,4594,3675,1183350,31,20,Swiggy One,"81, Ahuja, Nagaon-118359",20-06-2025
4600,Mumbai,Powai,Biryani Biryani World,"Ice Cream, Andhra, Mughlai",594,4.4,3224,3409,2024946,20,10,Swiggy One,"H.No. 44, Sant Ganj, Tadepalligudem 795772",30-12-2025
4601,Chennai,OMR,Royal Bakery Grill,"Mughlai, Burgers, Desserts, Ice Cream",270,3.7,14678,2830,764100,70,30,Regular Delivery,"H.No. 586, Balay Chowk, Khammam 484030",20-01-2026
4602,Bangalore,Whitefield,Urban Chinese Junction,"Mughlai, Pizza",1009,2.9,1913,2570,2593130,50,10,Swiggy One,"H.No. 87, Krishna Street, Karawal Nagar 516481",09-05-2026
4603,Hyderabad,Gachibowli,Tandoori Biryani Grill,"Arabian, Burgers",950,4.3,5249,2390,2270500,25,40,Swiggy One,"07/66, Cheema Nagar, Bhilai-638664",10-10-2025
4604,Bangalore,Jayanagar,Street North Indian Hub,Seafood,1182,3.5,3732,2318,2739876,53,0,Swiggy Genie,"52/296, Varghese Zila, Rampur-069577",07-05-2026
4605,Bangalore,Whitefield,Spice Italian Grill,"Biryani, Bakery, Arabian, Andhra",992,3.5,9489,1932,1916544,64,10,Swiggy Genie,"06/253, Joshi Path, Giridih 263313",22-08-2025
4606,Bangalore,Jayanagar,Kitchen Chinese Factory,"North Indian, Andhra, Seafood, Ice Cream",1036,4.7,11421,3539,3666404,57,10,Swiggy One,"32/76, Sarraf Path, Ludhiana-802916",24-07-2025
4607,Bangalore,Whitefield,House Andhra Treats,"Andhra, Desserts, North Indian",1128,4.5,9009,1048,1182144,54,30,Regular Delivery,"33/236, Chand Circle, Morbi 826838",18-10-2025
4608,Mumbai,Lower Parel,Express Bakery Corner,"North Indian, Biryani",1176,3.6,10076,620,729120,39,0,Swiggy One,"H.No. 51, Dora, Ozhukarai-392622",15-06-2025
4609,Chennai,Anna Nagar,Delight Seafood Point,"North Indian, Fast Food, Ice Cream",336,3.9,10552,3197,1074192,25,10,Regular Delivery,"58/92, Mall Road, Ramgarh-126747",29-01-2026
4610,Mumbai,Lower Parel,Express Seafood Point,"Fast Food, Pizza, Ice Cream, North Indian",636,4.1,6665,3789,2409804,75,40,Swiggy One,"41, Sami Marg, Thiruvananthapuram-173741",09-02-2026
4611,Mumbai,Andheri,Tandoori Biryani Junction,"Seafood, Pizza, North Indian, Chinese",708,4.8,11295,3214,2275512,44,20,Regular Delivery,"59, Magar Path, Baranagar-878472",13-08-2025
4612,Delhi,Karol Bagh,House Bakery World,"Biryani, Healthy Food, Andhra, Seafood",164,2.9,6971,2927,480028,55,25,Swiggy Genie,"04, Mann Nagar, Bhimavaram-226727",10-04-2026
4613,Hyderabad,Gachibowli,Express Italian Zone,"South Indian, Chinese, Biryani",507,2.9,8852,3892,1973244,27,25,Swiggy One,"H.No. 415, Sem Path, Ludhiana-767913",09-03-2026
4614,Bangalore,Koramangala,Cafe Burgers Treats,Mughlai,415,4.7,2679,4731,1963365,29,30,Regular Delivery,"56/87, Chander Circle, Sri Ganganagar 314328",08-03-2026
4615,Chennai,Velachery,Cafe Bakery Junction,"Andhra, Chinese, South Indian, North Indian",491,4.3,2170,409,200819,48,15,Swiggy One,"42/95, Dhaliwal Street, Thrissur-551646",30-04-2026
4616,Mumbai,Dadar,House North Indian Factory,"Ice Cream, Italian, Arabian",1139,3.2,321,2731,3110609,35,50,Regular Delivery,"83/755, Cheema Path, Kalyan-Dombivli-781594",08-06-2025
4617,Hyderabad,Banjara Hills,Cafe South Indian Zone,"Bakery, Mughlai, Andhra",1177,3.2,11814,4697,5528369,45,15,Swiggy One,"43/076, Balakrishnan, Anand-275990",31-08-2025
4618,Delhi,Connaught Place,Food Healthy Food Corner,"South Indian, Pizza, Arabian, Bakery",731,3.1,11848,4866,3557046,59,10,Swiggy Genie,"120, Raja, Pondicherry-299898",06-09-2025
4619,Mumbai,Bandra,Kitchen Pizza Hub,"North Indian, Healthy Food, Pizza, Mughlai",461,4.3,8744,1829,843169,54,15,Regular Delivery,"H.No. 35, Ramanathan Road, Bhalswa Jahangir Pur 407740",17-06-2025
4620,Mumbai,Lower Parel,Kitchen South Indian Point,"North Indian, Mughlai, Ice Cream, Desserts",767,4.2,14687,1496,1147432,67,25,Swiggy One,"44, Hans Ganj, Gangtok-110161",05-01-2026
4621,Chennai,Velachery,Urban Fast Food Corner,South Indian,313,2.8,3569,2242,701746,45,50,Swiggy Genie,"36, Dash Zila, Ambattur-233846",31-08-2025
4622,Bangalore,Jayanagar,House Ice Cream Corner,"Seafood, Andhra",1137,2.9,9703,963,1094931,52,20,Regular Delivery,"387, Kalita Ganj, Mangalore 562543",07-01-2026
4623,Delhi,Connaught Place,Street Fast Food Hub,Desserts,1055,3,13533,423,446265,54,20,Swiggy One,"H.No. 226, Randhawa Circle, Narasaraopet 695330",04-05-2026
4624,Chennai,T Nagar,Kitchen Bakery Grill,Pizza,932,3.9,9132,2374,2212568,26,50,Regular Delivery,"73/62, Bhagat Road, Panipat 199364",03-05-2026
4625,Delhi,Karol Bagh,Urban Fast Food Corner,"Italian, Pizza, Ice Cream, Chinese",936,4.8,4211,148,138528,30,30,Swiggy One,"H.No. 393, Dhingra, Gandhidham 919226",17-05-2026
4626,Mumbai,Powai,Cafe Healthy Food Palace,"Chinese, Italian, Bakery, Andhra",404,3.6,13402,517,208868,72,25,Swiggy One,"462, Sharma Circle, Bettiah 929177",09-03-2026
4627,Mumbai,Andheri,Spice Chinese Point,"Ice Cream, Burgers",1006,4.2,13328,2295,2308770,26,15,Regular Delivery,"43/86, Johal Street, Akola 340774",14-10-2025
4628,Bangalore,Jayanagar,Cafe Andhra Hub,Biryani,1054,3.6,12176,4867,5129818,26,0,Swiggy One,"11, Master Chowk, Dehri-628958",02-08-2025
4629,Delhi,Saket,Street Healthy Food Corner,"Burgers, South Indian, Fast Food, Ice Cream",158,3.1,6270,2635,416330,32,10,Swiggy Genie,"H.No. 59, Vala Path, Dibrugarh-610261",19-09-2025
4630,Bangalore,Jayanagar,Tandoori Burgers Grill,"Ice Cream, Pizza",851,4.4,4917,3648,3104448,20,30,Regular Delivery,"H.No. 083, Ravel, Burhanpur 248847",09-09-2025
4631,Mumbai,Powai,Royal Healthy Food Corner,"Mughlai, Bakery",687,4.5,12491,4111,2824257,49,15,Regular Delivery,"43/436, Agate Chowk, Nagercoil-426696",10-05-2026
4632,Hyderabad,Madhapur,Street Mughlai Corner,"South Indian, Fast Food, North Indian, Pizza",155,3.2,4664,3975,616125,38,30,Swiggy Genie,"H.No. 81, Bir Nagar, Kamarhati-829985",04-03-2026
4633,Delhi,Rohini,House Healthy Food Junction,Andhra,696,4.3,14025,2162,1504752,60,10,Swiggy Genie,"98/32, Randhawa Path, Amravati-297430",07-09-2025
4634,Bangalore,BTM Layout,Express Chinese Junction,"North Indian, Desserts, Seafood",1014,4.2,13506,4937,5006118,39,15,Swiggy Genie,"H.No. 49, Bora Ganj, Katni-235449",10-08-2025
4635,Mumbai,Andheri,Delight Arabian Corner,"Desserts, Andhra",1066,3,12283,1251,1333566,34,25,Swiggy One,"H.No. 038, Bhandari, Aligarh 589568",24-06-2025
4636,Mumbai,Andheri,Urban Pizza Corner,"Arabian, Seafood, Italian, Healthy Food",764,4.3,13130,3530,2696920,72,10,Regular Delivery,"H.No. 012, Kadakia Circle, Eluru 072244",09-02-2026
4637,Chennai,Anna Nagar,Express Bakery Corner,Ice Cream,659,3,3688,3059,2015881,60,25,Swiggy One,"311, Dhaliwal Ganj, Muzaffarnagar-810349",20-05-2026
4638,Chennai,Adyar,Express South Indian Point,"Fast Food, Arabian, Desserts, South Indian",405,4.3,781,2054,831870,44,20,Swiggy One,"H.No. 16, Saini Chowk, Pimpri-Chinchwad 631348",19-10-2025
4639,Mumbai,Powai,Food Italian Factory,"Ice Cream, Arabian, Desserts, Burgers",977,3.4,10862,3169,3096113,47,50,Swiggy One,"H.No. 15, Raman Ganj, Siwan-027083",10-04-2026
4640,Mumbai,Powai,Street Biryani Treats,Desserts,690,4.7,3531,1241,856290,30,25,Swiggy Genie,"44/02, Bhatia Street, Navi Mumbai 146086",09-01-2026
4641,Bangalore,Whitefield,Urban Arabian Palace,"Bakery, Biryani, Healthy Food",392,3.1,6588,213,83496,26,0,Swiggy One,"H.No. 66, Sha Circle, Sri Ganganagar-382796",25-04-2026
4642,Delhi,Rohini,Spice South Indian Factory,"Seafood, Arabian",1148,3,10177,3540,4063920,55,20,Swiggy One,"47/634, Dada Path, Tenali 017433",26-05-2025
4643,Bangalore,Koramangala,Royal Desserts World,"South Indian, Burgers, Arabian, Seafood",965,3.5,10198,377,363805,49,0,Swiggy One,"04, Krishnan Ganj, Thanjavur 625519",27-01-2026
4644,Mumbai,Lower Parel,Spice South Indian World,"Ice Cream, South Indian",853,2.9,14824,562,479386,57,30,Regular Delivery,"00/41, Jayaraman Street, Ozhukarai 160962",13-02-2026
4645,Hyderabad,Kukatpally,Food Ice Cream Hub,"Bakery, South Indian, Biryani",377,4.3,10005,1302,490854,39,15,Regular Delivery,"55/256, Kala Street, Mehsana 794205",16-08-2025
4646,Bangalore,Jayanagar,Royal Pizza Point,"Seafood, North Indian, Biryani",857,3.5,9443,4753,4073321,42,30,Swiggy Genie,"H.No. 31, Seshadri Circle, Anand-860750",15-01-2026
4647,Chennai,Anna Nagar,Biryani Fast Food Treats,"Biryani, Fast Food, Italian, Burgers",214,3,1463,82,17548,26,50,Swiggy Genie,"H.No. 657, Shere Zila, Bhimavaram 132519",07-04-2026
4648,Hyderabad,Hitech City,Urban Bakery Junction,Desserts,529,3.6,14409,1072,567088,38,25,Swiggy One,"H.No. 166, Sen Circle, Chandigarh-621254",21-06-2025
4649,Delhi,Saket,Biryani Chinese Palace,Andhra,367,4.6,1680,3425,1256975,75,25,Regular Delivery,"H.No. 90, Wali Nagar, Tirupati-848215",13-01-2026
4650,Mumbai,Bandra,Kitchen North Indian Corner,"Biryani, South Indian, Desserts, Healthy Food",370,3.6,8980,2947,1090390,73,25,Swiggy Genie,"H.No. 237, Jha Zila, Bangalore 564604",03-06-2025
4651,Hyderabad,Kukatpally,Tandoori Chinese Junction,"Mughlai, Italian, Desserts",339,3.1,3374,1592,539688,71,10,Swiggy One,"H.No. 282, Sura, Allahabad-608125",28-03-2026
4652,Hyderabad,Kukatpally,Delight Biryani Junction,"Mughlai, Bakery, Fast Food, Chinese",892,4.8,1332,4933,4400236,41,20,Swiggy One,"H.No. 85, Ratta, Dehradun 127468",22-02-2026
4653,Chennai,Anna Nagar,Food Biryani Corner,"North Indian, South Indian, Andhra, Pizza",139,3.5,9113,2191,304549,37,25,Swiggy One,"05, Shetty Path, Ajmer-376286",16-08-2025
4654,Chennai,Velachery,Spice North Indian World,"Andhra, Italian",726,3.9,3360,3106,2254956,74,20,Swiggy Genie,"34/23, Kade, Shivpuri 392814",11-04-2026
4655,Hyderabad,Gachibowli,Biryani Biryani Zone,"Ice Cream, South Indian, Andhra, Desserts",180,4.2,7395,3246,584280,62,30,Swiggy One,"H.No. 32, Kala Ganj, Chennai-592244",30-08-2025
4656,Delhi,Saket,Cafe Desserts Zone,"Seafood, Pizza, Ice Cream",992,4,14939,802,795584,74,40,Swiggy Genie,"83/957, Kade Ganj, Tezpur-223283",20-06-2025
4657,Hyderabad,Kukatpally,Kitchen Fast Food Hub,"North Indian, Italian, Burgers, Healthy Food",246,3.8,2135,4412,1085352,56,25,Swiggy One,"14/12, Sampath Path, Suryapet 760309",22-10-2025
4658,Mumbai,Bandra,Royal Fast Food Grill,"Andhra, Fast Food, Desserts, Biryani",948,4.4,11352,2103,1993644,53,40,Swiggy Genie,"H.No. 053, Srinivas Chowk, Bharatpur 707010",22-08-2025
4659,Delhi,Rohini,Royal Chinese Corner,"Seafood, Pizza, Desserts, North Indian",291,3.4,13938,1643,478113,65,30,Regular Delivery,"18, Sangha Street, Fatehpur-857256",09-12-2025
4660,Hyderabad,Hitech City,Urban Pizza Zone,"Burgers, Italian, Desserts",1166,3.1,5804,3208,3740528,46,30,Swiggy Genie,"11/941, Gola Path, Hapur 575112",05-05-2026
4661,Chennai,Anna Nagar,Street Italian World,"Italian, Pizza",158,3.6,8945,2043,322794,25,20,Swiggy One,"78, Basu Road, Kota 291385",20-08-2025
4662,Mumbai,Lower Parel,Cafe Arabian Corner,"Pizza, Healthy Food",594,4.7,12740,4555,2705670,22,40,Regular Delivery,"51/35, Hans Street, Uluberia-455284",31-08-2025
4663,Chennai,Velachery,Delight Mughlai Hub,"Desserts, Seafood",922,4.3,14339,4526,4172972,47,20,Regular Delivery,"H.No. 370, Malhotra Street, Narasaraopet-173103",03-04-2026
4664,Hyderabad,Gachibowli,Delight Arabian World,Pizza,1148,4.2,7762,2180,2502640,37,30,Swiggy One,"25/427, Sinha Ganj, Kadapa-287731",18-01-2026
4665,Mumbai,Andheri,House Andhra Zone,"Biryani, Seafood",909,3.6,3047,4308,3915972,50,25,Swiggy Genie,"H.No. 770, Lall Street, Danapur-425244",14-11-2025
4666,Hyderabad,Hitech City,Urban Italian World,"Arabian, Burgers, Pizza, Ice Cream",375,4,11960,1076,403500,42,10,Regular Delivery,"H.No. 442, D’Alia Chowk, Bellary-952642",25-07-2025
4667,Delhi,Karol Bagh,Food Arabian Palace,Desserts,1032,3.8,9527,4523,4667736,26,10,Regular Delivery,"24/81, Sathe Road, Mirzapur 382294",29-04-2026
4668,Chennai,T Nagar,Street Italian Hub,Biryani,482,4.8,1492,983,473806,63,40,Swiggy One,"167, Sidhu Circle, Kishanganj 368098",23-01-2026
4669,Hyderabad,Kukatpally,Street Burgers World,"Ice Cream, Bakery",360,4.1,8357,2247,808920,74,0,Swiggy One,"91/13, Bandi, South Dumdum-623245",19-10-2025
4670,Chennai,OMR,Express Bakery Point,Burgers,450,3,13601,2585,1163250,63,50,Regular Delivery,"44/60, Divan, Darbhanga-167465",15-10-2025
4671,Chennai,Adyar,Cafe Desserts Treats,"Andhra, Mughlai, Bakery",820,3.1,8302,273,223860,33,50,Swiggy One,"34/99, Hora Path, Satara 530279",25-12-2025
4672,Mumbai,Andheri,Kitchen Biryani Corner,"Fast Food, Andhra",862,2.8,12929,989,852518,52,15,Regular Delivery,"67/009, Chhabra, Bhatpara 276996",08-06-2025
4673,Hyderabad,Madhapur,Royal Desserts Grill,"Bakery, Ice Cream",1030,4.9,10194,759,781770,62,30,Regular Delivery,"35, Vig Ganj, Hosur-254954",26-05-2025
4674,Mumbai,Bandra,Spice Bakery Factory,"Bakery, Chinese, Pizza",1157,4,2896,4957,5735249,34,30,Swiggy Genie,"05, Dugar Road, Hajipur 579292",03-04-2026
4675,Delhi,Rohini,Urban Pizza Grill,"Bakery, Chinese, Andhra",1018,3.8,595,4874,4961732,31,30,Regular Delivery,"35, Contractor, Gorakhpur-824672",24-04-2026
4676,Chennai,T Nagar,Urban Burgers Hub,"Seafood, Andhra, Pizza",778,3.4,8274,1536,1195008,66,50,Regular Delivery,"08/45, Ghosh Nagar, Hubli–Dharwad-647855",25-01-2026
4677,Bangalore,Indiranagar,Biryani Desserts World,"Italian, Biryani, Healthy Food, Seafood",178,4.6,7069,1277,227306,67,20,Swiggy Genie,"H.No. 698, Garde Road, Bhubaneswar-066190",19-04-2026
4678,Bangalore,BTM Layout,Royal Bakery Factory,Italian,1096,4.5,3145,1058,1159568,28,30,Swiggy One,"H.No. 200, Shukla Road, Sambhal-704012",24-08-2025
4679,Mumbai,Bandra,Cafe Andhra World,Bakery,672,4.5,12158,4149,2788128,44,20,Swiggy One,"49, Lanka Road, Haldia-680995",07-01-2026
4680,Mumbai,Andheri,Food Mughlai Junction,"North Indian, Biryani",1177,3.7,11612,3241,3814657,23,15,Regular Delivery,"93/67, Dora Circle, Eluru 123942",05-11-2025
4681,Delhi,Dwarka,Biryani Ice Cream Hub,Italian,803,3.3,12582,2799,2247597,24,40,Regular Delivery,"87, Sahni Circle, Junagadh-473200",20-08-2025
4682,Chennai,Velachery,Cafe Biryani World,"Healthy Food, Fast Food",441,3.8,14576,165,72765,46,0,Swiggy Genie,"28, Dugal Street, Durg 841420",11-04-2026
4683,Chennai,Anna Nagar,Express Burgers Zone,Bakery,1043,2.9,3910,3985,4156355,43,10,Swiggy Genie,"60/677, Thakur, Karaikudi 826631",28-01-2026
4684,Delhi,Rohini,Spice North Indian Grill,"Italian, Pizza, Burgers",1096,2.9,4430,492,539232,62,25,Regular Delivery,"36/84, Ganesan Road, Shivpuri-413749",10-12-2025
4685,Mumbai,Andheri,Street Andhra Point,"Seafood, Biryani",318,3.5,13917,1574,500532,41,30,Swiggy One,"H.No. 340, Mann, Dharmavaram 347601",05-07-2025
4686,Bangalore,Indiranagar,Express Chinese Point,"Burgers, North Indian, South Indian, Healthy Food",589,4.7,14693,4950,2915550,52,20,Swiggy One,"182, Malhotra Street, Udaipur-167967",13-04-2026
4687,Hyderabad,Madhapur,House Seafood Point,Andhra,841,4.5,2456,2233,1877953,68,20,Swiggy One,"74/268, Shah Ganj, Barasat 938982",26-03-2026
4688,Bangalore,Jayanagar,Royal Fast Food World,"North Indian, Seafood, Mughlai, Desserts",905,3.6,7710,3226,2919530,20,0,Swiggy Genie,"68, Keer Marg, Hosur 606926",07-03-2026
4689,Mumbai,Andheri,Street North Indian Factory,"South Indian, Bakery, Fast Food",315,3,3803,260,81900,31,25,Regular Delivery,"94/499, Issac Path, Buxar-824747",06-04-2026
4690,Bangalore,Koramangala,Spice Ice Cream Junction,"South Indian, Desserts, Arabian",1177,4.9,14598,2711,3190847,68,20,Swiggy Genie,"467, Kapur Chowk, Madurai 048924",14-06-2025
4691,Bangalore,Whitefield,Street Andhra Point,"Pizza, Andhra",838,4.7,5920,2458,2059804,30,15,Regular Delivery,"H.No. 58, Tailor, Loni 523070",28-02-2026
4692,Bangalore,BTM Layout,Street Biryani Corner,"Ice Cream, South Indian",969,4.3,9328,3110,3013590,28,40,Regular Delivery,"H.No. 931, Venkataraman Zila, Chapra 621656",23-02-2026
4693,Hyderabad,Kukatpally,Express Fast Food Grill,"Healthy Food, Biryani",959,4.5,8998,300,287700,40,40,Regular Delivery,"H.No. 39, Trivedi Zila, Ichalkaranji-703182",30-12-2025
4694,Mumbai,Lower Parel,Express Ice Cream World,"Seafood, Mughlai, Fast Food",225,4.8,14010,3150,708750,33,10,Swiggy One,"737, Apte Street, Secunderabad-508867",11-03-2026
4695,Delhi,Rohini,House Desserts Grill,"Seafood, Arabian, South Indian, Chinese",637,4.6,13463,1863,1186731,71,25,Swiggy Genie,"H.No. 789, Kamdar, Anantapuram-034611",05-08-2025
4696,Mumbai,Lower Parel,Express Ice Cream Palace,"Seafood, Desserts, Andhra",246,4.3,2812,558,137268,71,20,Swiggy One,"H.No. 750, Jaggi, Panipat 459548",04-08-2025
4697,Mumbai,Andheri,House South Indian Corner,"Mughlai, Andhra, Burgers",984,2.8,1279,3721,3661464,24,20,Swiggy One,"59/984, Chopra Circle, Ramgarh-581736",27-12-2025
4698,Delhi,Connaught Place,Express Biryani Junction,Chinese,1088,3.9,1893,2413,2625344,27,0,Swiggy One,"743, Sen Circle, Jalna-213452",17-11-2025
4699,Bangalore,Jayanagar,Street Ice Cream Factory,"Ice Cream, Bakery, Mughlai",591,4.4,13862,2939,1736949,63,15,Swiggy One,"32/313, Iyer Chowk, Jaipur 655024",18-12-2025
4700,Mumbai,Bandra,Delight Seafood Point,Chinese,297,2.8,4515,3373,1001781,43,15,Swiggy One,"71/51, Sharma, Durg-047851",23-01-2026
4701,Delhi,Saket,Biryani Bakery Point,Andhra,734,4.5,2878,81,59454,63,0,Swiggy Genie,"97/37, Balan Zila, Bulandshahr 075881",12-05-2026
4702,Delhi,Rohini,Royal Arabian Junction,"Andhra, Pizza, Bakery, Mughlai",1057,4.7,2762,4233,4474281,30,15,Swiggy One,"H.No. 738, Baria Ganj, Bettiah-038231",17-04-2026
4703,Chennai,Adyar,Street Desserts Factory,"Chinese, Andhra",708,3.9,1227,4112,2911296,66,0,Swiggy Genie,"40/069, Johal Nagar, Karnal 197412",21-11-2025
4704,Hyderabad,Banjara Hills,Cafe South Indian Junction,"Chinese, Arabian, Seafood, Italian",1036,4.8,7444,877,908572,35,10,Swiggy Genie,"23/976, Salvi Path, Mathura 357235",11-08-2025
4705,Hyderabad,Kukatpally,Biryani Desserts Junction,"Italian, Seafood",796,4.8,5189,637,507052,27,30,Regular Delivery,"89, Tandon Chowk, Thiruvananthapuram 516828",06-04-2026
4706,Chennai,OMR,Kitchen Ice Cream Treats,"South Indian, Seafood, North Indian",1088,3.1,9677,932,1014016,49,10,Regular Delivery,"74/56, Maharaj Ganj, Gangtok 275466",30-08-2025
4707,Delhi,Saket,Kitchen Mughlai Hub,South Indian,783,4.2,12612,2686,2103138,56,30,Regular Delivery,"46/551, Gulati Path, Surat 047198",28-07-2025
4708,Mumbai,Andheri,Cafe Italian World,"Pizza, Burgers, Biryani",952,4,6709,1152,1096704,50,20,Swiggy One,"13, Hegde Street, Anand 920052",21-06-2025
4709,Chennai,OMR,Spice Burgers Zone,"Mughlai, North Indian, Andhra, Desserts",1081,3.3,12379,1120,1210720,70,50,Swiggy Genie,"H.No. 604, Sur, Rajkot-488819",29-03-2026
4710,Delhi,Connaught Place,Royal Mughlai Treats,"Italian, South Indian, Chinese",488,4.1,11061,3992,1948096,44,15,Swiggy Genie,"H.No. 73, Gole Zila, Maheshtala 813482",01-01-2026
4711,Chennai,Velachery,Urban Mughlai Zone,Ice Cream,784,4.4,4821,104,81536,38,40,Regular Delivery,"H.No. 837, Bhasin Path, Bulandshahr-495365",18-07-2025
4712,Mumbai,Lower Parel,Delight Chinese Junction,"Desserts, Chinese, South Indian",506,4.3,4603,857,433642,39,15,Swiggy One,"23/166, Solanki Chowk, Hajipur-666556",12-04-2026
4713,Delhi,Karol Bagh,Express Bakery Treats,"Arabian, Bakery",635,4.6,12306,2637,1674495,20,25,Swiggy One,"H.No. 508, Vohra Marg, Tirupati-542274",20-03-2026
4714,Hyderabad,Kukatpally,House Arabian Point,Arabian,948,4.8,1552,2437,2310276,47,40,Swiggy Genie,"H.No. 520, Bhavsar Ganj, Dehri 697834",31-05-2025
4715,Mumbai,Andheri,Tandoori Desserts World,South Indian,152,3.3,13748,1104,167808,48,25,Swiggy Genie,"H.No. 454, Krish Ganj, Allahabad-896188",06-11-2025
4716,Hyderabad,Madhapur,Express North Indian Zone,"Mughlai, North Indian, Burgers, Seafood",787,3.7,155,4660,3667420,68,15,Regular Delivery,"06/57, Magar Nagar, Gandhinagar-696773",04-05-2026
4717,Delhi,Connaught Place,Spice Italian Corner,"South Indian, Ice Cream, Italian, Andhra",684,3.1,1066,2004,1370736,50,30,Swiggy Genie,"685, Grewal Nagar, Tirunelveli 949098",26-10-2025
4718,Delhi,Dwarka,Food Mughlai World,"Pizza, Chinese, Fast Food, Arabian",582,3.4,5212,588,342216,75,40,Swiggy Genie,"016, Dutta Ganj, Thane 220425",23-08-2025
4719,Chennai,Anna Nagar,Express Seafood Palace,Bakery,258,4.3,11351,633,163314,44,30,Swiggy One,"40/646, Srinivasan Zila, Surendranagar Dudhrej-104318",28-08-2025
4720,Mumbai,Lower Parel,Kitchen Chinese Grill,"Biryani, Chinese",775,3.1,1569,4284,3320100,50,10,Swiggy One,"H.No. 24, Badal Nagar, Satna 746604",13-09-2025
4721,Mumbai,Andheri,Cafe Healthy Food Corner,"Desserts, Andhra, Bakery, Italian",175,4.9,12694,4514,789950,47,25,Regular Delivery,"15/149, Sem, Bijapur-426059",11-11-2025
4722,Chennai,T Nagar,House Seafood Zone,"Chinese, Biryani, Italian, Healthy Food",307,4.3,11594,2157,662199,46,20,Regular Delivery,"02/17, Kothari Street, Khandwa-071521",11-02-2026
4723,Bangalore,Indiranagar,Street Desserts Treats,South Indian,414,4.9,10566,2808,1162512,45,10,Swiggy Genie,"06/537, Thaker Street, Ranchi-209890",27-06-2025
4724,Delhi,Saket,Express Chinese Zone,Seafood,1143,4.3,2758,2379,2719197,38,0,Swiggy One,"39, Contractor Circle, Barasat-443436",16-01-2026
4725,Mumbai,Andheri,Spice Andhra Point,Chinese,831,4.4,14093,830,689730,24,40,Regular Delivery,"H.No. 280, Dixit Zila, Kirari Suleman Nagar 529382",01-09-2025
4726,Delhi,Saket,Tandoori Andhra Treats,"Andhra, Burgers",351,3.4,333,4613,1619163,62,10,Swiggy Genie,"54, Hari, Motihari 860426",30-07-2025
4727,Delhi,Dwarka,Kitchen Arabian Junction,"South Indian, Biryani, Andhra",908,4.2,2946,2413,2191004,41,10,Swiggy Genie,"88/35, Varma Ganj, Kirari Suleman Nagar-065091",13-11-2025
4728,Mumbai,Andheri,Street Chinese Factory,Pizza,447,2.9,1372,1819,813093,70,20,Regular Delivery,"84/23, Kota Zila, Bidar-431198",07-11-2025
4729,Mumbai,Bandra,House Mughlai Hub,South Indian,601,4.2,13431,3018,1813818,71,50,Swiggy One,"H.No. 397, Yohannan Ganj, Dhule 085872",30-10-2025
4730,Hyderabad,Banjara Hills,Cafe Arabian Point,"Bakery, Fast Food, Healthy Food, Andhra",164,4,14097,1209,198276,39,30,Swiggy Genie,"159, Bora Circle, Bhubaneswar-420089",27-10-2025
4731,Mumbai,Bandra,Tandoori Healthy Food Treats,"Ice Cream, Bakery, North Indian",656,4,11422,2018,1323808,25,20,Swiggy Genie,"H.No. 78, Wagle Nagar, Pallavaram-686841",06-02-2026
4732,Delhi,Rohini,Cafe Pizza Factory,"Seafood, Burgers, Chinese",783,3.4,14237,1106,865998,59,25,Swiggy Genie,"72/96, Singh Ganj, Miryalaguda 370034",12-04-2026
4733,Delhi,Karol Bagh,Royal Desserts Treats,Ice Cream,535,3.1,14484,969,518415,40,40,Swiggy Genie,"063, Khanna Zila, Bidar 479529",13-06-2025
4734,Hyderabad,Gachibowli,Food Biryani Junction,"North Indian, Burgers",340,3,11045,4115,1399100,61,20,Swiggy Genie,"70/35, Dixit Path, Tadepalligudem 574802",17-01-2026
4735,Hyderabad,Banjara Hills,Royal Fast Food Factory,"South Indian, Ice Cream, Chinese, Bakery",480,4.4,2537,707,339360,24,10,Swiggy Genie,"205, Buch Street, Kollam-633069",13-01-2026
4736,Delhi,Rohini,House South Indian Zone,Fast Food,1107,4,3544,462,511434,34,20,Regular Delivery,"81/592, Reddy Chowk, Kozhikode-938903",13-12-2025
4737,Bangalore,Indiranagar,Spice Burgers Hub,Andhra,1164,3.1,9287,4549,5295036,46,10,Swiggy Genie,"412, Ramakrishnan Ganj, Tirunelveli 453530",28-08-2025
4738,Chennai,Velachery,House Andhra Corner,"Seafood, Italian",628,4.7,6099,3048,1914144,52,0,Regular Delivery,"25/467, Chhabra Path, Sasaram-119286",15-07-2025
4739,Delhi,Dwarka,Food Healthy Food Grill,"Andhra, Ice Cream, North Indian, Desserts",225,3.2,4698,2319,521775,46,25,Swiggy Genie,"780, Char Path, South Dumdum 614585",03-12-2025
4740,Hyderabad,Kukatpally,Cafe Burgers World,"Ice Cream, Healthy Food, Pizza, North Indian",179,4.6,9500,3132,560628,22,50,Swiggy One,"79/486, Rege Chowk, Bhind-561248",27-01-2026
4741,Hyderabad,Gachibowli,Kitchen Mughlai Zone,"South Indian, Healthy Food, Pizza",544,4.5,3166,2831,1540064,61,10,Regular Delivery,"42/144, Rana Circle, Solapur 964410",27-03-2026
4742,Mumbai,Powai,Royal Ice Cream Hub,"Andhra, Seafood, Ice Cream, Bakery",624,4.6,8877,2868,1789632,74,25,Swiggy One,"H.No. 60, Varkey Path, Moradabad-611261",17-06-2025
4743,Chennai,Velachery,House Burgers Treats,"Italian, Arabian, Andhra, Biryani",509,3.3,5695,556,283004,63,50,Regular Delivery,"87/10, Brahmbhatt Ganj, Srinagar 354706",23-08-2025
4744,Bangalore,BTM Layout,Food Chinese Palace,"Bakery, Andhra, Arabian, Fast Food",746,4.2,6423,4874,3636004,43,25,Swiggy Genie,"07/70, Chacko Path, Vasai-Virar-475788",20-05-2026
4745,Delhi,Rohini,Kitchen South Indian Treats,"Healthy Food, South Indian, North Indian",358,3,14284,1446,517668,20,15,Regular Delivery,"56/304, Sabharwal Chowk, Pudukkottai 158179",07-01-2026
4746,Hyderabad,Kukatpally,Biryani Bakery Corner,"North Indian, Fast Food, Burgers, Ice Cream",484,4.7,9671,267,129228,70,30,Regular Delivery,"H.No. 58, Luthra Circle, Orai 449184",23-10-2025
4747,Chennai,T Nagar,Cafe Ice Cream Zone,"Andhra, North Indian",1172,4.5,4764,623,730156,54,40,Regular Delivery,"46/539, Sandal Zila, Khora -065740",30-04-2026
4748,Bangalore,Whitefield,Biryani Italian Treats,"Seafood, Desserts, Bakery",1191,4.8,7132,3632,4325712,61,20,Regular Delivery,"96/782, Bora Chowk, Guntakal-572406",26-03-2026
4749,Bangalore,BTM Layout,Tandoori Andhra Factory,"Desserts, Seafood, Mughlai, North Indian",191,3.8,4555,2134,407594,47,50,Swiggy Genie,"H.No. 39, Dugar Nagar, Khora  429397",23-01-2026
4750,Hyderabad,Kukatpally,Spice Seafood Factory,Italian,810,4.5,1855,1772,1435320,64,20,Swiggy Genie,"72, Dhawan, Sikar 440049",10-01-2026
4751,Chennai,Velachery,Cafe Pizza World,Healthy Food,711,4.1,6970,871,619281,64,20,Regular Delivery,"60, Dash Circle, Gulbarga-147107",24-04-2026
4752,Delhi,Karol Bagh,Urban Mughlai Point,"Ice Cream, North Indian",219,3.1,12261,1326,290394,53,30,Swiggy One,"H.No. 913, Tandon Marg, Karawal Nagar 726666",17-05-2026
4753,Hyderabad,Gachibowli,Kitchen Seafood World,"Chinese, North Indian",1090,3.9,9028,1235,1346150,38,40,Swiggy Genie,"H.No. 275, Cheema Marg, Bellary 360260",06-10-2025
4754,Chennai,T Nagar,Cafe Chinese Point,"North Indian, Bakery",1181,3.7,14383,3929,4640149,52,15,Swiggy Genie,"H.No. 981, Chawla Zila, Vijayanagaram 414898",13-04-2026
4755,Mumbai,Bandra,Express Chinese Palace,"South Indian, Healthy Food, Mughlai",1017,4.5,7256,965,981405,66,25,Regular Delivery,"H.No. 13, Kamdar Path, Burhanpur-475005",06-06-2025
4756,Bangalore,Jayanagar,House Bakery Point,"Italian, South Indian",516,4.4,9715,4490,2316840,37,15,Regular Delivery,"21, Chopra, Guna 724794",19-01-2026
4757,Hyderabad,Banjara Hills,Delight Ice Cream Treats,"Desserts, Pizza, Biryani, Mughlai",597,3.6,12072,4482,2675754,26,40,Swiggy Genie,"89, Sehgal Street, Shivpuri 165098",23-10-2025
4758,Chennai,T Nagar,Biryani Italian Point,"Desserts, Andhra, Healthy Food, Pizza",757,4.6,13029,3752,2840264,48,15,Swiggy One,"20/671, Sarraf Path, Tinsukia-980702",05-10-2025
4759,Mumbai,Lower Parel,Cafe North Indian World,"Biryani, Italian",271,3.1,3165,4280,1159880,47,50,Swiggy Genie,"708, Warrior Zila, Dhanbad-776761",03-01-2026
4760,Hyderabad,Madhapur,Urban Desserts World,"Bakery, Pizza, Mughlai",622,4,9742,245,152390,48,50,Swiggy One,"H.No. 501, Loke Path, Vijayawada-353006",16-03-2026
4761,Bangalore,Koramangala,Food Ice Cream Junction,"Andhra, South Indian, Biryani",428,3.3,9282,3344,1431232,68,0,Swiggy Genie,"H.No. 417, Chaudhary, Nangloi Jat-580861",06-09-2025
4762,Hyderabad,Hitech City,Street Arabian Hub,"Italian, Burgers, Mughlai, Healthy Food",151,3.4,1161,4969,750319,71,0,Regular Delivery,"702, Ravel Path, Raiganj 367234",29-07-2025
4763,Mumbai,Lower Parel,Spice Chinese Grill,"Italian, Fast Food, Bakery",951,4.3,10855,4768,4534368,44,50,Swiggy Genie,"H.No. 29, De, Aligarh-437135",18-01-2026
4764,Delhi,Rohini,Express Fast Food Treats,"Healthy Food, Italian",185,4.6,11585,4844,896140,74,50,Regular Delivery,"48, Vasa, Loni 883141",12-05-2026
4765,Delhi,Connaught Place,House Desserts Junction,"Burgers, Andhra, North Indian, Desserts",1185,2.9,265,3388,4014780,26,20,Swiggy Genie,"H.No. 19, Suresh Ganj, Bharatpur 455818",12-06-2025
4766,Chennai,Anna Nagar,Biryani Pizza Treats,"Chinese, Arabian",654,4.4,7943,2713,1774302,38,25,Swiggy One,"240, Suresh Ganj, Amritsar 569132",17-04-2026
4767,Hyderabad,Gachibowli,Biryani Arabian Treats,"Seafood, North Indian",1074,4.3,14213,4182,4491468,53,25,Regular Delivery,"H.No. 92, Dugar Street, Anantapur 152027",11-10-2025
4768,Bangalore,Koramangala,Urban North Indian Hub,"Ice Cream, Desserts, Pizza",381,3.9,9393,1918,730758,67,15,Swiggy One,"70, Sundaram Road, Anantapuram-036108",14-02-2026
4769,Hyderabad,Banjara Hills,Urban Arabian Junction,Arabian,1150,4.2,1035,2094,2408100,70,10,Regular Delivery,"79/124, Deol Street, Sri Ganganagar-933876",09-12-2025
4770,Mumbai,Bandra,Street South Indian Grill,"Burgers, Ice Cream, Italian",945,4.1,6919,1905,1800225,40,50,Regular Delivery,"673, Tank Marg, Secunderabad 113931",11-02-2026
4771,Chennai,Velachery,Urban North Indian World,"Seafood, Andhra, South Indian, Chinese",400,3,14060,2783,1113200,40,0,Swiggy One,"59/39, Borde Path, Munger 541206",21-11-2025
4772,Bangalore,Indiranagar,Kitchen South Indian Junction,"Pizza, Healthy Food",465,4.1,11351,1642,763530,25,20,Swiggy One,"250, Bala Path, Narasaraopet 903906",20-12-2025
4773,Delhi,Connaught Place,Express Arabian Hub,Mughlai,957,3.4,2481,4670,4469190,56,20,Swiggy One,"98/13, Chander Street, Panvel-088261",05-03-2026
4774,Chennai,T Nagar,House Fast Food Corner,Italian,135,2.9,11643,1128,152280,66,15,Swiggy One,"66/248, Bahl Marg, Akola-205416",16-10-2025
4775,Chennai,OMR,Spice Mughlai Point,Desserts,120,3.9,5256,528,63360,62,50,Swiggy One,"H.No. 47, Anand Zila, Rampur-542238",08-01-2026
4776,Bangalore,Jayanagar,Spice Mughlai Palace,"Andhra, Pizza",321,3.6,1837,1568,503328,27,15,Swiggy Genie,"19, Chaudry Nagar, Darbhanga-473478",13-08-2025
4777,Chennai,Anna Nagar,Cafe Bakery Hub,"Burgers, Bakery",279,2.9,4059,1374,383346,31,20,Regular Delivery,"H.No. 845, Lad, Davanagere 756892",08-02-2026
4778,Bangalore,Indiranagar,Express Biryani Palace,"Seafood, Italian",502,3.8,5242,1206,605412,22,15,Swiggy Genie,"00, Sankaran Circle, Fatehpur-703366",25-10-2025
4779,Chennai,OMR,Royal South Indian Point,Mughlai,815,3.3,2375,2772,2259180,25,0,Regular Delivery,"H.No. 22, Sabharwal Zila, Davanagere-621232",11-10-2025
4780,Mumbai,Lower Parel,House Chinese Palace,"Burgers, Andhra, Italian",625,4.1,13823,1080,675000,27,25,Regular Delivery,"83/315, Tata Nagar, Jodhpur-712306",20-02-2026
4781,Delhi,Dwarka,Food Desserts Hub,Healthy Food,337,4,10789,964,324868,67,10,Swiggy One,"H.No. 905, Dhingra Zila, Jodhpur-613727",15-07-2025
4782,Chennai,Velachery,Cafe Italian Hub,Andhra,280,4.2,1847,4666,1306480,20,25,Regular Delivery,"41/341, Jaggi Zila, Kota-076884",03-07-2025
4783,Hyderabad,Madhapur,Urban North Indian Hub,"Ice Cream, Seafood, Burgers, Fast Food",505,4.1,11609,3630,1833150,51,20,Swiggy One,"H.No. 201, Mani Road, Bhavnagar-929960",31-07-2025
4784,Hyderabad,Hitech City,Biryani Pizza Hub,"Italian, Chinese",765,3.6,6800,854,653310,64,50,Swiggy One,"84, Gill Marg, Karawal Nagar-870888",10-10-2025
4785,Mumbai,Andheri,Delight Arabian Palace,"Italian, Andhra",158,3,406,1149,181542,42,50,Swiggy One,"H.No. 582, Sangha Marg, Karaikudi-891785",07-10-2025
4786,Hyderabad,Gachibowli,House Italian Hub,"Arabian, Mughlai",1058,4.2,317,4569,4834002,45,40,Regular Delivery,"77/63, Doshi Marg, Madhyamgram 165291",21-02-2026
4787,Mumbai,Lower Parel,Cafe Pizza Corner,"Biryani, Arabian, Chinese, North Indian",825,3.4,4442,3384,2791800,20,15,Swiggy Genie,"H.No. 65, Sarkar Road, Mango-006272",21-05-2026
4788,Mumbai,Dadar,Royal Seafood Treats,"Seafood, Healthy Food, North Indian",386,3.1,13113,4326,1669836,54,25,Swiggy Genie,"H.No. 06, Brar Circle, Surat-881700",01-03-2026
4789,Delhi,Connaught Place,Cafe Burgers World,"North Indian, Pizza, Burgers, Seafood",253,3.4,7812,3639,920667,22,30,Swiggy One,"85/38, Vasa Path, Jaunpur 699222",04-01-2026
4790,Delhi,Dwarka,Urban Biryani Corner,Healthy Food,939,4,1610,1905,1788795,40,20,Swiggy One,"905, Rastogi Ganj, Giridih 956622",12-09-2025
4791,Chennai,Velachery,Tandoori North Indian Grill,"Arabian, Andhra",403,3.7,7483,1795,723385,52,20,Swiggy Genie,"H.No. 411, Madan Circle, Alwar 329935",05-06-2025
4792,Bangalore,Indiranagar,Cafe Pizza Hub,Seafood,863,3.6,5588,1629,1405827,59,0,Swiggy One,"20/23, Badal Ganj, Karaikudi 568457",07-09-2025
4793,Chennai,Anna Nagar,Cafe Bakery Point,"Bakery, Fast Food, Burgers",1084,4.4,11500,364,394576,35,30,Swiggy One,"62/579, Wali, Panihati-594666",23-02-2026
4794,Chennai,T Nagar,Biryani Ice Cream Factory,"North Indian, Arabian",868,3.4,9922,4391,3811388,25,15,Swiggy Genie,"822, Kapoor Chowk, Berhampur-643322",15-08-2025
4795,Bangalore,BTM Layout,Street Pizza Corner,"Arabian, Italian, Healthy Food, Pizza",1171,3.3,10274,4183,4898293,60,30,Swiggy One,"H.No. 70, Srivastava Nagar, Motihari-681816",14-12-2025
4796,Chennai,Velachery,Street Seafood Factory,"Andhra, Bakery, Biryani, North Indian",167,4,13010,3696,617232,75,25,Regular Delivery,"17/448, Toor Marg, Bally 941560",17-08-2025
4797,Mumbai,Powai,Tandoori Burgers Zone,Andhra,250,2.8,11864,2928,732000,41,15,Swiggy Genie,"76, Contractor, Bharatpur-290328",19-09-2025
4798,Hyderabad,Madhapur,Food Burgers Junction,Arabian,335,4.8,7161,3101,1038835,44,30,Swiggy One,"H.No. 24, Bhatt Nagar, Vellore 696350",21-03-2026
4799,Hyderabad,Banjara Hills,House Arabian Junction,"North Indian, Healthy Food",534,3.5,14024,725,387150,75,0,Swiggy One,"H.No. 578, Bhatti, Vasai-Virar 369742",01-12-2025
4800,Mumbai,Powai,House Bakery Factory,Italian,946,4,13965,3274,3097204,25,25,Regular Delivery,"548, Deep Nagar, Nangloi Jat 050075",08-08-2025
4801,Mumbai,Bandra,Tandoori Mughlai Corner,"Pizza, Bakery, Ice Cream",874,4.4,14306,911,796214,49,25,Regular Delivery,"291, Lad Chowk, Parbhani-994019",28-01-2026
4802,Mumbai,Andheri,Biryani Italian Treats,"Bakery, Fast Food, Seafood, Italian",754,2.8,3533,3009,2268786,35,40,Swiggy One,"H.No. 25, Kannan Ganj, Allahabad-265368",29-10-2025
4803,Delhi,Dwarka,Royal Chinese Hub,Italian,985,4,6747,4988,4913180,49,40,Swiggy Genie,"74, Atwal Zila, Secunderabad 829942",22-05-2026
4804,Delhi,Saket,Tandoori Arabian Palace,"Andhra, Italian, Chinese",531,3.7,2870,764,405684,52,30,Swiggy One,"H.No. 10, Ben Road, Rampur-658204",23-12-2025
4805,Mumbai,Bandra,Street Italian World,"Healthy Food, Arabian",713,2.9,12122,2105,1500865,33,20,Swiggy One,"H.No. 337, Reddy Road, Bhatpara-690787",28-09-2025
4806,Bangalore,BTM Layout,Express Andhra World,Healthy Food,904,4.4,789,2396,2165984,43,20,Regular Delivery,"61/418, Rau Nagar, Bhatpara-343374",14-02-2026
4807,Chennai,Anna Nagar,Express Biryani Treats,"Seafood, Italian",862,4.7,10060,3297,2842014,66,0,Swiggy Genie,"91/33, Deo Marg, Jamnagar 178417",05-11-2025
4808,Delhi,Karol Bagh,Food North Indian Zone,"Arabian, Ice Cream, Mughlai, Desserts",879,4.6,14823,3595,3160005,45,25,Swiggy Genie,"H.No. 890, Garde Street, Nanded-953431",20-10-2025
4809,Hyderabad,Banjara Hills,Street Pizza Zone,"Burgers, Italian",1002,3.6,2403,1241,1243482,51,10,Swiggy Genie,"91/036, Ramesh Zila, Saharanpur 316760",25-05-2025
4810,Mumbai,Bandra,Food Italian Junction,"Mughlai, Bakery, Burgers, Fast Food",234,3.6,11195,4082,955188,69,0,Swiggy Genie,"81/733, Sridhar Chowk, Bettiah-150304",04-08-2025
4811,Mumbai,Dadar,Biryani Italian Treats,"Fast Food, Healthy Food",273,4.8,7579,3448,941304,64,40,Swiggy One,"33, Ram Road, Surat 543438",23-09-2025
4812,Mumbai,Andheri,Food Biryani Corner,"Ice Cream, North Indian, Chinese, Andhra",520,3.3,9587,2859,1486680,65,25,Regular Delivery,"65/630, Bhatt Path, Hospet 544061",02-05-2026
4813,Mumbai,Bandra,Kitchen Andhra Palace,"Ice Cream, Arabian, South Indian",496,3.7,4985,291,144336,71,10,Regular Delivery,"H.No. 209, Vig Path, Jodhpur 515715",11-06-2025
4814,Delhi,Karol Bagh,Express North Indian World,"Chinese, Ice Cream, Biryani, Andhra",145,3.3,3965,2953,428185,67,10,Swiggy One,"48/33, Madan, Silchar-490260",21-10-2025
4815,Mumbai,Dadar,Tandoori Desserts Hub,Seafood,792,3,8824,551,436392,32,40,Swiggy One,"19, Anne Marg, Sambhal 377453",15-08-2025
4816,Delhi,Dwarka,Express Bakery Treats,"Arabian, Healthy Food",297,2.9,13852,4524,1343628,32,0,Regular Delivery,"22/81, Apte Circle, Fatehpur 196017",22-12-2025
4817,Mumbai,Powai,Spice Ice Cream Hub,"Fast Food, Ice Cream, Bakery, Seafood",727,4.4,1650,3324,2416548,44,10,Swiggy One,"H.No. 29, Hayre Nagar, Karawal Nagar 695393",15-12-2025
4818,Bangalore,Indiranagar,Tandoori Seafood Palace,Mughlai,1197,3.5,9444,185,221445,46,10,Swiggy One,"49/71, Jha Zila, Saharanpur 345920",03-12-2025
4819,Delhi,Connaught Place,House Healthy Food Palace,Seafood,1190,4.3,7992,518,616420,43,25,Swiggy Genie,"H.No. 819, Viswanathan Chowk, Gaya-356191",14-10-2025
4820,Chennai,OMR,Tandoori Pizza World,"Italian, South Indian",590,3.5,4658,2281,1345790,68,25,Swiggy One,"62, Kohli Road, Bahraich-244638",30-03-2026
4821,Delhi,Rohini,Cafe Italian Junction,Seafood,247,4.8,9740,1163,287261,67,30,Swiggy One,"H.No. 56, Chopra Circle, Sultan Pur Majra-643662",12-06-2025
4822,Bangalore,Koramangala,Urban Arabian Factory,"Italian, Seafood, Ice Cream",942,3.7,7169,3018,2842956,33,0,Swiggy Genie,"766, Dugar Zila, Tiruppur-833806",18-07-2025
4823,Hyderabad,Hitech City,Tandoori Italian Grill,Andhra,1011,3.3,1512,1692,1710612,49,20,Swiggy Genie,"94, Samra Street, Bhopal-284974",23-10-2025
4824,Delhi,Karol Bagh,House Seafood World,"Desserts, Fast Food, Arabian, Mughlai",201,4.3,10416,2777,558177,23,10,Regular Delivery,"H.No. 073, Chacko Nagar, Jammu 114198",15-09-2025
4825,Bangalore,Indiranagar,Food Pizza Grill,"Fast Food, South Indian, Andhra",482,3.2,5321,1093,526826,45,15,Swiggy Genie,"13/77, Golla Ganj, Jehanabad-156997",17-05-2026
4826,Chennai,Velachery,Royal Burgers Hub,"Bakery, Desserts",780,3.8,10158,1875,1462500,28,10,Regular Delivery,"953, Rana, Karimnagar 376108",19-12-2025
4827,Delhi,Dwarka,Express Burgers Zone,Mughlai,1043,4.4,12960,352,367136,62,50,Swiggy Genie,"14, Jha Zila, Coimbatore 349266",23-04-2026
4828,Chennai,T Nagar,Tandoori Biryani Hub,"Arabian, Mughlai, Bakery, Burgers",1083,3.6,9627,3992,4323336,64,0,Swiggy Genie,"28, Raja Road, Guntakal 792314",18-02-2026
4829,Bangalore,Jayanagar,Kitchen Arabian Palace,"South Indian, Ice Cream, Arabian, Fast Food",586,4.2,5340,2355,1380030,71,20,Swiggy One,"H.No. 57, Brar Street, Belgaum 049050",26-12-2025
4830,Mumbai,Andheri,House Andhra Junction,"Biryani, Andhra, Burgers, Seafood",623,3.6,6731,221,137683,63,10,Regular Delivery,"89/71, Buch Path, Mira-Bhayandar 326148",01-04-2026
4831,Bangalore,Indiranagar,Urban Fast Food Hub,"Fast Food, South Indian",586,4.7,8192,4206,2464716,30,40,Swiggy One,"60/12, Guha Chowk, Tumkur 386584",22-12-2025
4832,Mumbai,Bandra,Food South Indian Junction,Chinese,821,2.9,11921,1128,926088,67,25,Swiggy Genie,"261, Bhatt Zila, Etawah 118011",07-01-2026
4833,Mumbai,Bandra,Street Seafood Point,"North Indian, Pizza, Chinese",277,4.2,8658,4870,1348990,66,20,Swiggy Genie,"H.No. 581, Viswanathan Circle, Hyderabad-140402",20-11-2025
4834,Bangalore,BTM Layout,Kitchen Bakery Zone,"Desserts, Seafood, Fast Food",1044,3.3,13199,3247,3389868,67,25,Swiggy One,"30, Ratti Marg, Nagpur 973041",24-12-2025
4835,Mumbai,Dadar,Spice Healthy Food Junction,"Pizza, Arabian, Biryani, North Indian",1086,2.8,14805,4127,4481922,52,50,Swiggy One,"09/692, Setty Nagar, Bhilwara-749110",14-10-2025
4836,Mumbai,Powai,Express Burgers Factory,"Seafood, North Indian",1043,2.9,4402,2933,3059119,67,30,Swiggy One,"H.No. 259, Char, New Delhi 070295",12-06-2025
4837,Hyderabad,Hitech City,Express Healthy Food Palace,"Bakery, Seafood",472,3,9575,4535,2140520,37,20,Swiggy Genie,"64, Dugar Street, Faridabad-130808",03-11-2025
4838,Chennai,T Nagar,Express Desserts Hub,"Ice Cream, Bakery, Healthy Food, Arabian",365,3.9,13648,4468,1630820,47,0,Swiggy Genie,"53/415, Ganesh Street, Warangal-741291",18-08-2025
4839,Mumbai,Powai,Cafe Bakery Treats,"Desserts, Seafood",1044,4.4,6991,316,329904,70,0,Regular Delivery,"05/30, Chaudhary, Katihar 150850",06-07-2025
4840,Chennai,Velachery,Delight Andhra Factory,"South Indian, Arabian, Ice Cream, Biryani",717,4.3,14066,1694,1214598,53,25,Regular Delivery,"H.No. 10, Borah Zila, Tinsukia 126916",26-05-2025
4841,Hyderabad,Hitech City,Tandoori Andhra Junction,Bakery,635,3.7,10380,4138,2627630,25,40,Regular Delivery,"33/003, Kapadia, Bhusawal 763421",07-07-2025
4842,Bangalore,Koramangala,Cafe Arabian Palace,"South Indian, Burgers, Seafood, Andhra",832,4.5,9646,4296,3574272,30,30,Swiggy Genie,"H.No. 359, Kumer Marg, Naihati 648974",23-06-2025
4843,Chennai,OMR,Express North Indian Zone,Arabian,1037,3.3,9418,4230,4386510,31,10,Regular Delivery,"05/923, Magar Nagar, Begusarai-354885",03-07-2025
4844,Hyderabad,Madhapur,Express Healthy Food Treats,Bakery,1186,3.6,9903,3192,3785712,66,25,Swiggy Genie,"H.No. 62, Sane Circle, Tiruppur-679531",17-03-2026
4845,Delhi,Karol Bagh,Biryani Healthy Food Point,Mughlai,652,3,8225,2637,1719324,55,50,Regular Delivery,"418, Mann, Surendranagar Dudhrej 727162",05-03-2026
4846,Bangalore,BTM Layout,Urban Andhra Corner,"Mughlai, Fast Food, Biryani",686,3.7,572,4117,2824262,31,30,Regular Delivery,"H.No. 036, Dara Zila, Bhagalpur-629284",23-12-2025
4847,Mumbai,Powai,Express Mughlai Treats,"Seafood, Desserts",920,3.8,3547,1873,1723160,47,0,Swiggy Genie,"47/47, Bhasin, Karimnagar 861872",19-02-2026
4848,Bangalore,BTM Layout,Express Andhra Point,"Ice Cream, Burgers",853,4.6,7955,2254,1922662,59,25,Regular Delivery,"94, Dani Street, Raebareli-341246",15-09-2025
4849,Bangalore,Jayanagar,Food Fast Food Corner,"Chinese, Arabian, Italian",1104,4.4,2362,4266,4709664,70,0,Swiggy Genie,"H.No. 06, Gera Marg, Etawah-791526",01-10-2025
4850,Hyderabad,Banjara Hills,Biryani Andhra Hub,North Indian,456,3.2,11358,2344,1068864,58,0,Swiggy One,"66/922, Bal, Rajkot 848287",18-03-2026
4851,Hyderabad,Gachibowli,Cafe Healthy Food Factory,"Burgers, Chinese, Pizza, Biryani",320,3,2245,3735,1195200,42,40,Swiggy Genie,"09/74, Tandon Road, Kalyan-Dombivli-191401",14-09-2025
4852,Delhi,Karol Bagh,Street Italian World,Biryani,1073,4.6,6338,2667,2861691,32,10,Regular Delivery,"13/78, Devi Street, New Delhi 398085",15-05-2026
4853,Hyderabad,Hitech City,Urban Italian Zone,Mughlai,927,4.6,1873,4716,4371732,25,10,Swiggy Genie,"70, Sarma Marg, Guna-390408",29-09-2025
4854,Delhi,Saket,Urban Andhra Hub,"Ice Cream, North Indian, Andhra",1170,4.7,3731,2390,2796300,41,50,Regular Delivery,"18/04, Contractor Circle, Jaunpur-748184",16-08-2025
4855,Hyderabad,Kukatpally,Express Seafood Zone,"South Indian, Andhra, Mughlai",714,3.1,73,2136,1525104,39,30,Regular Delivery,"440, Lad Marg, Panihati 500499",09-08-2025
4856,Hyderabad,Hitech City,Biryani Andhra World,"Mughlai, Italian, Desserts, Seafood",766,3.3,8581,4671,3577986,46,40,Regular Delivery,"15, Shanker Circle, Guwahati 575633",03-08-2025
4857,Bangalore,Koramangala,Urban Arabian Point,"Fast Food, Mughlai, Arabian",529,4.4,3372,1620,856980,51,20,Swiggy Genie,"001, Hans Road, Bhilai-680698",03-01-2026
4858,Mumbai,Powai,Delight Arabian Palace,Biryani,706,4,1035,275,194150,69,15,Regular Delivery,"31/05, Khatri Marg, Tirunelveli-858442",25-07-2025
4859,Chennai,Velachery,Royal Pizza Point,"Desserts, Burgers, Arabian, Andhra",766,3.8,10995,2186,1674476,52,40,Regular Delivery,"18, Anand Marg, Ramgarh-209757",21-11-2025
4860,Chennai,OMR,Urban North Indian Factory,"Andhra, South Indian",423,4.2,8414,371,156933,48,0,Swiggy Genie,"49, Sood Street, Jabalpur 094313",02-11-2025
4861,Delhi,Connaught Place,Biryani Pizza Point,"Burgers, Pizza, Fast Food, Mughlai",378,4.6,5829,2147,811566,45,15,Swiggy One,"577, Sodhi Chowk, Nellore 686974",15-03-2026
4862,Hyderabad,Banjara Hills,Cafe South Indian Treats,"Pizza, Andhra, Arabian, Chinese",977,4.7,4316,3525,3443925,43,40,Swiggy One,"H.No. 838, Mand, Secunderabad-566561",24-06-2025
4863,Bangalore,Indiranagar,Spice Bakery Factory,"South Indian, Desserts, North Indian, Healthy Food",1110,4.4,5838,2887,3204570,34,15,Regular Delivery,"044, Kala Marg, Bellary-897188",20-01-2026
4864,Mumbai,Lower Parel,Royal Healthy Food Point,"Fast Food, Desserts, South Indian",837,4.6,11462,955,799335,61,40,Regular Delivery,"035, Ramanathan Road, Mahbubnagar 542215",12-03-2026
4865,Bangalore,Whitefield,Biryani Chinese Factory,Healthy Food,364,3.9,14845,2012,732368,47,15,Regular Delivery,"H.No. 464, Bhatia Road, Salem 661467",08-08-2025
4866,Hyderabad,Banjara Hills,Kitchen Chinese Grill,"South Indian, Ice Cream, Seafood",865,3.8,5697,1528,1321720,74,40,Swiggy Genie,"19/55, Bhattacharyya Path, Bokaro 010608",06-05-2026
4867,Bangalore,BTM Layout,Kitchen Chinese Grill,Ice Cream,716,2.9,10792,4306,3083096,41,40,Swiggy One,"57/50, Bora Street, Kochi 000327",05-10-2025
4868,Delhi,Connaught Place,Kitchen North Indian Zone,Fast Food,973,4.9,14400,3545,3449285,24,25,Swiggy Genie,"H.No. 182, Sathe, Tirunelveli 559384",15-04-2026
4869,Delhi,Connaught Place,Kitchen Arabian Corner,Pizza,564,3.8,8345,3549,2001636,32,50,Swiggy Genie,"63/781, Bora Ganj, Bongaigaon 190277",15-09-2025
4870,Hyderabad,Madhapur,Urban Mughlai Hub,"Healthy Food, North Indian, South Indian",878,4.7,14859,1135,996530,65,15,Swiggy One,"H.No. 638, Kaur Ganj, Pune-454054",12-08-2025
4871,Mumbai,Lower Parel,Urban South Indian Point,"Desserts, Fast Food",595,3.4,14281,4253,2530535,26,25,Swiggy One,"025, Devi Marg, Suryapet 544772",30-10-2025
4872,Mumbai,Bandra,Cafe Mughlai Corner,Pizza,1148,3,9077,1060,1216880,21,20,Regular Delivery,"H.No. 981, Tata Nagar, Gorakhpur 391008",22-11-2025
4873,Mumbai,Lower Parel,Royal Fast Food Factory,"Fast Food, Burgers, Arabian",1153,3.2,7066,2389,2754517,35,50,Swiggy One,"15/124, Dara Chowk, Kadapa-891039",30-03-2026
4874,Delhi,Rohini,House Biryani Grill,"Arabian, Burgers",1186,3.8,1898,1827,2166822,66,20,Regular Delivery,"H.No. 96, Krishnamurthy Zila, Kolhapur 876922",20-10-2025
4875,Bangalore,Whitefield,Urban Burgers Junction,"Fast Food, Mughlai",494,4.3,13854,2588,1278472,49,30,Swiggy Genie,"78, Uppal Circle, Kirari Suleman Nagar 770511",09-05-2026
4876,Hyderabad,Hitech City,Street North Indian Factory,"South Indian, Burgers, Italian, Pizza",728,3.8,5815,2496,1817088,32,15,Swiggy Genie,"15, Atwal Chowk, Surat 048001",11-10-2025
4877,Hyderabad,Banjara Hills,Spice Burgers Palace,Healthy Food,360,3.4,1772,883,317880,20,50,Swiggy One,"99, Goyal, Kharagpur 973731",22-07-2025
4878,Delhi,Dwarka,Tandoori Mughlai Hub,"Healthy Food, Mughlai, Burgers, Bakery",121,3.4,12759,2880,348480,40,25,Swiggy One,"614, Subramanian Circle, Karawal Nagar-834966",22-09-2025
4879,Delhi,Karol Bagh,Biryani Desserts World,"Healthy Food, Andhra",559,3.8,2772,1727,965393,45,30,Swiggy One,"592, Kapadia Chowk, New Delhi 300578",10-03-2026
4880,Hyderabad,Kukatpally,Cafe Biryani Corner,"Ice Cream, Arabian, Desserts",445,3.6,9742,2456,1092920,40,10,Regular Delivery,"693, Shere Path, Berhampore 168524",15-11-2025
4881,Hyderabad,Banjara Hills,Delight Biryani Corner,"South Indian, North Indian",828,4.3,8421,2635,2181780,43,20,Regular Delivery,"07/31, Dutt Chowk, Kurnool-416191",02-12-2025
4882,Bangalore,Indiranagar,Tandoori Healthy Food Hub,"North Indian, Ice Cream, Arabian, Burgers",1011,4.2,625,4127,4172397,24,20,Swiggy One,"H.No. 951, Kaur Street, Gwalior-084542",06-11-2025
4883,Delhi,Rohini,Food Desserts World,"Healthy Food, Ice Cream, Mughlai, Chinese",898,4.1,4357,131,117638,45,10,Swiggy One,"31, Kade Zila, Pune-166892",12-01-2026
4884,Delhi,Rohini,Spice Arabian Palace,"Biryani, Ice Cream",1112,4.1,470,2767,3076904,40,0,Swiggy Genie,"16, Upadhyay Chowk, Orai-286991",11-12-2025
4885,Chennai,OMR,Spice Desserts Factory,"North Indian, Fast Food, Mughlai",979,4.1,2690,3235,3167065,49,0,Swiggy Genie,"H.No. 79, Malhotra Circle, Jalandhar 831010",01-05-2026
4886,Bangalore,Koramangala,Delight Biryani World,South Indian,334,4.8,10209,2084,696056,60,30,Swiggy One,"04/327, Dewan Street, Sambhal 869154",01-08-2025
4887,Hyderabad,Hitech City,Kitchen Ice Cream Hub,Italian,1194,3.5,9510,1818,2170692,48,30,Swiggy Genie,"57, Bassi, Allahabad 145213",17-03-2026
4888,Bangalore,Koramangala,Food Arabian Junction,"Seafood, Bakery, South Indian",619,4.2,9706,4336,2683984,53,15,Regular Delivery,"76, Dave Street, Dehradun 134405",23-01-2026
4889,Hyderabad,Banjara Hills,Street Biryani Zone,"North Indian, Healthy Food, Arabian, Desserts",970,4,2299,2968,2878960,69,50,Swiggy One,"H.No. 01, Atwal Chowk, Panvel 758924",26-03-2026
4890,Bangalore,Jayanagar,Tandoori South Indian World,"Burgers, Seafood, Mughlai, Italian",818,4.3,5735,4579,3745622,73,50,Swiggy One,"H.No. 902, Sura Path, Gandhinagar-181512",09-12-2025
4891,Bangalore,Whitefield,Tandoori North Indian Hub,"Ice Cream, South Indian, Bakery",538,4.8,2738,2474,1331012,21,40,Swiggy One,"H.No. 24, Jha Street, Gangtok-660293",13-12-2025
4892,Hyderabad,Madhapur,Express Desserts Treats,"Andhra, Desserts, Chinese, Arabian",293,4,5050,317,92881,65,10,Swiggy Genie,"142, Sankaran Marg, Thanjavur-949452",28-07-2025
4893,Delhi,Saket,House North Indian Corner,"Fast Food, Bakery, Mughlai, Ice Cream",1012,3.5,9819,4660,4715920,75,15,Swiggy Genie,"65/669, Aggarwal Path, Rajpur Sonarpur 380863",26-12-2025
4894,Hyderabad,Madhapur,Urban Andhra Factory,"Biryani, Seafood, Chinese",1197,3,12889,1510,1807470,48,50,Regular Delivery,"27/746, Sehgal Zila, Serampore-169366",09-02-2026
4895,Hyderabad,Kukatpally,Express Biryani Corner,"Fast Food, Healthy Food, Biryani, Italian",575,2.8,11365,2761,1587575,34,15,Swiggy Genie,"27/97, Bail Ganj, Howrah 190221",02-12-2025
4896,Mumbai,Andheri,House Chinese Zone,Chinese,339,4.7,14825,4013,1360407,35,0,Swiggy Genie,"H.No. 680, Ramaswamy, Avadi 849390",26-08-2025
4897,Delhi,Rohini,House Pizza Corner,Chinese,298,3.1,10298,2948,878504,32,40,Swiggy Genie,"H.No. 81, Jha Path, Anand-945172",25-05-2025
4898,Bangalore,BTM Layout,Kitchen Ice Cream Factory,South Indian,485,4.7,821,499,242015,66,30,Swiggy Genie,"H.No. 008, Dar Marg, Tezpur-602439",08-06-2025
4899,Delhi,Rohini,Delight Italian Point,Chinese,778,3.9,8416,1090,848020,71,30,Swiggy Genie,"H.No. 32, Barman Circle, Anand 330268",04-01-2026
4900,Bangalore,Koramangala,Royal Burgers Corner,Arabian,823,2.9,1292,4206,3461538,27,15,Swiggy One,"01/62, Sarin Zila, Burhanpur 797663",06-05-2026
4901,Chennai,Anna Nagar,Spice Fast Food Grill,"Mughlai, Desserts",232,4,4085,3674,852368,55,0,Regular Delivery,"768, Gade Road, Ludhiana-215880",05-06-2025
4902,Delhi,Connaught Place,Delight Chinese Hub,"Desserts, Healthy Food, South Indian",684,3.6,5014,3204,2191536,27,25,Regular Delivery,"H.No. 273, Dhar Road, Meerut-286693",18-05-2026
4903,Delhi,Rohini,Biryani Andhra Point,Healthy Food,206,4,9151,4499,926794,34,25,Regular Delivery,"24/409, Sagar Ganj, Tiruppur-862200",14-01-2026
4904,Hyderabad,Kukatpally,Kitchen Seafood Junction,Burgers,974,4.4,4984,538,524012,75,50,Swiggy One,"36, Madan Chowk, Sangli-Miraj & Kupwad 986240",12-10-2025
4905,Hyderabad,Gachibowli,Biryani North Indian Grill,"Arabian, Desserts",263,4.7,9071,3534,929442,32,30,Swiggy Genie,"89, Vyas Path, Bhind-489682",21-08-2025
4906,Mumbai,Powai,Express Seafood Zone,Bakery,269,3,6130,3972,1068468,42,50,Swiggy Genie,"67, Chand, Agartala 085801",08-11-2025
4907,Mumbai,Andheri,Food Pizza World,"Italian, Burgers, Desserts, Fast Food",266,2.9,13348,927,246582,65,40,Swiggy Genie,"09/436, Sangha Street, Bharatpur 934101",25-04-2026
4908,Chennai,Velachery,Spice Healthy Food Junction,Desserts,834,3.3,6448,4180,3486120,53,15,Swiggy Genie,"230, Krishnan Path, Noida-632956",18-03-2026
4909,Chennai,OMR,House Mughlai Point,"North Indian, Healthy Food, Bakery, Desserts",998,4.1,1067,2090,2085820,72,30,Swiggy One,"H.No. 22, Zachariah Road, Nagpur-380541",03-06-2025
4910,Mumbai,Powai,Street Biryani Palace,"South Indian, Bakery, Desserts",732,4.7,3932,2379,1741428,68,25,Swiggy One,"81, Sarin Circle, Pali-372541",05-11-2025
4911,Delhi,Saket,Tandoori Bakery Point,"Mughlai, Chinese, Fast Food, Healthy Food",1189,3,13557,1625,1932125,34,20,Swiggy One,"H.No. 368, Chad Nagar, Medininagar 369197",08-09-2025
4912,Delhi,Karol Bagh,Biryani Burgers Grill,Seafood,446,3.8,7766,809,360814,63,50,Swiggy Genie,"80, Bhasin Ganj, Loni-383345",29-11-2025
4913,Chennai,OMR,Spice South Indian Point,"Biryani, Italian, Mughlai, Fast Food",539,3,4023,4188,2257332,72,50,Swiggy One,"H.No. 47, Chowdhury Road, Udaipur-010484",20-05-2026
4914,Bangalore,Jayanagar,House Burgers Grill,"Italian, Seafood, Bakery, Ice Cream",614,2.9,992,3946,2422844,69,50,Swiggy Genie,"H.No. 82, Solanki, Kishanganj-698497",17-06-2025
4915,Chennai,OMR,Spice North Indian Treats,"South Indian, Andhra, Mughlai",502,4.1,475,3424,1718848,57,25,Regular Delivery,"59, Dugal Ganj, Tirupati 945896",01-12-2025
4916,Mumbai,Dadar,Spice Andhra Zone,Seafood,173,4.8,14765,3108,537684,31,30,Regular Delivery,"822, Varkey Road, Rajkot 518293",13-04-2026
4917,Hyderabad,Hitech City,Street North Indian World,"Fast Food, Desserts, Seafood, Ice Cream",142,3.4,1934,1500,213000,57,0,Swiggy One,"61/143, Buch, Bareilly-501519",10-04-2026
4918,Bangalore,Whitefield,Kitchen Pizza Junction,Healthy Food,1140,4,7265,343,391020,68,20,Regular Delivery,"630, Talwar Zila, Saharsa-022168",23-08-2025
4919,Bangalore,Koramangala,Spice Biryani Grill,"Fast Food, Mughlai",448,3.5,13942,2391,1071168,74,40,Swiggy One,"163, Toor Marg, Hyderabad-467394",15-10-2025
4920,Bangalore,Koramangala,Tandoori Chinese Junction,"Seafood, North Indian, Chinese",1041,4.8,12409,2297,2391177,69,25,Swiggy One,"H.No. 556, Virk Circle, Gudivada 549308",11-01-2026
4921,Bangalore,Koramangala,Royal Seafood Hub,"Bakery, North Indian, Biryani, Desserts",141,3.8,9138,4263,601083,52,20,Swiggy Genie,"110, Mani Ganj, Arrah 227386",28-03-2026
4922,Mumbai,Lower Parel,Urban South Indian Corner,"South Indian, Healthy Food",340,4.7,13273,1501,510340,29,40,Swiggy Genie,"377, Din Path, Bettiah 575303",22-05-2026
4923,Mumbai,Dadar,Biryani Italian Point,"Bakery, Healthy Food, Mughlai, Desserts",1155,3.7,9876,1232,1422960,70,50,Swiggy One,"12/270, Borra Circle, Kakinada 413609",22-02-2026
4924,Bangalore,BTM Layout,Express Italian Grill,"Italian, Biryani, Fast Food, Burgers",654,4,2474,1058,691932,74,20,Regular Delivery,"H.No. 389, Sharma Zila, Sambhal 281417",07-01-2026
4925,Chennai,Anna Nagar,House Chinese World,North Indian,1169,3.2,3787,661,772709,41,50,Regular Delivery,"H.No. 978, Chakraborty Nagar, Thane-952045",04-05-2026
4926,Bangalore,Jayanagar,Cafe Biryani World,"Andhra, Fast Food",958,3.6,8360,3892,3728536,25,20,Swiggy One,"482, Gera Chowk, Phusro 591796",12-06-2025
4927,Bangalore,Whitefield,Royal Pizza Factory,Italian,818,4.2,14665,4510,3689180,48,30,Swiggy One,"H.No. 31, Verma Nagar, Kota-795753",12-08-2025
4928,Delhi,Saket,Express Burgers Treats,Healthy Food,664,4.8,12896,2289,1519896,55,20,Regular Delivery,"80/98, Kar Nagar, Berhampore 934171",17-07-2025
4929,Chennai,T Nagar,Urban Seafood Factory,"Ice Cream, North Indian",293,2.9,7532,4081,1195733,48,10,Swiggy One,"24/43, Kurian Nagar, Dehri 138377",02-07-2025
4930,Mumbai,Dadar,Delight North Indian Junction,"Seafood, Desserts",1159,2.9,6998,1403,1626077,68,20,Swiggy Genie,"H.No. 24, Kurian Zila, Kishanganj 178850",12-10-2025
4931,Bangalore,Whitefield,Street Desserts World,"Mughlai, Burgers",126,3,2215,4381,552006,45,15,Regular Delivery,"23/36, Shere Chowk, Tezpur-841431",12-10-2025
4932,Mumbai,Bandra,Kitchen Andhra Point,"Ice Cream, Arabian",568,3.5,8814,3205,1820440,51,50,Swiggy Genie,"H.No. 616, Choudhry, Sultan Pur Majra-538794",01-06-2025
4933,Bangalore,Indiranagar,Cafe Andhra Corner,North Indian,654,3.6,1349,4114,2690556,27,30,Swiggy Genie,"52, Jaggi Chowk, Jaipur 798216",30-03-2026
4934,Delhi,Saket,Royal North Indian Treats,"Seafood, Chinese, Italian, Desserts",652,3.7,13840,3007,1960564,75,40,Swiggy One,"26, Butala Road, Bhusawal-121499",26-12-2025
4935,Chennai,OMR,House Chinese Hub,"South Indian, Pizza, Chinese",560,4.5,4424,1665,932400,57,50,Swiggy One,"H.No. 20, Khanna Marg, Hajipur-931196",05-05-2026
4936,Chennai,T Nagar,Cafe Burgers Palace,"Healthy Food, South Indian, Chinese, Italian",1032,3.7,14660,2713,2799816,39,10,Swiggy One,"81, Varkey Road, Tiruppur-899328",30-04-2026
4937,Mumbai,Bandra,Royal Chinese Junction,Desserts,895,3.9,4010,1462,1308490,71,0,Regular Delivery,"012, Seshadri Marg, Jaipur-222143",14-11-2025
4938,Hyderabad,Hitech City,Urban North Indian World,"Andhra, Desserts, Bakery, Chinese",292,4.4,10586,3077,898484,24,20,Swiggy Genie,"H.No. 95, Bhatia Ganj, Loni 399396",07-09-2025
4939,Hyderabad,Gachibowli,Street Arabian Grill,"Andhra, Ice Cream, Mughlai, Arabian",408,3.8,3418,4022,1640976,47,50,Swiggy One,"19/208, Ahuja Ganj, Jamalpur 108926",01-09-2025
4940,Chennai,Adyar,Biryani Italian Point,"Burgers, Pizza",796,4.8,6039,4504,3585184,37,40,Swiggy One,"H.No. 59, Rajagopal Zila, Rampur-563876",24-07-2025
4941,Mumbai,Bandra,Cafe Burgers Zone,"Mughlai, North Indian, Pizza, South Indian",309,3.8,1858,3235,999615,51,10,Regular Delivery,"H.No. 401, Uppal Chowk, Kavali-200760",12-09-2025
4942,Delhi,Karol Bagh,Express Fast Food Grill,"Arabian, Chinese, Seafood",895,3.2,13671,4118,3685610,31,25,Swiggy Genie,"24/80, Raja, Medininagar 006852",11-08-2025
4943,Bangalore,Koramangala,Cafe Ice Cream World,"Bakery, Burgers",356,3.1,646,802,285512,48,20,Swiggy One,"44/710, Contractor Zila, Suryapet-968432",31-05-2025
4944,Delhi,Connaught Place,Express Burgers Palace,Mughlai,408,3.3,10444,3666,1495728,58,50,Swiggy One,"60/400, Iyer, Katni 944054",12-02-2026
4945,Mumbai,Powai,Delight Desserts Grill,"Pizza, Arabian",327,4,11539,3050,997350,41,0,Regular Delivery,"90/924, Mall Ganj, Sagar 609576",04-03-2026
4946,Delhi,Karol Bagh,Express Burgers Palace,Arabian,974,4.5,11234,626,609724,69,10,Regular Delivery,"36/099, Soman Nagar, Anantapur 446917",14-08-2025
4947,Delhi,Connaught Place,Kitchen South Indian Hub,"Ice Cream, Fast Food",985,3,6972,4502,4434470,58,20,Swiggy One,"72/51, Bal Circle, Chandigarh 979420",10-03-2026
4948,Mumbai,Bandra,Cafe Mughlai Junction,North Indian,1140,4.6,11268,657,748980,48,15,Regular Delivery,"H.No. 456, Kale Road, Warangal-409083",12-07-2025
4949,Chennai,Anna Nagar,Royal Mughlai Junction,"Pizza, Fast Food",748,2.9,4668,4236,3168528,44,25,Swiggy One,"67/624, Divan Ganj, Panvel-348445",17-12-2025
4950,Delhi,Connaught Place,Biryani Burgers Palace,Healthy Food,245,4.3,178,3079,754355,24,50,Swiggy One,"H.No. 923, Wadhwa Circle, Panipat-150167",25-05-2025
4951,Bangalore,Koramangala,Express Biryani Palace,"Seafood, Desserts",311,3.1,7779,700,217700,51,0,Regular Delivery,"32, Kulkarni Path, Muzaffarpur-730668",27-08-2025
4952,Chennai,Velachery,Urban Desserts Grill,"Healthy Food, Arabian",464,4,14932,4194,1946016,29,20,Regular Delivery,"H.No. 276, Karpe Path, Ambarnath-469230",27-07-2025
4953,Bangalore,BTM Layout,Spice South Indian World,"Ice Cream, Italian, Seafood, Mughlai",636,3.3,2399,4475,2846100,44,15,Regular Delivery,"H.No. 093, Bhasin Zila, Jaunpur-731767",27-05-2025
4954,Chennai,Velachery,Kitchen Mughlai Hub,"Desserts, Seafood",556,3.5,7814,2320,1289920,28,25,Swiggy Genie,"14/426, Sha, Ichalkaranji 191644",06-05-2026
4955,Chennai,Adyar,Food Arabian World,"Pizza, Chinese",425,3.9,4103,1876,797300,61,20,Swiggy One,"H.No. 89, Lanka Street, Bhiwani-448284",13-05-2026
4956,Hyderabad,Gachibowli,Tandoori Burgers Corner,"South Indian, Mughlai, Seafood, Andhra",427,4.2,5461,4166,1778882,44,10,Regular Delivery,"H.No. 68, Seth Path, Thane-239255",30-10-2025
4957,Chennai,OMR,Street Chinese World,"Arabian, Seafood",568,2.9,13365,4303,2444104,71,10,Swiggy Genie,"742, Loke Road, Dehradun-866800",12-02-2026
4958,Delhi,Saket,Urban Andhra Junction,"Pizza, Healthy Food, South Indian",849,4.5,8115,1205,1023045,43,15,Regular Delivery,"81/80, Goswami Circle, Unnao 892538",24-07-2025
4959,Delhi,Saket,Delight Desserts Grill,"North Indian, Mughlai",1123,4.4,10172,297,333531,55,0,Regular Delivery,"32, Gupta, Indore-619953",03-02-2026
4960,Hyderabad,Hitech City,Kitchen Bakery Point,"Andhra, Desserts",684,4.8,5679,2407,1646388,37,25,Swiggy One,"H.No. 92, Suri Street, Guntakal-555337",17-10-2025
4961,Chennai,Velachery,Express Fast Food Corner,"Desserts, Healthy Food, Chinese, Fast Food",593,3.2,13174,1741,1032413,36,20,Swiggy One,"H.No. 460, Char Chowk, Ranchi-049691",02-12-2025
4962,Chennai,T Nagar,Royal Desserts Grill,"Desserts, Healthy Food, Ice Cream, Burgers",521,4.9,1300,2782,1449422,26,40,Swiggy Genie,"H.No. 72, Lata Marg, Srinagar-796321",02-01-2026
4963,Bangalore,Indiranagar,Cafe Mughlai World,"Ice Cream, Burgers, Fast Food, Bakery",840,4.6,622,957,803880,42,50,Swiggy One,"596, Sarna Nagar, Tumkur 682471",01-08-2025
4964,Bangalore,Koramangala,Tandoori Desserts Junction,Desserts,869,3.6,12705,2838,2466222,60,30,Swiggy Genie,"348, Dixit Street, Raebareli 461853",09-09-2025
4965,Bangalore,Indiranagar,Spice Desserts Palace,"Arabian, South Indian, Mughlai",290,3,3867,1217,352930,48,20,Swiggy Genie,"H.No. 521, Dutt Marg, Arrah-305821",04-04-2026
4966,Hyderabad,Gachibowli,Kitchen Desserts Zone,Chinese,478,4.6,10383,3330,1591740,47,0,Regular Delivery,"75, Bhargava Chowk, Ghaziabad-205544",23-08-2025
4967,Mumbai,Lower Parel,Kitchen North Indian Grill,"Andhra, Biryani, North Indian, Mughlai",966,4.5,8961,1950,1883700,54,40,Regular Delivery,"90, Grewal Marg, Karimnagar 963185",01-02-2026
4968,Delhi,Rohini,Delight Burgers Grill,"Seafood, Fast Food, Ice Cream, South Indian",799,4,1375,1134,906066,25,0,Regular Delivery,"H.No. 569, Gupta Road, Purnia-167634",23-03-2026
4969,Delhi,Karol Bagh,Spice Desserts Corner,"Fast Food, Burgers",1027,3.6,2155,2454,2520258,59,40,Regular Delivery,"59, Gill Path, Siwan 997883",22-05-2026
4970,Mumbai,Bandra,Royal Desserts Hub,"South Indian, Bakery",931,4.6,12835,1486,1383466,32,20,Swiggy Genie,"H.No. 948, Tailor Ganj, Morbi-471976",28-02-2026
4971,Delhi,Dwarka,House Mughlai Treats,Biryani,753,4.7,12575,2856,2150568,27,10,Swiggy Genie,"60, Swaminathan Marg, Shahjahanpur-617568",22-06-2025
4972,Mumbai,Powai,Delight Pizza Junction,"Andhra, Mughlai, Burgers",970,4.4,9797,3623,3514310,50,15,Regular Delivery,"69/697, Sibal Circle, Pali 333471",24-08-2025
4973,Bangalore,BTM Layout,Street Italian Hub,North Indian,527,3.2,6869,4407,2322489,22,0,Regular Delivery,"20/609, Dada Street, Dharmavaram-326007",03-07-2025
4974,Delhi,Karol Bagh,Cafe Ice Cream Grill,"Chinese, Biryani",1061,3.3,14484,3071,3258331,72,0,Swiggy Genie,"64, Ranganathan Street, Singrauli-221408",14-02-2026
4975,Delhi,Rohini,Urban North Indian Palace,"Biryani, Mughlai",677,3.1,14422,2031,1374987,73,15,Regular Delivery,"92/121, Deo Zila, Bharatpur 455410",25-09-2025
4976,Mumbai,Andheri,House Healthy Food Corner,"South Indian, Mughlai, Healthy Food, North Indian",543,4.3,2858,854,463722,24,15,Swiggy Genie,"929, Sekhon Street, Alappuzha 260906",19-01-2026
4977,Bangalore,Koramangala,Food South Indian Grill,North Indian,1123,4.5,5005,294,330162,56,50,Swiggy One,"H.No. 79, Chowdhury Zila, Patiala 269744",06-07-2025
4978,Hyderabad,Madhapur,Food Desserts Point,"Italian, Andhra, Seafood, Fast Food",187,2.9,5128,708,132396,41,20,Regular Delivery,"966, Aggarwal Path, Bettiah 838234",02-12-2025
4979,Chennai,Velachery,Biryani Desserts Corner,"Fast Food, Healthy Food",1088,3,14610,1543,1678784,75,50,Regular Delivery,"260, Dhar Road, Durgapur-314592",14-01-2026
4980,Chennai,Anna Nagar,Tandoori Pizza World,"Mughlai, Healthy Food, Chinese, Biryani",882,2.9,10898,2205,1944810,37,25,Regular Delivery,"40/11, Dutta Circle, Ambattur-868474",29-07-2025
4981,Hyderabad,Madhapur,Food North Indian Point,"Arabian, Bakery, Healthy Food, Biryani",935,3,11761,3221,3011635,52,50,Swiggy Genie,"46, Walla Zila, Belgaum-461204",16-09-2025
4982,Bangalore,Whitefield,Urban Seafood World,"Italian, Chinese",882,3.9,8744,1788,1577016,35,40,Regular Delivery,"31/532, Saxena Street, Ludhiana 176628",25-04-2026
4983,Bangalore,Whitefield,Tandoori Biryani Hub,Biryani,414,4,13544,1499,620586,48,15,Regular Delivery,"46, Gopal Nagar, Ratlam-903394",02-01-2026
4984,Hyderabad,Gachibowli,Street Pizza Corner,"Andhra, Chinese, Biryani",586,4.5,14936,1261,738946,68,15,Swiggy One,"46/074, Jayaraman Marg, Mangalore 367535",25-07-2025
4985,Chennai,Anna Nagar,Street Ice Cream Corner,Biryani,513,4.7,6001,2844,1458972,44,40,Swiggy One,"H.No. 455, Chatterjee Nagar, Aurangabad 327148",06-03-2026
4986,Mumbai,Dadar,Royal Pizza Factory,Mughlai,374,3.8,3951,1101,411774,39,15,Swiggy Genie,"296, Ray Road, Fatehpur-744070",26-12-2025
4987,Delhi,Karol Bagh,Delight North Indian Junction,"Fast Food, Bakery",325,3.7,6798,3618,1175850,36,40,Regular Delivery,"25/44, Soman, Karnal 178024",23-09-2025
4988,Bangalore,Indiranagar,Biryani Biryani Point,"Healthy Food, Pizza, Bakery, Ice Cream",1032,4.5,6999,1018,1050576,62,40,Swiggy Genie,"H.No. 11, Tella, Bhilai 666140",24-07-2025
4989,Chennai,Adyar,Kitchen Mughlai Treats,"Seafood, Mughlai, Bakery, Arabian",738,4.4,9283,3091,2281158,30,40,Regular Delivery,"H.No. 618, Mand Chowk, Lucknow 751671",11-04-2026
4990,Bangalore,Indiranagar,Kitchen Arabian Treats,"Healthy Food, Andhra",688,4.9,8975,2463,1694544,31,30,Swiggy One,"057, Bassi Path, Mira-Bhayandar-157154",09-10-2025
4991,Mumbai,Dadar,Kitchen Burgers Hub,"Arabian, Pizza",217,3,8084,4271,926807,62,40,Swiggy Genie,"75/760, Baral Path, Noida-693102",08-03-2026
4992,Chennai,Velachery,Kitchen Pizza Palace,Desserts,474,4.6,807,3083,1461342,38,40,Swiggy Genie,"H.No. 22, Jha, Ahmedabad-325576",06-03-2026
4993,Chennai,Velachery,House South Indian Factory,Healthy Food,1093,3.1,13079,4768,5211424,51,50,Regular Delivery,"H.No. 917, Sharaf Chowk, Vellore 161420",15-12-2025
4994,Hyderabad,Madhapur,Cafe South Indian Junction,Pizza,198,3.4,3339,3878,767844,23,50,Regular Delivery,"92/957, Hora Ganj, Kumbakonam 483778",15-05-2026
4995,Bangalore,BTM Layout,Royal Bakery Junction,Pizza,489,3.3,8950,4749,2322261,39,0,Regular Delivery,"H.No. 01, Acharya Nagar, Jamnagar-326693",01-07-2025
4996,Chennai,T Nagar,Food Burgers World,"North Indian, Italian, Mughlai",371,4,882,660,244860,44,20,Regular Delivery,"H.No. 71, Khalsa Road, Bareilly 991840",04-02-2026
4997,Delhi,Karol Bagh,Spice Andhra Treats,"Ice Cream, Bakery, Healthy Food",1041,4.7,6298,1228,1278348,37,40,Regular Delivery,"13/22, Chokshi Path, Kottayam-519192",01-06-2025
4998,Delhi,Connaught Place,Royal Pizza Treats,"Seafood, South Indian, Fast Food, Burgers",773,4.6,4147,4032,3116736,50,20,Swiggy Genie,"70/24, Sengupta Street, Latur-439130",18-08-2025
4999,Chennai,Velachery,Royal Bakery Corner,Arabian,602,4,7234,567,341334,71,50,Swiggy Genie,"H.No. 38, Dixit Zila, Bikaner 751712",07-05-2026
5000,Bangalore,Jayanagar,Spice Andhra Grill,"Ice Cream, Italian, Burgers",540,4.5,10298,2047,1105380,50,40,Regular Delivery,"437, Borde Path, Thoothukudi 674003",31-10-2025
